{
  "task_count": 8448,
  "train": {
    "point_level": {
      "mse": 4806.966796875,
      "rmse": 69.33229064941406,
      "mae": 32.01334762573242,
      "r2": 0.9920006035457358,
      "num_points": 163265
    },
    "task_level": {
      "mean_mse": 4921.173850969764,
      "mean_rmse": 58.384299960749395,
      "mean_mae": 32.4136857741978,
      "mean_r2": 0.9918817113553863,
      "median_r2": 0.9959372424384142
    }
  },
  "val": {
    "point_level": {
      "mse": 6627.04833984375,
      "rmse": 81.40668487548828,
      "mae": 40.01325607299805,
      "r2": 0.9891260346155992,
      "num_points": 54394
    },
    "task_level": {
      "mean_mse": 6789.587248369346,
      "mean_rmse": 68.31743195867448,
      "mean_mae": 40.51338324182187,
      "mean_r2": 0.9888770177234777,
      "median_r2": 0.9942132572752638
    }
  },
  "test": {
    "point_level": {
      "mse": 7156.4658203125,
      "rmse": 84.59589385986328,
      "mae": 40.912200927734375,
      "r2": 0.9877227954879082,
      "num_points": 54394
    },
    "task_level": {
      "mean_mse": 7378.701305277871,
      "mean_rmse": 70.9983233497337,
      "mean_mae": 41.562444933012806,
      "mean_r2": 0.9875371773856717,
      "median_r2": 0.9937353798734261
    }
  },
  "target_task_count": 8448,
  "parameter_dim": 609
}