{
  "csv_path": "C:\\Users\\lzz\\Desktop\\GPD-master\\GPD-master\\Data\\split_by_model\\model_3.csv",
  "domain_summary": {
    "csv_path": "C:\\Users\\lzz\\Desktop\\GPD-master\\GPD-master\\Data\\split_by_model\\model_3.csv",
    "source_retentions": [
      1,
      2,
      3
    ],
    "target_retentions": [
      4,
      5,
      6
    ],
    "min_task_points": 12,
    "source_task_count": 8448,
    "target_task_count": 8448,
    "duplicate_condition_step_rows_averaged": 292780,
    "source_num_points_mean": 22.87405303030303,
    "target_num_points_mean": 23.562973484848484,
    "step_scaler_scope": "source_only",
    "condition_scaler_scope": "all_tasks"
  },
  "source_pretrain_summary": {
    "source_task_count": 8448,
    "parameter_dim": 609,
    "mean_train_mse": 39290.030948311585,
    "mean_train_rmse": 84.88236955381669,
    "mean_train_mae": 48.23788004297195,
    "mean_train_r2": 0.9687949398184227
  },
  "target_transfer_report": {
    "task_count": 8448,
    "train": {
      "point_level": {
        "mse": 14500.546875,
        "rmse": 120.418212890625,
        "mae": 53.15108108520508,
        "r2": 0.9870358955066632,
        "num_points": 119594
      },
      "task_level": {
        "mean_mse": 14736.224732943603,
        "mean_rmse": 92.80417642806292,
        "mean_mae": 53.47744138560357,
        "mean_r2": 0.9869811311949569,
        "median_r2": 0.9951173144510698
      }
    },
    "val": {
      "point_level": {
        "mse": 19317.626953125,
        "rmse": 138.9878692626953,
        "mae": 67.18305206298828,
        "r2": 0.9830053884556657,
        "num_points": 39733
      },
      "task_level": {
        "mean_mse": 19702.424178697453,
        "mean_rmse": 110.45216732634458,
        "mean_mae": 67.9341813095168,
        "mean_r2": 0.9820640101695106,
        "median_r2": 0.9925573897282369
      }
    },
    "test": {
      "point_level": {
        "mse": 20921.0546875,
        "rmse": 144.64112854003906,
        "mae": 67.1281967163086,
        "r2": 0.980672556684435,
        "num_points": 39733
      },
      "task_level": {
        "mean_mse": 21064.086417675244,
        "mean_rmse": 112.17820800095797,
        "mean_mae": 67.47015701804423,
        "mean_r2": 0.9783535241650358,
        "median_r2": 0.9922743458684893
      }
    },
    "target_task_count": 8448,
    "parameter_dim": 609
  },
  "one_group_one_network_check": {
    "group_key": [
      "WL",
      "Retention",
      "PEC"
    ],
    "source_task_count": 8448,
    "target_task_count": 8448,
    "source_parameter_rows": 8448,
    "generated_parameter_rows": 8448,
    "target_finetuned_parameter_rows": 8448,
    "parameter_dim": {
      "source": 609,
      "generated": 609,
      "target_finetuned": 609
    },
    "verified": true
  },
  "artifacts": {
    "source_params": "C:\\Users\\lzz\\Desktop\\GPD-master\\GPD-master\\Pretrain\\artifacts\\curve_transfer_batch\\model_3\\full\\tanh_32x16_e140_g100_r1\\source_params.npy",
    "diffusion_samples": "C:\\Users\\lzz\\Desktop\\GPD-master\\GPD-master\\GPD\\Output\\sampleSeq_RealParams_62301.npy",
    "target_finetuned_params": "C:\\Users\\lzz\\Desktop\\GPD-master\\GPD-master\\Pretrain\\artifacts\\curve_transfer_batch\\model_3\\full\\tanh_32x16_e140_g100_r1\\target_finetuned_params.npy",
    "target_metrics_csv": "C:\\Users\\lzz\\Desktop\\GPD-master\\GPD-master\\Pretrain\\artifacts\\curve_transfer_batch\\model_3\\full\\tanh_32x16_e140_g100_r1\\target_task_metrics.csv",
    "target_report_json": "C:\\Users\\lzz\\Desktop\\GPD-master\\GPD-master\\Pretrain\\artifacts\\curve_transfer_batch\\model_3\\full\\tanh_32x16_e140_g100_r1\\target_transfer_report.json",
    "diffusion_samples_snapshot": "C:\\Users\\lzz\\Desktop\\GPD-master\\GPD-master\\Pretrain\\artifacts\\curve_transfer_batch\\model_3\\full\\tanh_32x16_e140_g100_r1\\sampleSeq_RealParams_62301.npy"
  },
  "meta": {
    "model_index": 3,
    "run_kind": "full",
    "stage_name": "full",
    "candidate_name": "tanh_32x16_e140_g100_r1",
    "artifacts_dir": "C:\\Users\\lzz\\Desktop\\GPD-master\\GPD-master\\Pretrain\\artifacts\\curve_transfer_batch\\model_3\\full\\tanh_32x16_e140_g100_r1",
    "effective_source_task_count": 8448,
    "effective_target_task_count": 8448,
    "frac_test_r2_gt_0_9": 0.9659090909090909,
    "frac_test_r2_lt_0": 0.0005918560606060606,
    "min_test_r2": -1.9800743849412727,
    "p05_test_r2": 0.9200946865809665,
    "point_test_r2": 0.980672556684435,
    "task_mean_test_r2": 0.9783535241650358
  }
}