{
  "task_count": 8448,
  "train": {
    "point_level": {
      "mse": 14500.546875,
      "rmse": 120.418212890625,
      "mae": 53.15108108520508,
      "r2": 0.9870358955066632,
      "num_points": 119594
    },
    "task_level": {
      "mean_mse": 14736.224732943603,
      "mean_rmse": 92.80417642806292,
      "mean_mae": 53.47744138560357,
      "mean_r2": 0.9869811311949569,
      "median_r2": 0.9951173144510698
    }
  },
  "val": {
    "point_level": {
      "mse": 19317.626953125,
      "rmse": 138.9878692626953,
      "mae": 67.18305206298828,
      "r2": 0.9830053884556657,
      "num_points": 39733
    },
    "task_level": {
      "mean_mse": 19702.424178697453,
      "mean_rmse": 110.45216732634458,
      "mean_mae": 67.9341813095168,
      "mean_r2": 0.9820640101695106,
      "median_r2": 0.9925573897282369
    }
  },
  "test": {
    "point_level": {
      "mse": 20921.0546875,
      "rmse": 144.64112854003906,
      "mae": 67.1281967163086,
      "r2": 0.980672556684435,
      "num_points": 39733
    },
    "task_level": {
      "mean_mse": 21064.086417675244,
      "mean_rmse": 112.17820800095797,
      "mean_mae": 67.47015701804423,
      "mean_r2": 0.9783535241650358,
      "median_r2": 0.9922743458684893
    }
  },
  "target_task_count": 8448,
  "parameter_dim": 609
}