model_index,curve_family,label,budget,method,run_kind,task_id,WL,Retention,PEC,test_r2,test_rmse,test_mae,abs_peak_step_error,tail_rmse_pct_peak
3,P2,P2 / M3,5,gaussian,sample,33,1,4,0,0.9991294331692563,31.958342164794157,21.706938614970202,0.0,0.6869977970060905
3,P2,P2 / M3,5,gaussian,sample,34,1,4,1000,0.9961335756473001,68.8241684753963,42.18390200106536,1.0,0.2910247338945706
3,P2,P2 / M3,5,gaussian,sample,107,3,4,8000,0.9957071089768486,64.33084158623456,33.01637665586799,0.0,0.27128523313516667
3,P2,P2 / M3,5,gaussian,sample,117,3,5,7000,0.9964764418668035,56.47816923333339,30.94313702977823,0.0,0.3699687400579711
3,P2,P2 / M3,5,gaussian,sample,166,5,4,1000,0.989061177350356,108.58003675829562,74.00306579019527,0.0,0.10255623935983983
3,P2,P2 / M3,5,gaussian,sample,279,8,5,4000,0.9943470256803548,73.93038163432698,40.7439961975098,0.0,0.19791525218791856
3,P2,P2 / M3,5,gaussian,sample,281,8,5,6000,0.9959857624162299,61.87113149540259,41.5746977220471,0.0,0.19443862819349905
3,P2,P2 / M3,5,gaussian,sample,363,11,4,0,0.9948492964107809,78.80909942001671,51.80535431537868,0.0,0.2595890985232843
3,P2,P2 / M3,5,gaussian,sample,389,11,6,4000,0.9921054048917389,98.43739090879424,52.81273785771967,0.0,0.44568560260278367
3,P2,P2 / M3,5,gaussian,sample,423,12,6,5000,0.9816114459526843,140.30808638172184,73.06113629387794,1.0,0.2385315148572501
3,P2,P2 / M3,5,gaussian,sample,621,18,6,5000,0.9879523373800901,111.98408921300418,59.052062212275175,0.0,0.3827655583130064
3,P2,P2 / M3,5,gaussian,sample,642,19,5,4000,0.9944577469959502,73.71506596433397,40.98266035187313,0.0,0.2511047007680769
3,P2,P2 / M3,5,gaussian,sample,694,21,4,1000,0.9932127173926885,88.27836639400975,57.10289123525936,0.0,0.25304448724395384
3,P2,P2 / M3,5,gaussian,sample,695,21,4,2000,0.9937029023921646,85.34282819014295,59.91821002107483,0.0,0.3297348213945479
3,P2,P2 / M3,5,gaussian,sample,782,23,6,1000,0.9712299054354792,186.00897411652554,124.65032039095611,0.0,0.4419852754147396
3,P2,P2 / M3,5,gaussian,sample,881,26,6,1000,0.9762607989825731,161.15543516465073,94.51399253782851,1.0,0.24488653761400406
3,P2,P2 / M3,5,gaussian,sample,990,30,4,0,0.9930648286512763,90.88172544278682,55.34906484372788,0.0,0.15954723829271017
3,P2,P2 / M3,5,gaussian,sample,997,30,4,7000,0.9877369360016236,114.63436704484806,79.32383104103565,0.0,0.851278531240663
3,P2,P2 / M3,5,gaussian,sample,1035,31,5,1000,0.9966905402471677,61.748658992109334,39.149131604698084,0.0,0.2678696599217284
3,P2,P2 / M3,5,gaussian,sample,1054,31,6,9000,0.991073825236737,92.2416737339726,59.83044613679696,0.0,0.6631153793274883
3,P2,P2 / M3,5,gaussian,sample,1056,32,4,0,0.9959820827829722,70.77945324427297,46.13891535282143,0.0,0.28053292305101074
3,P2,P2 / M3,5,gaussian,sample,1070,32,5,3000,0.9962422793074223,63.021004281445215,37.46659056507669,0.0,0.3190187508968436
3,P2,P2 / M3,5,gaussian,sample,1107,33,5,7000,0.9970498528044567,53.094828993190305,37.52490216258389,0.0,0.5004759102808839
3,P2,P2 / M3,5,gaussian,sample,1168,35,5,2000,0.9944135875357535,77.77835530093847,51.2205707886598,0.0,0.238082567716419
3,P2,P2 / M3,5,gaussian,sample,1224,37,4,3000,0.995946022277368,64.03669887174782,34.23252815200727,0.0,0.19597588809183303
3,P2,P2 / M3,5,gaussian,sample,1273,38,5,8000,0.9946885828675294,71.64255633932844,51.255769066275,0.0,0.3325765068882132
3,P2,P2 / M3,5,gaussian,sample,1296,39,4,9000,0.9903589349610753,101.31797301730334,68.89589849733368,0.0,0.4851619017351778
3,P2,P2 / M3,5,gaussian,sample,1389,42,4,3000,0.9946643200336294,72.2951622875015,45.177497048291244,0.0,0.3469648657807407
3,P2,P2 / M3,5,gaussian,sample,1442,43,6,1000,0.9753661359973379,164.68379534673514,94.2209898701469,0.0,0.3503719778913457
3,P2,P2 / M3,5,gaussian,sample,1467,44,5,4000,0.9916892292427608,93.82650950890806,63.373348089759155,1.0,0.2726954221185085
3,P2,P2 / M3,5,gaussian,sample,1576,47,6,3000,0.9984731865217434,42.438397457343015,33.032519746331715,0.0,0.8107090971975346
3,P2,P2 / M3,5,gaussian,sample,1632,49,5,4000,0.9828384599211559,131.37152989513027,70.60005995133476,1.0,0.353142514985137
3,P2,P2 / M3,5,gaussian,sample,1736,52,5,9000,0.9558092506959504,197.82262687580584,128.63444624486286,0.0,0.2907216432118798
3,P2,P2 / M3,5,gaussian,sample,1867,56,5,8000,0.9882583473434728,99.99870286290998,62.79058161283357,0.0,0.25301109625563695
3,P2,P2 / M3,5,gaussian,sample,2061,62,5,4000,0.9938224225935909,80.26065071246872,46.64363835551215,0.0,0.17253734324623443
3,P2,P2 / M3,5,gaussian,sample,2192,66,5,3000,0.9921481402176032,91.3740610690258,61.039341754307756,0.0,0.23634338260508023
3,P2,P2 / M3,5,gaussian,sample,2237,67,6,4000,0.9865300888130998,122.08820945703526,76.58695616132304,0.0,0.5082928322177822
3,P2,P2 / M3,5,gaussian,sample,2276,68,6,10000,0.9913712025327232,91.11193113251208,48.48599934601058,0.0,1.0087812353533103
3,P2,P2 / M3,5,gaussian,sample,2296,69,5,8000,0.9952744220139469,66.41649892431188,42.55863467945632,0.0,0.5790316709353013
3,P2,P2 / M3,5,gaussian,sample,2319,70,4,9000,0.9908153771712176,98.94259651213218,67.39735606102614,0.0,0.5583743577653891
3,P2,P2 / M3,5,gaussian,sample,2345,71,4,2000,0.9869500717500456,124.60094977374612,77.31858082453797,1.0,0.30898004988644584
3,P2,P2 / M3,5,gaussian,sample,2388,72,5,1000,0.9882311885762682,112.54421738393945,65.76830403274937,0.0,0.1798745230993703
3,P2,P2 / M3,5,gaussian,sample,2424,73,5,4000,0.9916850467407878,96.20880867189732,62.64197515085479,0.0,0.2289237168568468
3,P2,P2 / M3,5,gaussian,sample,2508,76,4,0,0.9936452955848907,90.1350401254227,58.659132369797646,1.0,0.37252310723180876
3,P2,P2 / M3,5,gaussian,sample,2546,77,4,5000,0.9860334338234521,125.04425556716136,82.19065104386407,1.0,0.18855426504187298
3,P2,P2 / M3,5,gaussian,sample,2573,77,6,10000,0.9823750806236609,132.83664834071735,81.71137517982599,0.0,1.0155754663297092
3,P2,P2 / M3,5,gaussian,sample,2692,81,5,8000,0.9969304734887852,53.878546516439776,34.324155870070875,0.0,0.5203593453319532
3,P2,P2 / M3,5,gaussian,sample,2711,82,4,5000,0.9929657333938008,86.8291592362314,51.72152375513417,1.0,0.31400711189920144
3,P2,P2 / M3,5,gaussian,sample,2720,82,5,3000,0.9937343938412215,78.6876150068642,43.51878755054908,0.0,0.19846137809660983
3,P2,P2 / M3,5,gaussian,sample,2747,83,4,8000,0.9918056422049915,93.80987160719799,57.144004400437915,1.0,0.27094593470966144
3,P2,P2 / M3,5,gaussian,sample,2857,86,5,8000,0.974859813418035,148.96946370779182,89.4977730308724,1.0,0.34874406896874915
3,P2,P2 / M3,5,gaussian,sample,2858,86,5,9000,0.9963967522650278,55.3661184376417,36.453109054098896,0.0,0.5952115242374163
3,P2,P2 / M3,5,gaussian,sample,3158,95,6,1000,0.9958299683684736,70.76764384799802,45.82565130496347,0.0,0.46602242181542625
3,P2,P2 / M3,5,gaussian,sample,3159,95,6,2000,0.9823899540208255,144.7621749605094,90.99187883105854,0.0,0.40239117041277295
3,P2,P2 / M3,5,gaussian,sample,3236,98,4,2000,0.9960232259919474,69.00966106551992,45.811834732248904,0.0,0.15519584970781572
3,P2,P2 / M3,5,gaussian,sample,3266,98,6,10000,0.8024467921418823,441.7366665509308,272.67145410448666,1.0,0.21797742209405574
3,P2,P2 / M3,5,gaussian,sample,3331,100,6,9000,0.9848514474929393,124.76874081547095,88.11769265895383,0.0,0.7659697177816588
3,P2,P2 / M3,5,gaussian,sample,3332,100,6,10000,0.9588573653732008,200.8001384808996,125.03051004494979,0.0,0.6081768474004643
3,P2,P2 / M3,5,gaussian,sample,3337,101,4,4000,0.9856989402739625,120.17447713701051,62.48972287575519,0.0,0.291876153498542
3,P2,P2 / M3,5,gaussian,sample,3474,105,4,9000,0.9845464892017597,127.60033073284386,90.0871410628915,1.0,0.41879663618527596
3,P2,P2 / M3,5,gaussian,sample,3485,105,5,9000,0.993768909581451,74.09468523343133,48.15292342648386,0.0,0.5217327049769356
3,P2,P2 / M3,5,gaussian,sample,3492,105,6,5000,0.9823943718647548,141.72422989139383,95.20104251497344,0.0,0.6521483961508648
3,P2,P2 / M3,5,gaussian,sample,3500,106,4,2000,0.9878044245255853,119.8899882939015,78.58678253924394,1.0,0.08763656442943091
3,P2,P2 / M3,5,gaussian,sample,3514,106,5,5000,0.9968713549206684,56.61098011549731,42.10345857190116,0.0,0.5508302827161018
3,P2,P2 / M3,5,gaussian,sample,3519,106,5,10000,0.9973706863099072,48.227877783572914,32.65304400863124,0.0,0.5202361630279794
3,P2,P2 / M3,5,gaussian,sample,3566,108,4,2000,0.9832821190391694,137.1853808256168,88.23385868136745,1.0,0.17979644705412523
3,P2,P2 / M3,5,gaussian,sample,3751,113,6,0,0.9845721424339741,134.92120179942935,76.26013341726487,0.0,0.15118177746018863
3,P2,P2 / M3,5,gaussian,sample,3772,114,4,10000,0.9566245301488709,201.57244617418434,120.49595656784113,1.0,0.23240453887047507
3,P2,P2 / M3,5,gaussian,sample,3805,115,4,10000,0.9876223774701716,114.99491569870335,77.09300133581638,0.0,0.6796123878254391
3,P2,P2 / M3,5,gaussian,sample,3828,116,4,0,0.9818277914857432,150.4544279173848,100.20213331744232,1.0,0.5814683681476337
3,P2,P2 / M3,5,gaussian,sample,3858,116,6,8000,0.9810565966976741,139.4083612231772,99.23002045216525,0.0,1.2290672847566513
3,P2,P2 / M3,5,gaussian,sample,3919,118,6,3000,0.9907951080466627,104.55755462422033,69.63922539907796,0.0,0.581157307792739
3,P2,P2 / M3,5,gaussian,sample,4048,122,6,0,0.9797262280674474,154.97635952442187,89.86730661788279,0.0,0.3156576590555307
3,P2,P2 / M3,5,gaussian,sample,4188,126,6,8000,0.9839302584490807,131.2497578382648,87.42775119184981,0.0,0.49327340310820744
3,P2,P2 / M3,5,gaussian,sample,4189,126,6,9000,0.8279070551538803,419.31010105625194,283.3537694420526,1.0,0.37377783119699265
3,P2,P2 / M3,5,gaussian,sample,4193,127,4,2000,0.9890650188079272,112.71608595415239,70.53486210488805,1.0,0.34458888256669507
3,P2,P2 / M3,5,gaussian,sample,4225,128,4,1000,0.9899444769763869,108.3769157532856,72.47841467794971,0.0,0.2675696956593596
3,P2,P2 / M3,5,gaussian,sample,4448,134,6,4000,0.986303916592479,121.29555400961368,71.48952610465483,0.0,0.28062770634809314
3,P2,P2 / M3,5,gaussian,sample,4461,135,4,6000,0.98259387843939,134.22352913705373,90.33344453673857,0.0,0.4437450999901186
3,P2,P2 / M3,5,gaussian,sample,4524,137,4,3000,0.9856648573658668,125.06533269470961,80.34377259586175,0.0,0.17080817104374718
3,P2,P2 / M3,5,gaussian,sample,4565,138,5,0,0.9840216112893415,134.68736916192404,90.31407048795282,1.0,0.6047582355537326
3,P2,P2 / M3,5,gaussian,sample,4607,139,5,9000,0.9727958386253392,158.5369769919586,79.73598673560379,1.0,0.43252878450282195
3,P2,P2 / M3,5,gaussian,sample,4647,140,6,5000,0.9673414229540471,186.88974928993363,119.34615432759881,0.0,0.682280899032228
3,P2,P2 / M3,5,gaussian,sample,4717,142,6,9000,0.9683725113634215,174.97382574191602,116.16820475392717,0.0,1.103890657726623
3,P2,P2 / M3,5,gaussian,sample,4776,144,6,2000,0.964243791819394,191.3402713200051,114.84082822569587,0.0,0.2090795136186377
3,P2,P2 / M3,5,gaussian,sample,4792,145,4,7000,0.9813566547403832,136.86483904462878,95.27095891696658,1.0,0.6838809622586594
3,P2,P2 / M3,5,gaussian,sample,4826,146,4,8000,0.973771833426468,161.8067277500741,100.59962149752882,0.0,0.32837702301883065
3,P2,P2 / M3,5,gaussian,sample,4849,146,6,9000,0.8553910065244779,378.5935620010576,229.93045872027216,1.0,0.5182119708051951
3,P2,P2 / M3,5,gaussian,sample,4869,147,5,7000,0.9921690818405496,83.96094092750546,55.49328370180838,0.0,0.4722040362914382
3,P2,P2 / M3,5,gaussian,sample,4877,147,6,4000,0.991824157963867,98.04367305944331,63.16430840310384,0.0,0.47020068972406365
3,P2,P2 / M3,5,gaussian,sample,4929,149,5,1000,0.9872564133930648,118.58052755990172,75.08983947289761,1.0,0.3203920975292855
3,P2,P2 / M3,5,gaussian,sample,4949,149,6,10000,0.9532667381979,210.91442203247544,122.45709135549941,1.0,1.0946071967860433
3,P2,P2 / M3,5,gaussian,sample,5043,152,6,5000,0.9398655038221198,238.0597806117877,130.49858141022963,1.0,0.6009407856270019
3,P2,P2 / M3,5,gaussian,sample,5101,154,5,8000,0.9963657669408553,54.256360112536626,31.25306978637471,0.0,0.29390739434738977
3,P2,P2 / M3,5,gaussian,sample,5112,154,6,8000,0.9618374316356333,185.59533746154278,106.44411073024722,1.0,0.4285202008357769
3,P2,P2 / M3,5,gaussian,sample,5144,155,6,7000,0.9811522783149711,141.3493867201769,94.69050514687515,0.0,0.9286486554180587
3,P2,P2 / M3,5,gaussian,sample,5316,161,4,3000,0.9760065459538234,156.3728089474458,96.9756280740964,1.0,0.21311373646768217
3,P2,P2 / M3,5,gaussian,sample,5381,163,4,2000,0.9842181083739957,136.10984251048959,93.60392851033134,0.0,0.7065205308844471
3,P2,P2 / M3,5,gaussian,sample,5384,163,4,5000,0.9789886934547856,146.01721583656646,81.95772817618725,1.0,0.22771798974712962
3,P2,P2 / M3,5,gaussian,sample,5414,164,4,2000,0.9765797384473454,163.1652030700185,97.74276789202307,1.0,0.1561274418248884
3,P2,P2 / M3,5,gaussian,sample,5534,167,6,1000,0.9951845737904161,79.4055708713686,48.307106417563816,1.0,0.7442755805935175
3,P2,P2 / M3,5,gaussian,sample,5617,170,4,7000,0.9763383638123433,149.35482813630173,92.6236619594458,0.0,0.4479049882330421
3,P2,P2 / M3,5,gaussian,sample,5658,171,5,4000,0.9940871005914729,77.05971128732557,48.69472166117939,0.0,0.19898871569087276
3,P2,P2 / M3,5,gaussian,sample,5694,172,5,7000,0.9980117505519353,43.662597844441486,27.52944528492854,1.0,0.29416566835605207
3,P2,P2 / M3,5,gaussian,sample,5816,176,4,8000,0.9710196557736986,162.00489311010816,95.082000976754,0.0,0.3327726753611852
3,P2,P2 / M3,5,gaussian,sample,5841,177,4,0,0.9903667075096497,109.28947744112406,74.78213262265257,0.0,1.274178203751388
3,P2,P2 / M3,5,gaussian,sample,5843,177,4,2000,0.987795965948265,109.75844657309419,61.80094524222556,0.0,0.19860793148259606
3,P2,P2 / M3,5,gaussian,sample,5858,177,5,6000,0.9964866018928791,56.30954140374824,36.903534399369704,1.0,0.20626263243929246
3,P2,P2 / M3,5,gaussian,sample,5887,178,5,2000,0.9858819957397766,120.00674025466662,67.22920064275947,1.0,0.16009236783557088
3,P2,P2 / M3,5,gaussian,sample,6248,189,5,0,0.9752074023925672,161.3914477662826,94.9450782509776,0.0,0.11200259303004528
3,P2,P2 / M3,5,gaussian,sample,6299,190,6,7000,0.9939034015460958,78.09592560333523,51.349578108118884,0.0,1.1657963160165243
3,P2,P2 / M3,5,gaussian,sample,6359,192,6,1000,0.9879135022117321,116.23627115377667,73.0074465728475,0.0,0.5879352679500237
3,P2,P2 / M3,5,gaussian,sample,6407,194,4,5000,0.9832796516013163,131.49080662895565,84.36944996814286,1.0,0.20152149049882812
3,P2,P2 / M3,5,gaussian,sample,6425,194,6,1000,0.9938910621996385,85.25921992377006,54.26481458881408,1.0,0.9364103988434154
3,P2,P2 / M3,5,gaussian,sample,6466,195,6,9000,0.9559525263502877,200.07993577859125,133.41634594009886,1.0,1.1360425031814507
3,P2,P2 / M3,5,gaussian,sample,6743,204,5,0,0.9870712258760039,121.02598602069101,76.1978008174448,0.0,0.22608898826292614
3,P2,P2 / M3,5,gaussian,sample,6752,204,5,9000,0.9916165128249168,85.75382779389034,53.19634366396075,1.0,0.5399364868559615
3,P2,P2 / M3,5,gaussian,sample,6762,204,6,8000,0.9900533610010994,101.94212622777668,75.29035280500949,0.0,1.2622657224713048
3,P2,P2 / M3,5,gaussian,sample,6839,207,4,8000,0.965878791831738,173.95132160769504,105.60307504192804,0.0,0.2714446039738923
3,P2,P2 / M3,5,gaussian,sample,6878,208,5,3000,0.9941245553570943,72.2558185157311,43.49361461717778,0.0,0.15605695461396984
3,P2,P2 / M3,5,gaussian,sample,6970,211,4,7000,0.9763945876684569,152.63759581662336,100.66836953583382,0.0,0.3661971058198846
3,P2,P2 / M3,5,gaussian,sample,6983,211,5,9000,0.9910796838214326,85.766331463247,49.54195830533153,1.0,0.2964078005672305
3,P2,P2 / M3,5,gaussian,sample,6987,211,6,2000,0.9808613228447015,139.60694543084915,74.14096589549457,1.0,0.14935577336032388
3,P2,P2 / M3,5,gaussian,sample,7035,213,4,6000,0.9897893939986637,100.41107942172876,72.67588597519232,1.0,0.5032988632601757
3,P2,P2 / M3,5,gaussian,sample,7063,214,4,1000,0.9763005122877053,155.7137798213693,86.72338528766957,0.0,0.28155768248151924
3,P2,P2 / M3,5,gaussian,sample,7090,214,6,6000,0.979930916279552,137.9245911267549,84.73123640897204,0.0,0.40778127762849364
3,P2,P2 / M3,5,gaussian,sample,7141,216,5,2000,0.9815933353126896,133.4886385471243,85.8273907445664,0.0,0.11295461188797436
3,P2,P2 / M3,5,gaussian,sample,7214,218,5,9000,0.991996094748519,81.73446120644108,54.7152328720749,1.0,0.4447614960615775
3,P2,P2 / M3,5,gaussian,sample,7257,219,6,8000,0.9800970812552838,137.28651562912387,83.81187608198658,1.0,0.9332772394571159
3,P2,P2 / M3,5,gaussian,sample,7309,221,5,5000,0.9896653317481311,96.21983319745297,61.157816738046904,1.0,0.2966596344883918
3,P2,P2 / M3,5,gaussian,sample,7333,222,4,7000,0.9921824877442692,88.24858093340438,60.31518022316777,0.0,0.6196900072162355
3,P2,P2 / M3,5,gaussian,sample,7411,224,5,8000,0.9989601351488442,29.959801573588134,21.440631025235213,0.0,0.351285647729206
3,P2,P2 / M3,5,gaussian,sample,7422,224,6,8000,0.9715724287631118,163.52145080051997,107.16167467245825,1.0,0.8831508089453831
3,P2,P2 / M3,5,gaussian,sample,7439,225,5,3000,0.9910878217653001,94.24464256118048,64.85639059425438,0.0,0.20679871833239785
3,P2,P2 / M3,5,gaussian,sample,7451,225,6,4000,0.9443707836585523,247.7482672965648,160.48241460353594,1.0,0.5532492399358457
3,P2,P2 / M3,5,gaussian,sample,7578,229,5,10000,0.9943277618249731,67.74283838770403,44.67917703740119,0.0,0.3749629540017061
3,P2,P2 / M3,5,gaussian,sample,7764,235,4,9000,0.9738536069794185,158.57925709063383,114.05447403898603,1.0,0.5658472651351741
3,P2,P2 / M3,5,gaussian,sample,7785,235,6,8000,0.9696218540353281,167.60448162177408,106.61220751084431,1.0,0.5940636228622443
3,P2,P2 / M3,5,gaussian,sample,7869,238,5,4000,0.980243037903559,132.93483364230974,77.83852129569385,0.0,0.4728827054232838
3,P2,P2 / M3,5,gaussian,sample,7884,238,6,8000,0.9825602194671914,129.43844247200462,90.02427537661146,0.0,1.0144291979085795
3,P2,P2 / M3,5,gaussian,sample,7923,240,4,3000,0.9753711103604439,158.61030899474807,101.0534072917308,0.0,0.2004626629528877
3,P2,P2 / M3,5,gaussian,sample,7931,240,5,0,0.9670041685073248,193.20858736822768,117.16366069642879,1.0,0.10589866308341632
3,P2,P2 / M3,5,gaussian,sample,7948,240,6,6000,0.9761529292914565,157.85570901086237,103.15958049087993,1.0,1.583073480520067
3,P2,P2 / M3,5,gaussian,sample,7971,241,5,7000,0.9945456999735279,68.74871919355282,37.457445146725874,1.0,0.22923676557885864
3,P2,P2 / M3,5,gaussian,sample,8015,242,6,7000,0.9900372864481507,100.43659499976944,73.20887010275545,0.0,1.3738721277556747
3,P2,P2 / M3,5,gaussian,sample,8259,250,4,9000,0.9723844014391401,155.67570461594406,91.84918383635393,1.0,0.2285893081517044
3,P2,P2 / M3,5,gaussian,sample,8325,252,4,9000,0.9855475431220959,121.29038017258503,72.60438766584673,0.0,0.9463530062379266
3,P2,P2 / M3,5,gaussian,sample,8330,252,5,3000,0.9975119547278181,50.77859447056082,33.93704971540172,0.0,0.45940548454658753
3,P2,P2 / M3,5,gaussian,sample,8407,254,6,3000,0.9747728790111508,166.9233554524673,88.71109022626194,0.0,0.46982918951357255
3,P2,P2 / M3,5,gaussian,sample,8441,255,6,4000,0.9620455541824607,214.75744018991801,124.54126295289608,0.0,0.4896342525878512
3,P2,P2 / M3,5,spline,sample,33,1,4,0,0.9133143266932245,318.9017096717529,192.16736327718854,0.0,0.7378316897454172
3,P2,P2 / M3,5,spline,sample,34,1,4,1000,0.9713798277928674,187.25021952507774,131.95322253138823,0.0,1.0732591056182108
3,P2,P2 / M3,5,spline,sample,107,3,4,8000,0.8755192559225784,346.41396292260697,230.77544440395204,0.0,0.5252681664895255
3,P2,P2 / M3,5,spline,sample,117,3,5,7000,0.9357688598501842,241.13636253864487,151.2909955799253,0.0,0.8941374561458725
3,P2,P2 / M3,5,spline,sample,166,5,4,1000,0.9145434288345908,303.48513614803375,206.32185894027995,0.0,0.7221574583736822
3,P2,P2 / M3,5,spline,sample,279,8,5,4000,0.9269582586267017,265.7479977597127,185.2966032608696,0.0,0.43241372754864027
3,P2,P2 / M3,5,spline,sample,281,8,5,6000,0.9584929393301465,198.95163473247314,133.57898622613303,0.0,0.7625608878469992
3,P2,P2 / M3,5,spline,sample,363,11,4,0,0.973939622218725,177.26926306058527,132.52540966386545,0.0,0.9880397315721322
3,P2,P2 / M3,5,spline,sample,389,11,6,4000,0.9877028920581636,122.85608060415113,99.00500816407808,0.0,1.6839569235558924
3,P2,P2 / M3,5,spline,sample,423,12,6,5000,0.9105675620690787,309.4257455790563,185.70195618701007,0.0,0.5857187091514151
3,P2,P2 / M3,5,spline,sample,621,18,6,5000,0.9371406382943487,255.79373711396738,164.5931193672101,0.0,0.48214377267256275
3,P2,P2 / M3,5,spline,sample,642,19,5,4000,0.8293028860177803,409.09688627504204,243.9081273501136,0.0,1.005198508735402
3,P2,P2 / M3,5,spline,sample,694,21,4,1000,0.9355443085432519,272.0426253880259,172.50230174501905,1.0,0.9807355836281054
3,P2,P2 / M3,5,spline,sample,695,21,4,2000,0.9702621805429638,185.46047962497113,123.71560274216522,0.0,2.072929200114166
3,P2,P2 / M3,5,spline,sample,782,23,6,1000,0.9551122738832784,232.34164279847008,160.96373684957342,0.0,1.3618568025542657
3,P2,P2 / M3,5,spline,sample,881,26,6,1000,0.9311776855449151,274.3952221475472,203.55753299713888,0.0,1.0950435268475234
3,P2,P2 / M3,5,spline,sample,990,30,4,0,0.9523535342713749,238.2118224233853,174.41137820512822,0.0,1.7261182644224773
3,P2,P2 / M3,5,spline,sample,997,30,4,7000,0.9434027148506254,246.27092393435817,171.14840945180887,0.0,1.9476773313729023
3,P2,P2 / M3,5,spline,sample,1035,31,5,1000,0.9864689220807226,124.85765554218415,93.53914189189184,0.0,1.8958349314198781
3,P2,P2 / M3,5,spline,sample,1054,31,6,9000,0.9083187087050877,295.6207011237238,201.84751984126973,0.0,0.865414065589049
3,P2,P2 / M3,5,spline,sample,1056,32,4,0,0.9779818492378682,165.69031811407476,123.55285161290321,0.0,1.292963099701144
3,P2,P2 / M3,5,spline,sample,1070,32,5,3000,0.9666127816000906,187.8508612466947,135.5265276459421,0.0,1.1938578340936192
3,P2,P2 / M3,5,spline,sample,1107,33,5,7000,0.9511264153405021,216.10632628461133,151.8427919546341,0.0,1.0762455191028104
3,P2,P2 / M3,5,spline,sample,1168,35,5,2000,0.9298475610144161,275.6218501645542,196.72777657942672,0.0,0.8377369929271964
3,P2,P2 / M3,5,spline,sample,1224,37,4,3000,0.8085129048743064,440.10673253796455,252.4965613533167,0.0,1.5780029939076419
3,P2,P2 / M3,5,spline,sample,1273,38,5,8000,0.9510674761027362,217.45263632131667,133.86820134524746,0.0,1.047818587904214
3,P2,P2 / M3,5,spline,sample,1296,39,4,9000,0.9423392905853204,247.77870396518537,157.97089524562875,0.0,0.8421384874209573
3,P2,P2 / M3,5,spline,sample,1389,42,4,3000,0.8191024508380131,420.9501727504738,250.13105264475828,0.0,1.0253024599001583
3,P2,P2 / M3,5,spline,sample,1442,43,6,1000,0.8760054531226796,369.4757084177199,238.96792129145146,0.0,0.44439609833524485
3,P2,P2 / M3,5,spline,sample,1467,44,5,4000,0.9290843253837334,274.079168488841,193.0260652159281,1.0,1.035044485734002
3,P2,P2 / M3,5,spline,sample,1576,47,6,3000,0.9706300314339084,186.13057722372332,138.5490183912035,0.0,1.608018483026899
3,P2,P2 / M3,5,spline,sample,1632,49,5,4000,0.7320730335043983,519.0764688563977,305.14616127399324,0.0,1.1592680182260988
3,P2,P2 / M3,5,spline,sample,1736,52,5,9000,0.8246445360537167,394.06687791809964,254.8886396178049,0.0,0.964939734448652
3,P2,P2 / M3,5,spline,sample,1867,56,5,8000,0.8907033931230399,305.09359606053914,202.99473494473622,0.0,0.4697565073219947
3,P2,P2 / M3,5,spline,sample,2061,62,5,4000,0.9435230129832712,242.67740274784708,151.3085157340868,0.0,1.8204058776052987
3,P2,P2 / M3,5,spline,sample,2192,66,5,3000,0.9533524800437636,222.71575443985802,154.1804512738193,0.0,1.9758310049266283
3,P2,P2 / M3,5,spline,sample,2237,67,6,4000,0.8978767613592336,336.1658926619897,230.5450014702491,1.0,1.1410293775756875
3,P2,P2 / M3,5,spline,sample,2276,68,6,10000,0.8557774806593107,372.491745227329,226.78575908530706,0.0,1.3556599895192
3,P2,P2 / M3,5,spline,sample,2296,69,5,8000,0.9538284508895329,207.6040081635403,149.46615940943937,0.0,0.9112686167622869
3,P2,P2 / M3,5,spline,sample,2319,70,4,9000,0.8912062682439057,340.52937152965245,204.18056356247504,0.0,1.1086603190820228
3,P2,P2 / M3,5,spline,sample,2345,71,4,2000,0.9407673946657741,265.4591555473525,169.94629862342845,0.0,0.802268339709351
3,P2,P2 / M3,5,spline,sample,2388,72,5,1000,0.8920728415205545,340.8177892325166,214.2636350311002,0.0,1.612632114223707
3,P2,P2 / M3,5,spline,sample,2424,73,5,4000,0.9667974227362414,192.25198332160005,153.43116709677432,0.0,1.94323152716117
3,P2,P2 / M3,5,spline,sample,2508,76,4,0,0.9729573739808537,185.9389654664793,132.43568813283514,1.0,1.2575616371593
3,P2,P2 / M3,5,spline,sample,2546,77,4,5000,0.9576448763969648,217.75688751974445,160.97173317091705,0.0,0.9085472000984322
3,P2,P2 / M3,5,spline,sample,2573,77,6,10000,0.8606898093545486,373.4614533449869,237.46998859424008,0.0,1.2480836555888994
3,P2,P2 / M3,5,spline,sample,2692,81,5,8000,0.950785799239022,215.73737750402438,149.4019970211131,0.0,1.2409584648453917
3,P2,P2 / M3,5,spline,sample,2711,82,4,5000,0.9671114899021543,187.7492813703927,129.4492857177114,0.0,0.5218426020994056
3,P2,P2 / M3,5,spline,sample,2720,82,5,3000,0.8473153989059591,388.4386671443985,255.11818327974274,1.0,0.7559811876491435
3,P2,P2 / M3,5,spline,sample,2747,83,4,8000,0.9593112152233016,209.03953938698297,137.85002524076222,0.0,0.916041602022904
3,P2,P2 / M3,5,spline,sample,2857,86,5,8000,0.9069436355740973,286.60650729690116,205.54333253702816,0.0,0.9467380864549033
3,P2,P2 / M3,5,spline,sample,2858,86,5,9000,0.8798421389149154,319.7224341396274,191.98574068270057,0.0,1.8701936185061412
3,P2,P2 / M3,5,spline,sample,3158,95,6,1000,0.9727914724281178,180.76634698901339,138.08044871794888,0.0,1.9607911580343662
3,P2,P2 / M3,5,spline,sample,3159,95,6,2000,0.9841847435163911,137.1870048029459,106.76170609318991,0.0,1.588410863311868
3,P2,P2 / M3,5,spline,sample,3236,98,4,2000,0.9745799498199275,174.47477236145517,117.3740203354779,0.0,1.4389640510498767
3,P2,P2 / M3,5,spline,sample,3266,98,6,10000,0.7196896105887611,526.1880779323197,309.1284722394447,1.0,0.5002820210283407
3,P2,P2 / M3,5,spline,sample,3331,100,6,9000,0.9346587832914258,259.1276953063891,193.6136005013252,0.0,1.1699012680692593
3,P2,P2 / M3,5,spline,sample,3332,100,6,10000,0.9016781270025814,310.4152364680603,217.358497403068,0.0,1.4707606734936043
3,P2,P2 / M3,5,spline,sample,3337,101,4,4000,0.7750816960983221,476.585177442009,303.5614086791742,0.0,0.8739573292315294
3,P2,P2 / M3,5,spline,sample,3474,105,4,9000,0.9728379101748366,169.16862158910757,126.95701003406072,0.0,2.0729659100479254
3,P2,P2 / M3,5,spline,sample,3485,105,5,9000,0.948960292073068,212.06017770857133,157.33179347826092,0.0,0.815783224441359
3,P2,P2 / M3,5,spline,sample,3492,105,6,5000,0.8645336007795816,393.1281449799099,253.86472908803583,0.0,1.1853179573802877
3,P2,P2 / M3,5,spline,sample,3500,106,4,2000,0.9660807534359134,199.94238446720138,136.0728407682172,0.0,0.6899877824190488
3,P2,P2 / M3,5,spline,sample,3514,106,5,5000,0.986002403212733,119.74276002328068,89.71660001054688,0.0,1.6064515263020678
3,P2,P2 / M3,5,spline,sample,3519,106,5,10000,0.9540475947719615,201.61882265065086,137.63862699957244,0.0,1.3438738965840733
3,P2,P2 / M3,5,spline,sample,3566,108,4,2000,0.9539338067583224,227.72377863392688,152.8536067153947,0.0,0.7873140668135943
3,P2,P2 / M3,5,spline,sample,3751,113,6,0,0.9143778358579195,317.84873765031995,218.40186206434979,0.0,0.8818762094634082
3,P2,P2 / M3,5,spline,sample,3772,114,4,10000,0.8945110366190392,314.3493614045673,217.33155466158857,0.0,0.4461907701795948
3,P2,P2 / M3,5,spline,sample,3805,115,4,10000,0.9429434034306108,246.89537428748264,164.4794231376262,0.0,2.17755238243942
3,P2,P2 / M3,5,spline,sample,3828,116,4,0,0.9421670982082421,268.40376889492904,194.3441972693031,1.0,1.45338401795052
3,P2,P2 / M3,5,spline,sample,3858,116,6,8000,0.947333167895786,232.44939357210845,157.97596107755726,0.0,1.670243089372197
3,P2,P2 / M3,5,spline,sample,3919,118,6,3000,0.9772838623637301,164.2530019398022,124.52567647058822,0.0,1.3116993032194317
3,P2,P2 / M3,5,spline,sample,4048,122,6,0,0.8219112681099446,459.3211011231375,265.2336296832031,0.0,1.2055649274330633
3,P2,P2 / M3,5,spline,sample,4188,126,6,8000,0.9260034651577709,281.64351521184574,190.1652012570892,0.0,1.3686907267882078
3,P2,P2 / M3,5,spline,sample,4189,126,6,9000,0.725595687157218,529.4796314453474,323.8849429175554,1.0,0.8712335896153934
3,P2,P2 / M3,5,spline,sample,4193,127,4,2000,0.8802114900548782,373.06496063689065,221.7527018633127,0.0,1.3609504048144232
3,P2,P2 / M3,5,spline,sample,4225,128,4,1000,0.9602585642420541,215.4548286154047,140.0155147058823,0.0,1.5850180378306675
3,P2,P2 / M3,5,spline,sample,4448,134,6,4000,0.9481690288033957,235.96161484922152,155.74327568547122,0.0,0.5829797891261033
3,P2,P2 / M3,5,spline,sample,4461,135,4,6000,0.9513456448261304,224.4080892947907,154.87520583492176,0.0,1.5083855945924136
3,P2,P2 / M3,5,spline,sample,4524,137,4,3000,0.9110887695886947,311.4685805353273,193.06156742655594,0.0,0.6558716118884109
3,P2,P2 / M3,5,spline,sample,4565,138,5,0,0.9374819780219674,266.4176500666078,179.56500384756924,0.0,2.006371433396451
3,P2,P2 / M3,5,spline,sample,4607,139,5,9000,0.9430493303770784,229.38357601473902,156.3001931104831,0.0,1.437107973406768
3,P2,P2 / M3,5,spline,sample,4647,140,6,5000,0.8937026017472898,337.1694128604053,212.27269676924553,0.0,0.981361260653791
3,P2,P2 / M3,5,spline,sample,4717,142,6,9000,0.9133493078857282,289.61880110278986,211.47009101391978,0.0,1.4677519519288778
3,P2,P2 / M3,5,spline,sample,4776,144,6,2000,0.8878988299527635,338.7940149866393,235.27698825503353,0.0,0.32686888055444635
3,P2,P2 / M3,5,spline,sample,4792,145,4,7000,0.9728336277647531,165.2135995393131,125.20098726234737,0.0,0.9719818863250111
3,P2,P2 / M3,5,spline,sample,4826,146,4,8000,0.9212352928249752,280.4002780440299,196.86266824446153,0.0,0.4763659688468923
3,P2,P2 / M3,5,spline,sample,4849,146,6,9000,0.6502489993199003,588.782720229576,342.80106435643563,1.0,0.7128674864023133
3,P2,P2 / M3,5,spline,sample,4869,147,5,7000,0.9559181324621197,199.20532660699493,138.32541012893012,0.0,1.3574248113760554
3,P2,P2 / M3,5,spline,sample,4877,147,6,4000,0.987860468163994,119.46874356226353,98.37760860215062,0.0,1.6913790852664732
3,P2,P2 / M3,5,spline,sample,4929,149,5,1000,0.9804523017804851,146.86400037296775,104.27933565364123,0.0,1.2843359920172328
3,P2,P2 / M3,5,spline,sample,4949,149,6,10000,0.9064260995698081,298.44932182515515,217.06824813408795,0.0,1.5777818061953044
3,P2,P2 / M3,5,spline,sample,5043,152,6,5000,0.7512850065068075,484.1446913598054,320.76014400714024,0.0,1.3906541883220274
3,P2,P2 / M3,5,spline,sample,5101,154,5,8000,0.8379783433897409,362.26869097003487,218.1142081123135,1.0,0.5171321943095737
3,P2,P2 / M3,5,spline,sample,5112,154,6,8000,0.8166436987027589,406.81427504685894,256.1590654453768,0.0,0.5260822112980711
3,P2,P2 / M3,5,spline,sample,5144,155,6,7000,0.9395743335441102,253.09013822927068,167.1481063630285,0.0,1.2027994543705713
3,P2,P2 / M3,5,spline,sample,5316,161,4,3000,0.8124528015305121,437.18992168404225,258.4345881698161,0.0,1.4224355374997144
3,P2,P2 / M3,5,spline,sample,5381,163,4,2000,0.9287191904704853,289.2652837061799,196.76695741324932,0.0,1.1105570893552403
3,P2,P2 / M3,5,spline,sample,5384,163,4,5000,0.8670413172613257,367.31265027746775,216.44045903989618,0.0,0.7183172408443448
3,P2,P2 / M3,5,spline,sample,5414,164,4,2000,0.9208506405709087,299.95449711975516,198.01845240556935,1.0,1.684171951086036
3,P2,P2 / M3,5,spline,sample,5534,167,6,1000,0.9917646507008575,103.84237643926453,77.3230608389283,1.0,0.8438838787778566
3,P2,P2 / M3,5,spline,sample,5617,170,4,7000,0.8508172428675083,375.0215244190492,261.1875879662211,0.0,1.1794725181874304
3,P2,P2 / M3,5,spline,sample,5658,171,5,4000,0.9663135335630556,183.93096994092664,131.24624144900494,0.0,1.8002380237449203
3,P2,P2 / M3,5,spline,sample,5694,172,5,7000,0.9452226194185182,229.17897195724615,148.05627725074405,0.0,1.0820789537526363
3,P2,P2 / M3,5,spline,sample,5816,176,4,8000,0.9320607586027636,248.04855918515426,173.52851904253035,0.0,0.6755527038112574
3,P2,P2 / M3,5,spline,sample,5841,177,4,0,0.9457881221674925,259.2616027721396,203.06766557389852,0.0,3.5182354918215992
3,P2,P2 / M3,5,spline,sample,5843,177,4,2000,0.8079877924450845,435.3621475842317,268.80986456124174,0.0,0.99811080518771
3,P2,P2 / M3,5,spline,sample,5858,177,5,6000,0.9222020738433938,264.97342476499927,180.83258588217163,0.0,0.7291855351168067
3,P2,P2 / M3,5,spline,sample,5887,178,5,2000,0.8664021406578528,369.1634827728061,212.71044852156473,0.0,0.5463934374220086
3,P2,P2 / M3,5,spline,sample,6248,189,5,0,0.9011127717356766,322.3217435681209,215.0005434782609,0.0,0.2455547111565654
3,P2,P2 / M3,5,spline,sample,6299,190,6,7000,0.9697722346789056,173.89520291902357,140.9925156904074,0.0,2.7727545122686394
3,P2,P2 / M3,5,spline,sample,6359,192,6,1000,0.9672059304473933,191.4648640259422,137.65238991596644,0.0,1.690299395186595
3,P2,P2 / M3,5,spline,sample,6407,194,4,5000,0.9474346583937646,233.1430501084366,149.59798376239792,1.0,1.470795067779497
3,P2,P2 / M3,5,spline,sample,6425,194,6,1000,0.993490341603713,88.01113112217637,68.02873001157693,1.0,1.3221737950162988
3,P2,P2 / M3,5,spline,sample,6466,195,6,9000,0.9344648884920355,244.050700452502,142.37934311626674,0.0,1.4203645430000538
3,P2,P2 / M3,5,spline,sample,6743,204,5,0,0.9717970841086335,178.75037504540373,136.02688775510205,0.0,1.4794978570613206
3,P2,P2 / M3,5,spline,sample,6752,204,5,9000,0.965500024793341,173.96046268271687,133.76640941869834,1.0,1.3103808407600277
3,P2,P2 / M3,5,spline,sample,6762,204,6,8000,0.9696990342571186,177.92777369046325,131.5822930951037,0.0,1.5457442900368354
3,P2,P2 / M3,5,spline,sample,6839,207,4,8000,0.933485300394367,242.87026660125687,176.31277173913048,0.0,0.5021301449317392
3,P2,P2 / M3,5,spline,sample,6878,208,5,3000,0.902973445157187,293.6281989090636,189.81183453196246,0.0,1.3271661738394873
3,P2,P2 / M3,5,spline,sample,6970,211,4,7000,0.9693118812672402,174.03670580157458,126.4352316926196,0.0,1.322637474350574
3,P2,P2 / M3,5,spline,sample,6983,211,5,9000,0.9605566911668497,180.34885112693664,133.47977697191763,1.0,1.8974374402733318
3,P2,P2 / M3,5,spline,sample,6987,211,6,2000,0.9478528300793119,230.44454842517777,160.887925459904,1.0,0.760717696738211
3,P2,P2 / M3,5,spline,sample,7035,213,4,6000,0.9817749338316197,134.14992478295682,93.07203085234096,0.0,1.7126621167056146
3,P2,P2 / M3,5,spline,sample,7063,214,4,1000,0.8647838550851499,371.9391058334903,218.50007388090052,0.0,1.1881928331792388
3,P2,P2 / M3,5,spline,sample,7090,214,6,6000,0.8956765486476461,314.46253135626836,197.38094554649985,1.0,1.343008227776673
3,P2,P2 / M3,5,spline,sample,7141,216,5,2000,0.9248917775740706,269.65004377508666,196.04972029950804,0.0,1.2081981658337
3,P2,P2 / M3,5,spline,sample,7214,218,5,9000,0.9363760860135888,230.44348041523114,139.02664079692278,0.0,1.4148411413322148
3,P2,P2 / M3,5,spline,sample,7257,219,6,8000,0.9495749323844839,218.52078012065658,166.82620902889462,0.0,1.1500873993361558
3,P2,P2 / M3,5,spline,sample,7309,221,5,5000,0.9366324315249085,238.2592942590374,166.41651334074493,0.0,0.9123530875741315
3,P2,P2 / M3,5,spline,sample,7333,222,4,7000,0.9914525842579343,92.27644596883991,70.44651963742422,0.0,1.561256493742865
3,P2,P2 / M3,5,spline,sample,7411,224,5,8000,0.9717324530479206,156.2048608848598,106.10459544525085,0.0,1.461771140389531
3,P2,P2 / M3,5,spline,sample,7422,224,6,8000,0.876449456538691,340.9001430077989,216.3244602960644,0.0,1.5439392438790849
3,P2,P2 / M3,5,spline,sample,7439,225,5,3000,0.9677104848394433,179.38887320185873,129.91403717673765,0.0,1.6532579700267627
3,P2,P2 / M3,5,spline,sample,7451,225,6,4000,0.9455274432227453,245.15910934596485,179.76694993787004,1.0,0.7923880625963694
3,P2,P2 / M3,5,spline,sample,7578,229,5,10000,0.9058379642708376,276.00953139667064,176.82330219644388,0.0,1.4166093919810805
3,P2,P2 / M3,5,spline,sample,7764,235,4,9000,0.9817896101040541,132.34273594494746,97.4251204607374,0.0,1.8542044280137011
3,P2,P2 / M3,5,spline,sample,7785,235,6,8000,0.9127727015017799,284.0084136212585,198.21320861678004,1.0,1.0972806257392744
3,P2,P2 / M3,5,spline,sample,7869,238,5,4000,0.9359291108836001,239.39169981001262,164.3654906583068,0.0,2.133519887437373
3,P2,P2 / M3,5,spline,sample,7884,238,6,8000,0.900657819071409,308.9296666882061,204.03818807838374,0.0,0.7258741848502829
3,P2,P2 / M3,5,spline,sample,7923,240,4,3000,0.9477083163338426,231.11349621429312,163.35051251449542,0.0,1.5380977350968619
3,P2,P2 / M3,5,spline,sample,7931,240,5,0,0.9751767115814646,167.58168133465065,127.78339187968159,1.0,1.5126083659961238
3,P2,P2 / M3,5,spline,sample,7948,240,6,6000,0.8797549672511504,354.46743774105204,235.91278399770337,0.0,1.3893167714926566
3,P2,P2 / M3,5,spline,sample,7971,241,5,7000,0.9748642641654065,147.58455205800985,107.95264775331616,1.0,1.1909171344686837
3,P2,P2 / M3,5,spline,sample,8015,242,6,7000,0.9592314784490891,203.17283477871896,143.73726265205858,0.0,1.4434711816183161
3,P2,P2 / M3,5,spline,sample,8259,250,4,9000,0.940892263563694,227.7538744362262,149.36302097206303,0.0,1.246148038244002
3,P2,P2 / M3,5,spline,sample,8325,252,4,9000,0.8694178925795292,364.5837879210233,241.90784035550968,0.0,1.098956949605964
3,P2,P2 / M3,5,spline,sample,8330,252,5,3000,0.8581939101365605,383.35309810897195,238.78257827474403,1.0,1.604550264916249
3,P2,P2 / M3,5,spline,sample,8407,254,6,3000,0.6370454313137639,633.1540582996116,394.7299333637087,1.0,0.7316075137625807
3,P2,P2 / M3,5,spline,sample,8441,255,6,4000,0.9472674167956692,253.1374580736362,173.20389195607007,0.0,0.6932176022347448
3,P2,P2 / M3,5,source_pretrained_mlp,sample,33,1,4,0,0.939580979419751,266.237989228795,181.1446091890335,1.0,6.4988648344860955
3,P2,P2 / M3,5,source_pretrained_mlp,sample,34,1,4,1000,0.8665059586065468,404.4055943433317,273.3326317628225,0.0,5.502744792150055
3,P2,P2 / M3,5,source_pretrained_mlp,sample,107,3,4,8000,0.9794738745777667,140.66880242958848,98.55522449811299,0.0,3.1765555248542503
3,P2,P2 / M3,5,source_pretrained_mlp,sample,117,3,5,7000,-0.19809873314183513,1041.4446524991413,380.09536373047604,8.0,45.06278825088601
3,P2,P2 / M3,5,source_pretrained_mlp,sample,166,5,4,1000,0.9456883752098257,241.94190252502716,130.47589530442892,0.0,0.5315242943608589
3,P2,P2 / M3,5,source_pretrained_mlp,sample,279,8,5,4000,0.984298735176669,123.21164648170362,75.47321736812592,0.0,0.10999470639840091
3,P2,P2 / M3,5,source_pretrained_mlp,sample,281,8,5,6000,0.9861932498060514,114.74459982397224,65.42089321613312,0.0,0.2733894164607833
3,P2,P2 / M3,5,source_pretrained_mlp,sample,363,11,4,0,0.8572120791197546,414.9433612880612,234.4490647315979,0.0,0.8516810477943244
3,P2,P2 / M3,5,source_pretrained_mlp,sample,389,11,6,4000,0.9561431815196089,232.01375089979723,142.1521245320638,1.0,0.3769694747706163
3,P2,P2 / M3,5,source_pretrained_mlp,sample,423,12,6,5000,0.9541071499167586,221.656987200464,164.59084036475733,1.0,3.60468633846564
3,P2,P2 / M3,5,source_pretrained_mlp,sample,621,18,6,5000,0.868262651086031,370.3048356106382,228.619440805912,1.0,0.3008061689627788
3,P2,P2 / M3,5,source_pretrained_mlp,sample,642,19,5,4000,0.8874627767113324,332.17059346820406,209.43680279254914,0.0,0.23204193997298497
3,P2,P2 / M3,5,source_pretrained_mlp,sample,694,21,4,1000,0.9773005462300864,161.44106909257226,106.67997352872044,1.0,3.0498357986643376
3,P2,P2 / M3,5,source_pretrained_mlp,sample,695,21,4,2000,0.8974352974732637,344.4258832109238,194.10245448350906,0.0,2.732542316527871
3,P2,P2 / M3,5,source_pretrained_mlp,sample,782,23,6,1000,0.9646069439238829,206.31095288207314,164.81033007303873,0.0,3.3782156030556063
3,P2,P2 / M3,5,source_pretrained_mlp,sample,881,26,6,1000,0.4156339680551271,799.5661317834144,489.653343390016,2.0,0.2522411079521045
3,P2,P2 / M3,5,source_pretrained_mlp,sample,990,30,4,0,0.862210453650514,405.0942708018731,277.0551143353805,1.0,0.7302249127978501
3,P2,P2 / M3,5,source_pretrained_mlp,sample,997,30,4,7000,-9.401965684779093,3338.6665682535313,1374.9796088022345,3.0,0.5334333448351685
3,P2,P2 / M3,5,source_pretrained_mlp,sample,1035,31,5,1000,0.8060652797792547,472.6903784833852,320.85954181291163,1.0,1.8848449062200858
3,P2,P2 / M3,5,source_pretrained_mlp,sample,1054,31,6,9000,0.6977880366570823,536.7231256917499,254.34728416942414,1.0,21.490650433288575
3,P2,P2 / M3,5,source_pretrained_mlp,sample,1056,32,4,0,0.8631814895690415,413.0276631425636,297.67751344045,1.0,0.9440320432565736
3,P2,P2 / M3,5,source_pretrained_mlp,sample,1070,32,5,3000,0.8290446553196742,425.07387391874573,213.34070791138544,0.0,0.2596425279251639
3,P2,P2 / M3,5,source_pretrained_mlp,sample,1107,33,5,7000,-6.639238816079062,2701.8138724028163,1063.8477594601482,3.0,0.4473886607556493
3,P2,P2 / M3,5,source_pretrained_mlp,sample,1168,35,5,2000,0.940682605423442,253.4447444136712,143.0201005433735,0.0,6.451540438922375
3,P2,P2 / M3,5,source_pretrained_mlp,sample,1224,37,4,3000,0.8541852866265822,384.05102719738704,213.23246637257662,0.0,0.35950759647536623
3,P2,P2 / M3,5,source_pretrained_mlp,sample,1273,38,5,8000,0.6746306919651824,560.7304757510933,364.9932270050049,1.0,19.975563421730417
3,P2,P2 / M3,5,source_pretrained_mlp,sample,1296,39,4,9000,0.9642267056716922,195.16568229140586,119.96968171175789,1.0,0.32954073834133946
3,P2,P2 / M3,5,source_pretrained_mlp,sample,1389,42,4,3000,0.9636287186638732,188.75290797542735,106.41557299007069,1.0,0.1959777604720954
3,P2,P2 / M3,5,source_pretrained_mlp,sample,1442,43,6,1000,0.7616869248333481,512.2223602366897,331.55095807711285,2.0,0.8461755860780809
3,P2,P2 / M3,5,source_pretrained_mlp,sample,1467,44,5,4000,0.9342486180173677,263.91091438119895,172.75266501778052,0.0,0.3130994810038641
3,P2,P2 / M3,5,source_pretrained_mlp,sample,1576,47,6,3000,0.9149614540910238,316.71883849968333,204.87333722412586,0.0,2.5134981357711417
3,P2,P2 / M3,5,source_pretrained_mlp,sample,1632,49,5,4000,0.8271008327567904,416.98418029498225,259.6485098884219,1.0,0.5987135252587238
3,P2,P2 / M3,5,source_pretrained_mlp,sample,1736,52,5,9000,0.9290925310992167,250.58569396736522,177.50389376553622,1.0,4.963563175685295
3,P2,P2 / M3,5,source_pretrained_mlp,sample,1867,56,5,8000,0.9574514926860425,190.3583433321028,122.67522003857985,1.0,0.9345542921987441
3,P2,P2 / M3,5,source_pretrained_mlp,sample,2061,62,5,4000,-0.09528534950570378,1068.7034657680585,676.2093312210507,1.0,2.3963775454959695
3,P2,P2 / M3,5,source_pretrained_mlp,sample,2192,66,5,3000,0.9975179128703177,51.37421169129622,33.82896426144768,0.0,0.22030245489034303
3,P2,P2 / M3,5,source_pretrained_mlp,sample,2237,67,6,4000,0.9949631910175807,74.65675321192788,44.8924982492861,1.0,0.5619143483873646
3,P2,P2 / M3,5,source_pretrained_mlp,sample,2276,68,6,10000,0.9150301390710238,285.91212124505677,164.58154829688695,0.0,7.229961128423007
3,P2,P2 / M3,5,source_pretrained_mlp,sample,2296,69,5,8000,0.9410464818446488,234.58669402045746,144.90207924842835,0.0,2.5842202829989964
3,P2,P2 / M3,5,source_pretrained_mlp,sample,2319,70,4,9000,0.9762690773332824,159.04131282124064,107.93283757041482,1.0,0.598824325174382
3,P2,P2 / M3,5,source_pretrained_mlp,sample,2345,71,4,2000,0.9188031043726615,310.8042891327906,175.25731412102195,0.0,0.20923070792808354
3,P2,P2 / M3,5,source_pretrained_mlp,sample,2388,72,5,1000,0.9469426404844958,238.96247068822674,131.4398304153891,1.0,0.23342802254026962
3,P2,P2 / M3,5,source_pretrained_mlp,sample,2424,73,5,4000,0.9847384387992842,130.34200944181873,74.19396362304687,0.0,0.5921134241870623
3,P2,P2 / M3,5,source_pretrained_mlp,sample,2508,76,4,0,0.9930275611497553,94.41442145248025,60.8733828663826,1.0,0.20835669090813078
3,P2,P2 / M3,5,source_pretrained_mlp,sample,2546,77,4,5000,0.8673071207711076,385.4275305658205,257.8538947806639,1.0,1.595068379812659
3,P2,P2 / M3,5,source_pretrained_mlp,sample,2573,77,6,10000,0.7133790274892404,535.6835650751246,290.2311720393953,0.0,19.942192039563885
3,P2,P2 / M3,5,source_pretrained_mlp,sample,2692,81,5,8000,0.9305989213793648,256.1906567432139,153.39500289214286,0.0,0.2990797110921262
3,P2,P2 / M3,5,source_pretrained_mlp,sample,2711,82,4,5000,0.9715524074492904,174.61395251966624,95.17538289019936,1.0,0.49955286258885917
3,P2,P2 / M3,5,source_pretrained_mlp,sample,2720,82,5,3000,0.9799757481590402,140.67048512513128,87.69165735766292,0.0,0.21442520292652256
3,P2,P2 / M3,5,source_pretrained_mlp,sample,2747,83,4,8000,0.9477818551333821,236.81096061242644,169.24493932724,0.0,1.7131160175202442
3,P2,P2 / M3,5,source_pretrained_mlp,sample,2857,86,5,8000,0.9081230103606671,284.78452382985597,188.69738833904267,0.0,1.2317164753654515
3,P2,P2 / M3,5,source_pretrained_mlp,sample,2858,86,5,9000,0.9376219597891544,230.3630814674753,146.202718463811,1.0,0.27386987902414767
3,P2,P2 / M3,5,source_pretrained_mlp,sample,3158,95,6,1000,0.9637871279703094,208.54344651087885,137.25018081068993,1.0,0.15370172942906743
3,P2,P2 / M3,5,source_pretrained_mlp,sample,3159,95,6,2000,0.988264842474979,118.17328719923165,73.82473328908284,0.0,0.33525227476264546
3,P2,P2 / M3,5,source_pretrained_mlp,sample,3236,98,4,2000,0.9969644987651144,60.29199376282269,32.82927368668949,0.0,0.04272285961037494
3,P2,P2 / M3,5,source_pretrained_mlp,sample,3266,98,6,10000,0.9761100734817931,153.61329804468437,107.97601300477982,0.0,2.0998117878923273
3,P2,P2 / M3,5,source_pretrained_mlp,sample,3331,100,6,9000,0.9615021287969464,198.90173958386833,126.09380713631126,0.0,0.2973279041030631
3,P2,P2 / M3,5,source_pretrained_mlp,sample,3332,100,6,10000,0.8897761910124907,328.66667098352497,222.27656572005327,1.0,1.4832594538029145
3,P2,P2 / M3,5,source_pretrained_mlp,sample,3337,101,4,4000,0.980839451543194,139.1015915899438,81.28992697373033,0.0,0.23439667494310912
3,P2,P2 / M3,5,source_pretrained_mlp,sample,3474,105,4,9000,0.9979994542562776,45.9105465785517,33.310708438648895,0.0,0.8387665520446537
3,P2,P2 / M3,5,source_pretrained_mlp,sample,3485,105,5,9000,0.9290892929654774,249.95448774877264,164.62864162921906,1.0,0.5489316688253107
3,P2,P2 / M3,5,source_pretrained_mlp,sample,3492,105,6,5000,0.9341399004934021,274.11293818413503,148.95688437013064,0.0,0.25200520786764724
3,P2,P2 / M3,5,source_pretrained_mlp,sample,3500,106,4,2000,0.9952964357977215,74.45524668385372,45.71357676562141,1.0,0.07865843469158776
3,P2,P2 / M3,5,source_pretrained_mlp,sample,3514,106,5,5000,0.9941625252165488,77.32768941023328,46.20496081643634,0.0,0.3701711937148413
3,P2,P2 / M3,5,source_pretrained_mlp,sample,3519,106,5,10000,0.9673832110617688,169.86251578428104,106.91523361206055,0.0,1.2490832038808082
3,P2,P2 / M3,5,source_pretrained_mlp,sample,3566,108,4,2000,0.9971203403689143,56.93611080944424,35.80403319994608,1.0,0.08100998351648915
3,P2,P2 / M3,5,source_pretrained_mlp,sample,3751,113,6,0,0.9818851642825617,146.19906344407272,67.95061221387651,1.0,0.26785887487996346
3,P2,P2 / M3,5,source_pretrained_mlp,sample,3772,114,4,10000,0.9738804098934458,156.4199881893793,96.27824673869394,0.0,0.5429426058291944
3,P2,P2 / M3,5,source_pretrained_mlp,sample,3805,115,4,10000,0.9499354380368216,231.27315894039856,140.9097121655941,0.0,1.9260107029398874
3,P2,P2 / M3,5,source_pretrained_mlp,sample,3828,116,4,0,0.9850384602256819,136.51779457471397,86.20508313179016,1.0,0.5782073832158955
3,P2,P2 / M3,5,source_pretrained_mlp,sample,3858,116,6,8000,0.9673107968277143,183.13105042261046,114.71445732367665,1.0,0.3551716220709329
3,P2,P2 / M3,5,source_pretrained_mlp,sample,3919,118,6,3000,0.9635336392737643,208.1096801622838,124.14254462718964,0.0,0.5543025809866781
3,P2,P2 / M3,5,source_pretrained_mlp,sample,4048,122,6,0,0.9628117932426401,209.89437257794242,125.3138605145847,1.0,0.21863433076484032
3,P2,P2 / M3,5,source_pretrained_mlp,sample,4188,126,6,8000,-0.042622600300871616,1057.2011626284575,499.35332719484967,3.0,0.3977655710576543
3,P2,P2 / M3,5,source_pretrained_mlp,sample,4189,126,6,9000,0.9907713741713787,97.10068874880196,72.77473957008786,0.0,0.8006495030442099
3,P2,P2 / M3,5,source_pretrained_mlp,sample,4193,127,4,2000,0.9576965309466696,221.69958018434988,157.2940412097507,0.0,2.0990076391986863
3,P2,P2 / M3,5,source_pretrained_mlp,sample,4225,128,4,1000,0.7680088507592465,520.559244314348,272.75256210565567,0.0,0.3173580237304772
3,P2,P2 / M3,5,source_pretrained_mlp,sample,4448,134,6,4000,0.978807664851659,150.88153479605265,88.77065471598976,0.0,0.23286534742781603
3,P2,P2 / M3,5,source_pretrained_mlp,sample,4461,135,4,6000,0.9834328188391731,130.94893118865633,100.30492069986131,0.0,2.314587563250064
3,P2,P2 / M3,5,source_pretrained_mlp,sample,4524,137,4,3000,0.9481110622863933,237.94321393385465,137.12972112705833,0.0,0.11837811993011237
3,P2,P2 / M3,5,source_pretrained_mlp,sample,4565,138,5,0,0.9704538964448616,183.15150288444082,113.52077992523418,1.0,0.40431491750338855
3,P2,P2 / M3,5,source_pretrained_mlp,sample,4607,139,5,9000,0.8300417983660607,396.26340323342043,225.57258791672555,1.0,0.7728084118085708
3,P2,P2 / M3,5,source_pretrained_mlp,sample,4647,140,6,5000,0.913700374407079,303.80247528582663,180.94367550548753,0.0,0.8385385572189644
3,P2,P2 / M3,5,source_pretrained_mlp,sample,4717,142,6,9000,0.44732590683555373,731.4342406183561,407.18006077565644,2.0,0.6984504625736632
3,P2,P2 / M3,5,source_pretrained_mlp,sample,4776,144,6,2000,0.970710540330527,173.1754547817615,96.54643205404281,0.0,0.23694831565272922
3,P2,P2 / M3,5,source_pretrained_mlp,sample,4792,145,4,7000,0.9300816191823686,265.0486832011687,182.62514764384218,1.0,1.5135839220491256
3,P2,P2 / M3,5,source_pretrained_mlp,sample,4826,146,4,8000,0.9603148185853285,199.03378111880906,123.70857480764388,0.0,0.18075937632690006
3,P2,P2 / M3,5,source_pretrained_mlp,sample,4849,146,6,9000,0.8897921957466718,330.50782617534554,234.0149956703186,1.0,2.2720873750046446
3,P2,P2 / M3,5,source_pretrained_mlp,sample,4869,147,5,7000,0.965434367706169,176.39781738049098,103.98102819351922,0.0,0.6136256190960269
3,P2,P2 / M3,5,source_pretrained_mlp,sample,4877,147,6,4000,0.9672792957138715,196.13931244227135,134.20043891270956,0.0,0.46012070828077295
3,P2,P2 / M3,5,source_pretrained_mlp,sample,4929,149,5,1000,0.97123575221309,178.15337385845302,112.9705087741216,0.0,0.9147444992722662
3,P2,P2 / M3,5,source_pretrained_mlp,sample,4949,149,6,10000,0.14962323703567504,899.7024897043851,465.84883696503107,3.0,1.0128156749608723
3,P2,P2 / M3,5,source_pretrained_mlp,sample,5043,152,6,5000,0.878194982480564,338.810436795508,200.36665062677292,1.0,0.3398260558614958
3,P2,P2 / M3,5,source_pretrained_mlp,sample,5101,154,5,8000,0.8170511673498956,384.95422363991366,226.04120336174964,1.0,0.6167947576694777
3,P2,P2 / M3,5,source_pretrained_mlp,sample,5112,154,6,8000,0.9498348785241106,212.78901200533346,117.52226036527883,0.0,0.14240550652654418
3,P2,P2 / M3,5,source_pretrained_mlp,sample,5144,155,6,7000,0.9643890785053255,194.29253040862397,122.16764018270705,0.0,0.7055475907282144
3,P2,P2 / M3,5,source_pretrained_mlp,sample,5316,161,4,3000,0.8892828659791319,335.90948639079585,195.88745339711508,1.0,0.31817397873664016
3,P2,P2 / M3,5,source_pretrained_mlp,sample,5381,163,4,2000,0.9699391749231887,187.84967642591766,116.0513143380483,0.0,0.442134755424208
3,P2,P2 / M3,5,source_pretrained_mlp,sample,5384,163,4,5000,0.9759137285255485,156.33719742578418,65.89885122030974,0.0,0.1738401372637822
3,P2,P2 / M3,5,source_pretrained_mlp,sample,5414,164,4,2000,-0.5259226543118345,1317.0368781141328,867.5209422111511,9.0,4.25421001005304
3,P2,P2 / M3,5,source_pretrained_mlp,sample,5534,167,6,1000,0.9969546487603289,63.14693868792244,41.75417266573225,1.0,0.49526186420413576
3,P2,P2 / M3,5,source_pretrained_mlp,sample,5617,170,4,7000,0.9484239195416906,220.50632309380026,146.20879093805948,1.0,0.3689659525134946
3,P2,P2 / M3,5,source_pretrained_mlp,sample,5658,171,5,4000,0.9600150860073051,200.38961702249472,94.65599309073554,0.0,0.35535448338185555
3,P2,P2 / M3,5,source_pretrained_mlp,sample,5694,172,5,7000,0.9733405851712645,159.88195232821914,105.80121397972107,0.0,6.64811149697122
3,P2,P2 / M3,5,source_pretrained_mlp,sample,5816,176,4,8000,0.9425970395381553,228.00454676547446,153.82967392603555,0.0,2.875410770821541
3,P2,P2 / M3,5,source_pretrained_mlp,sample,5841,177,4,0,0.991600331389232,102.05212497536155,61.30999282690195,0.0,0.4238495757805469
3,P2,P2 / M3,5,source_pretrained_mlp,sample,5843,177,4,2000,-0.42281447616526857,1185.1146970279246,704.9236571138555,15.0,1.8083782618207813
3,P2,P2 / M3,5,source_pretrained_mlp,sample,5858,177,5,6000,0.8870006010253704,319.342246153772,201.71474986984617,1.0,0.25815453628272234
3,P2,P2 / M3,5,source_pretrained_mlp,sample,5887,178,5,2000,-0.45999669357664597,1220.3795484621344,760.4953573491424,14.0,2.5711481063410444
3,P2,P2 / M3,5,source_pretrained_mlp,sample,6248,189,5,0,-0.8201413020861501,1382.840383642824,772.527706873417,2.0,0.1952038757181844
3,P2,P2 / M3,5,source_pretrained_mlp,sample,6299,190,6,7000,0.9953677179562224,68.07412658518481,44.916717529296875,0.0,0.6556696213352923
3,P2,P2 / M3,5,source_pretrained_mlp,sample,6359,192,6,1000,0.9925450002509388,91.28832689389243,52.56838756799698,0.0,0.21176086738121766
3,P2,P2 / M3,5,source_pretrained_mlp,sample,6407,194,4,5000,-31.241890787894377,5774.082430948677,2965.3590465121797,12.0,267.00228427434257
3,P2,P2 / M3,5,source_pretrained_mlp,sample,6425,194,6,1000,0.9724104584830681,181.1885480688559,133.3228472130639,0.0,1.803407950020783
3,P2,P2 / M3,5,source_pretrained_mlp,sample,6466,195,6,9000,0.9458090893870738,221.9250168583298,136.62077127184187,1.0,0.5870052482233789
3,P2,P2 / M3,5,source_pretrained_mlp,sample,6743,204,5,0,0.975525629007972,166.51590614512116,109.96789233386517,0.0,0.31802221234583616
3,P2,P2 / M3,5,source_pretrained_mlp,sample,6752,204,5,9000,0.7150968370163386,499.9076675660574,267.35783659219743,3.0,0.28118090991942646
3,P2,P2 / M3,5,source_pretrained_mlp,sample,6762,204,6,8000,0.9348175696153818,260.96411039513373,119.37710602581501,1.0,10.949777944118745
3,P2,P2 / M3,5,source_pretrained_mlp,sample,6839,207,4,8000,0.9020691375621825,294.6967335482372,168.96863335371017,0.0,11.766355024903394
3,P2,P2 / M3,5,source_pretrained_mlp,sample,6878,208,5,3000,0.9492966449676897,212.2612925146944,135.28953750928244,0.0,0.28054466124221833
3,P2,P2 / M3,5,source_pretrained_mlp,sample,6970,211,4,7000,0.8658536170537869,363.86912375675047,153.0573500959497,0.0,17.052761581883217
3,P2,P2 / M3,5,source_pretrained_mlp,sample,6983,211,5,9000,0.8775182682108317,317.8062027225535,166.9795451902208,2.0,0.2476168325697039
3,P2,P2 / M3,5,source_pretrained_mlp,sample,6987,211,6,2000,-0.05485831445137923,1036.4494653630475,569.9471560277437,3.0,0.41256114327073706
3,P2,P2 / M3,5,source_pretrained_mlp,sample,7035,213,4,6000,0.9876122694515161,110.59914044873604,70.91432926058769,0.0,0.498927082909517
3,P2,P2 / M3,5,source_pretrained_mlp,sample,7063,214,4,1000,0.8561356737310484,383.6490488823838,233.8850714802742,1.0,2.0600998842677636
3,P2,P2 / M3,5,source_pretrained_mlp,sample,7090,214,6,6000,0.9072546300850529,296.49955897438224,196.58826842572955,1.0,0.22336623493540544
3,P2,P2 / M3,5,source_pretrained_mlp,sample,7141,216,5,2000,0.9802641395875024,138.22442298959862,90.24516514727944,0.0,0.17061417541368856
3,P2,P2 / M3,5,source_pretrained_mlp,sample,7214,218,5,9000,-16.719276386818805,3845.7161478190305,1377.3485543891788,3.0,0.30838329800169667
3,P2,P2 / M3,5,source_pretrained_mlp,sample,7257,219,6,8000,0.9330716273634336,251.75298596647048,165.26265926737534,0.0,0.5851523538549523
3,P2,P2 / M3,5,source_pretrained_mlp,sample,7309,221,5,5000,0.8892877658542241,314.93007531667064,206.52776664495468,1.0,0.5986668048374264
3,P2,P2 / M3,5,source_pretrained_mlp,sample,7333,222,4,7000,0.9008502113754878,314.2818793391124,121.498436027103,0.0,14.774040086683483
3,P2,P2 / M3,5,source_pretrained_mlp,sample,7411,224,5,8000,0.9655220749632398,172.51268866634317,91.97253983337433,0.0,0.4187830208709336
3,P2,P2 / M3,5,source_pretrained_mlp,sample,7422,224,6,8000,0.9497268253547039,217.45680799392346,125.82245808485008,0.0,0.38693612263018135
3,P2,P2 / M3,5,source_pretrained_mlp,sample,7439,225,5,3000,0.9350560656205813,254.40991773265404,157.77096577251658,0.0,0.12261809717799628
3,P2,P2 / M3,5,source_pretrained_mlp,sample,7451,225,6,4000,0.8700466845672947,378.66296986104715,265.5852365811666,0.0,2.41649442830901
3,P2,P2 / M3,5,source_pretrained_mlp,sample,7578,229,5,10000,-6.139976973926745,2403.4470892628183,947.9326034727551,7.0,117.54826037781925
3,P2,P2 / M3,5,source_pretrained_mlp,sample,7764,235,4,9000,0.5817208405194103,634.2691665808985,315.4837044547586,0.0,0.5292368455968929
3,P2,P2 / M3,5,source_pretrained_mlp,sample,7785,235,6,8000,0.7603917453016912,470.7126641263469,220.0639239947001,2.0,0.18014662592574393
3,P2,P2 / M3,5,source_pretrained_mlp,sample,7869,238,5,4000,0.9453200130008871,221.1530404005597,135.767333658118,0.0,0.4404767859104863
3,P2,P2 / M3,5,source_pretrained_mlp,sample,7884,238,6,8000,0.6041940713078794,616.6431597268089,238.30337884691028,2.0,0.209517197672485
3,P2,P2 / M3,5,source_pretrained_mlp,sample,7923,240,4,3000,0.9902563619353032,99.76301517816161,62.08539607789781,0.0,0.4599765078029768
3,P2,P2 / M3,5,source_pretrained_mlp,sample,7931,240,5,0,-0.4897414216023446,1298.2320703374012,842.9742606667911,9.0,3.447789686833978
3,P2,P2 / M3,5,source_pretrained_mlp,sample,7948,240,6,6000,0.9758278877207146,158.92787441059178,105.22181157504811,1.0,0.4653446297318717
3,P2,P2 / M3,5,source_pretrained_mlp,sample,7971,241,5,7000,0.9409156495326189,226.27226933792633,139.83104246854782,1.0,0.2850782910628666
3,P2,P2 / M3,5,source_pretrained_mlp,sample,8015,242,6,7000,0.9758960115261336,156.22395003963527,102.3721961081028,0.0,0.3784413813117503
3,P2,P2 / M3,5,source_pretrained_mlp,sample,8259,250,4,9000,0.8046042228026103,414.0961536028143,223.83493582407633,1.0,15.95537568734013
3,P2,P2 / M3,5,source_pretrained_mlp,sample,8325,252,4,9000,0.977405229507193,151.65596028841955,105.25918206714448,1.0,1.9650678861481794
3,P2,P2 / M3,5,source_pretrained_mlp,sample,8330,252,5,3000,0.8604823173652765,380.2473214238082,242.1991592645645,1.0,0.21489181167949248
3,P2,P2 / M3,5,source_pretrained_mlp,sample,8407,254,6,3000,0.965023856651235,196.54826806676112,105.24152736663818,0.0,0.35008868896615525
3,P2,P2 / M3,5,source_pretrained_mlp,sample,8441,255,6,4000,0.9816388459693689,149.3712028902745,101.13741781976488,0.0,0.6159722333500648
3,P2,P2 / M3,5,proposed_prior_regularized,sample,33,1,4,0,0.9850398446576961,132.48027951210287,93.04305871327718,0.0,0.600297672795821
3,P2,P2 / M3,5,proposed_prior_regularized,sample,34,1,4,1000,0.9844761660691138,137.90680861293885,88.52581011454264,1.0,0.38810807003731623
3,P2,P2 / M3,5,proposed_prior_regularized,sample,107,3,4,8000,0.9575645758793794,202.25933478900626,129.17461599622453,0.0,0.2717584554387852
3,P2,P2 / M3,5,proposed_prior_regularized,sample,117,3,5,7000,0.9760404995899516,147.27491099655293,87.15011671611241,1.0,0.40014940833991075
3,P2,P2 / M3,5,proposed_prior_regularized,sample,166,5,4,1000,0.9029555869682417,323.407407145111,215.24886581772253,1.0,0.11180260475950926
3,P2,P2 / M3,5,proposed_prior_regularized,sample,279,8,5,4000,0.8856421659190022,332.5197171731992,181.4275178551674,1.0,0.22984149213068683
3,P2,P2 / M3,5,proposed_prior_regularized,sample,281,8,5,6000,0.9346465532110677,249.64379205510713,146.27561757564544,0.0,0.33380931158056726
3,P2,P2 / M3,5,proposed_prior_regularized,sample,363,11,4,0,0.9977393705986815,52.21049028960039,34.410504668951035,0.0,0.17005073290662465
3,P2,P2 / M3,5,proposed_prior_regularized,sample,389,11,6,4000,0.9903044991167395,109.08883121538047,75.95646095275879,0.0,0.676643873627627
3,P2,P2 / M3,5,proposed_prior_regularized,sample,423,12,6,5000,0.9230142168619839,287.0874297731574,161.32447725848147,1.0,0.3834826659460228
3,P2,P2 / M3,5,proposed_prior_regularized,sample,621,18,6,5000,0.9673223202597696,184.4295597883975,107.86334729194641,0.0,0.30294028865448214
3,P2,P2 / M3,5,proposed_prior_regularized,sample,642,19,5,4000,0.9898909528833262,99.55617332677984,61.02175070047379,0.0,0.30839625198966264
3,P2,P2 / M3,5,proposed_prior_regularized,sample,694,21,4,1000,0.9963472204844955,64.76167172635786,34.883229941129684,0.0,0.22252589041618806
3,P2,P2 / M3,5,proposed_prior_regularized,sample,695,21,4,2000,0.9864387953977646,125.24083444547503,68.40074588358402,0.0,0.4711874485122642
3,P2,P2 / M3,5,proposed_prior_regularized,sample,782,23,6,1000,0.9764079586461639,168.44030271241772,106.85591583251953,1.0,0.5915875338888854
3,P2,P2 / M3,5,proposed_prior_regularized,sample,881,26,6,1000,0.9243701801572729,287.6460675923247,176.1517804510453,1.0,0.3878180734191872
3,P2,P2 / M3,5,proposed_prior_regularized,sample,990,30,4,0,0.9804848181851633,152.45240038903498,93.67348617315292,0.0,0.14434980372960426
3,P2,P2 / M3,5,proposed_prior_regularized,sample,997,30,4,7000,0.9277612714772622,278.22771346737596,180.12684127863716,0.0,1.009049758631248
3,P2,P2 / M3,5,proposed_prior_regularized,sample,1035,31,5,1000,0.9583403686990531,219.0819962068198,150.11445604264736,1.0,0.3715475807249026
3,P2,P2 / M3,5,proposed_prior_regularized,sample,1054,31,6,9000,0.9956747274436962,64.20978588848301,42.916647184462775,0.0,0.504783106664716
3,P2,P2 / M3,5,proposed_prior_regularized,sample,1056,32,4,0,0.986207029767046,131.14013025327523,77.01809544563294,0.0,0.23874631299477306
3,P2,P2 / M3,5,proposed_prior_regularized,sample,1070,32,5,3000,0.9920851354601153,91.46286785569747,50.062632428275215,0.0,0.39370025280624477
3,P2,P2 / M3,5,proposed_prior_regularized,sample,1107,33,5,7000,0.9823186013395973,129.98363917628407,88.02641943881386,0.0,0.4193824524848508
3,P2,P2 / M3,5,proposed_prior_regularized,sample,1168,35,5,2000,0.989285801193023,107.71398828457046,71.05143998798572,0.0,0.14837732447059998
3,P2,P2 / M3,5,proposed_prior_regularized,sample,1224,37,4,3000,0.9288805557550223,268.2146119435703,143.0804480747743,1.0,0.8154555034055454
3,P2,P2 / M3,5,proposed_prior_regularized,sample,1273,38,5,8000,0.9831244929462504,127.70099591338389,90.9803748005315,1.0,1.2879999874298895
3,P2,P2 / M3,5,proposed_prior_regularized,sample,1296,39,4,9000,0.9906864302004417,99.58228175810109,61.541202545166016,0.0,0.171038456988123
3,P2,P2 / M3,5,proposed_prior_regularized,sample,1389,42,4,3000,0.8375619556146158,398.8946639454796,247.4954660697417,1.0,0.33076063121179905
3,P2,P2 / M3,5,proposed_prior_regularized,sample,1442,43,6,1000,0.8778270155040013,366.7517452196753,218.19579877172197,0.0,0.2873288403049926
3,P2,P2 / M3,5,proposed_prior_regularized,sample,1467,44,5,4000,0.9815929588098097,139.63583963355327,90.44245654658268,1.0,0.20864617409621922
3,P2,P2 / M3,5,proposed_prior_regularized,sample,1576,47,6,3000,0.9889887997797205,113.9681013289574,73.15512864291668,1.0,0.936643132211444
3,P2,P2 / M3,5,proposed_prior_regularized,sample,1632,49,5,4000,0.9415147296362664,242.51934076792145,144.39519634700957,1.0,0.44862855446757516
3,P2,P2 / M3,5,proposed_prior_regularized,sample,1736,52,5,9000,0.9606625333747143,186.64376025701856,116.45533501018177,0.0,0.22462151015961243
3,P2,P2 / M3,5,proposed_prior_regularized,sample,1867,56,5,8000,0.9936206604302569,73.70850661480435,44.29485608183819,0.0,0.11581511976410512
3,P2,P2 / M3,5,proposed_prior_regularized,sample,2061,62,5,4000,0.9917692652188966,92.64305806969539,50.263415813446045,0.0,0.1292079780797108
3,P2,P2 / M3,5,proposed_prior_regularized,sample,2192,66,5,3000,0.9859574494185019,122.19675075500642,73.04380566933575,0.0,0.2350468929475558
3,P2,P2 / M3,5,proposed_prior_regularized,sample,2237,67,6,4000,0.9671703781454153,190.6006153854034,115.59360432624817,0.0,0.48175093396358126
3,P2,P2 / M3,5,proposed_prior_regularized,sample,2276,68,6,10000,0.9601444611906267,195.81432339071384,114.8917090996452,1.0,0.9093254462284461
3,P2,P2 / M3,5,proposed_prior_regularized,sample,2296,69,5,8000,0.9701353659635479,166.9656412457708,110.22890892028809,0.0,0.5162302798825672
3,P2,P2 / M3,5,proposed_prior_regularized,sample,2319,70,4,9000,0.9587282921481511,209.73883930321205,124.09710168838501,0.0,0.300165989744841
3,P2,P2 / M3,5,proposed_prior_regularized,sample,2345,71,4,2000,0.9767121115620746,166.44944322550953,100.44880900663487,1.0,0.13608663956454795
3,P2,P2 / M3,5,proposed_prior_regularized,sample,2388,72,5,1000,0.9768789417319935,157.74686520664056,100.76465493090012,0.0,0.23505731982501815
3,P2,P2 / M3,5,proposed_prior_regularized,sample,2424,73,5,4000,0.9796676957614083,150.44516348027815,105.16364801724752,0.0,0.5576994305529258
3,P2,P2 / M3,5,proposed_prior_regularized,sample,2508,76,4,0,0.9910081769625741,107.21853152621733,65.439118668437,1.0,0.3605667808597044
3,P2,P2 / M3,5,proposed_prior_regularized,sample,2546,77,4,5000,0.9062808174244095,323.9165734778106,212.71576506951277,1.0,0.44627911224916167
3,P2,P2 / M3,5,proposed_prior_regularized,sample,2573,77,6,10000,0.8809098397577942,345.29658207007816,229.09742683456057,1.0,1.029323741381855
3,P2,P2 / M3,5,proposed_prior_regularized,sample,2692,81,5,8000,0.9982446428299578,40.743930809576426,28.157088731464587,1.0,0.3542446903804394
3,P2,P2 / M3,5,proposed_prior_regularized,sample,2711,82,4,5000,0.9429697841660316,247.23428222329244,123.9834406124918,1.0,0.2903416580293528
3,P2,P2 / M3,5,proposed_prior_regularized,sample,2720,82,5,3000,0.9452394783276507,232.62619881784522,146.4559084057808,0.0,0.3461026921608251
3,P2,P2 / M3,5,proposed_prior_regularized,sample,2747,83,4,8000,0.962005992205667,201.9987276248709,130.75520676060728,1.0,0.5972359009800985
3,P2,P2 / M3,5,proposed_prior_regularized,sample,2857,86,5,8000,0.986363688634018,109.71385134861947,65.74184435606003,0.0,0.20231780196123525
3,P2,P2 / M3,5,proposed_prior_regularized,sample,2858,86,5,9000,0.9938487090375515,72.34027432061445,49.52891671657562,0.0,0.6192085173330022
3,P2,P2 / M3,5,proposed_prior_regularized,sample,3158,95,6,1000,0.9972440476997593,57.53086581151887,40.95936471223831,0.0,0.42740034450334047
3,P2,P2 / M3,5,proposed_prior_regularized,sample,3159,95,6,2000,0.9870872304775377,123.96085249197478,78.9628288269043,0.0,0.7038676988430661
3,P2,P2 / M3,5,proposed_prior_regularized,sample,3236,98,4,2000,0.9818257760170053,147.52729405147684,103.11330666261561,0.0,0.59527565237457
3,P2,P2 / M3,5,proposed_prior_regularized,sample,3266,98,6,10000,0.8008817930973621,443.48291437451377,256.5157251119614,1.0,0.19325282718889636
3,P2,P2 / M3,5,proposed_prior_regularized,sample,3331,100,6,9000,0.9665747190899135,185.3351341639294,128.87874305949492,1.0,0.527478448421766
3,P2,P2 / M3,5,proposed_prior_regularized,sample,3332,100,6,10000,0.8930165523281737,323.7995592420332,204.7031058704152,1.0,0.6829714393750045
3,P2,P2 / M3,5,proposed_prior_regularized,sample,3337,101,4,4000,0.95014319056406,224.383218077868,135.56737260818483,0.0,0.30470609172156315
3,P2,P2 / M3,5,proposed_prior_regularized,sample,3474,105,4,9000,0.9919712733062412,91.97325510407258,58.791463894002575,1.0,0.25846595558309204
3,P2,P2 / M3,5,proposed_prior_regularized,sample,3485,105,5,9000,0.9362729560025735,236.95556775475038,148.21256138086318,1.0,0.6094964662299097
3,P2,P2 / M3,5,proposed_prior_regularized,sample,3492,105,6,5000,0.9849493781100477,131.03749015797138,86.28293072476106,1.0,0.5504942144210706
3,P2,P2 / M3,5,proposed_prior_regularized,sample,3500,106,4,2000,0.988115257840809,118.35228596687499,79.90837509491864,0.0,0.37431173668362855
3,P2,P2 / M3,5,proposed_prior_regularized,sample,3514,106,5,5000,0.9976931186012044,48.61106749666512,34.579099244541595,0.0,0.3879848286202023
3,P2,P2 / M3,5,proposed_prior_regularized,sample,3519,106,5,10000,0.9949450720005188,66.8704795011525,40.77868149394081,0.0,0.36211307128442755
3,P2,P2 / M3,5,proposed_prior_regularized,sample,3566,108,4,2000,0.9819059710229264,142.72000744366608,89.66655892795987,1.0,0.07942751142992444
3,P2,P2 / M3,5,proposed_prior_regularized,sample,3751,113,6,0,0.9596356533422943,218.2359805707389,135.11515539222293,0.0,0.11135788919305131
3,P2,P2 / M3,5,proposed_prior_regularized,sample,3772,114,4,10000,0.8674888161714825,352.318409772644,210.37152783437207,1.0,0.11588134950354133
3,P2,P2 / M3,5,proposed_prior_regularized,sample,3805,115,4,10000,0.9873546589571028,116.23188884326477,74.2130668759346,0.0,0.4331085764533184
3,P2,P2 / M3,5,proposed_prior_regularized,sample,3828,116,4,0,0.9331439648415483,288.5834537648413,175.501735051473,1.0,0.4360114356494504
3,P2,P2 / M3,5,proposed_prior_regularized,sample,3858,116,6,8000,0.9565304512672257,211.17980529831542,124.01774805470517,0.0,1.2523167593103597
3,P2,P2 / M3,5,proposed_prior_regularized,sample,3919,118,6,3000,0.9899424399725966,109.29300991901236,71.69882547855377,0.0,0.4849707502774191
3,P2,P2 / M3,5,proposed_prior_regularized,sample,4048,122,6,0,0.9766778932391251,166.21953616934633,97.12066641975852,0.0,0.572891701862239
3,P2,P2 / M3,5,proposed_prior_regularized,sample,4188,126,6,8000,0.9767194067206403,157.9759903223245,104.28867582480113,0.0,0.45918229353095913
3,P2,P2 / M3,5,proposed_prior_regularized,sample,4189,126,6,9000,0.6991513456454894,554.4058804300715,328.23309383127423,1.0,0.24941440603885512
3,P2,P2 / M3,5,proposed_prior_regularized,sample,4193,127,4,2000,0.9314781936937776,282.1572934754895,179.72202293078104,1.0,0.2626447065004616
3,P2,P2 / M3,5,proposed_prior_regularized,sample,4225,128,4,1000,0.9973299227316798,55.8465526620848,39.762764781713486,0.0,0.15381075522843174
3,P2,P2 / M3,5,proposed_prior_regularized,sample,4448,134,6,4000,0.9806168762017331,144.29742168344316,90.3944655092139,0.0,0.34101374178524535
3,P2,P2 / M3,5,proposed_prior_regularized,sample,4461,135,4,6000,0.9898497260850905,102.49826841034721,65.75728073385027,0.0,0.3323397277641802
3,P2,P2 / M3,5,proposed_prior_regularized,sample,4524,137,4,3000,0.9603863642605897,207.90181720035864,129.3981409072876,0.0,0.16856753670446922
3,P2,P2 / M3,5,proposed_prior_regularized,sample,4565,138,5,0,0.9772010011340657,160.88600486184208,102.27661813006682,1.0,0.7602736723342657
3,P2,P2 / M3,5,proposed_prior_regularized,sample,4607,139,5,9000,0.959622707149403,193.14412409228422,114.65327980643825,0.0,0.506439142854385
3,P2,P2 / M3,5,proposed_prior_regularized,sample,4647,140,6,5000,0.9692856428636286,181.2414663237558,113.4816474412617,0.0,0.5412597570440222
3,P2,P2 / M3,5,proposed_prior_regularized,sample,4717,142,6,9000,0.9724227956484146,163.38638055608288,110.23280215263367,0.0,0.9521725551353603
3,P2,P2 / M3,5,proposed_prior_regularized,sample,4776,144,6,2000,0.8421768762576782,401.9906708461446,253.2403242945671,1.0,0.16929391805597002
3,P2,P2 / M3,5,proposed_prior_regularized,sample,4792,145,4,7000,0.9360119197241143,253.55928022903896,171.09946626111082,1.0,0.7240366968790397
3,P2,P2 / M3,5,proposed_prior_regularized,sample,4826,146,4,8000,0.8555194980371451,379.7670049120246,235.865838098526,1.0,0.3361643472285886
3,P2,P2 / M3,5,proposed_prior_regularized,sample,4849,146,6,9000,0.776800424255438,470.35119876092114,269.132972073555,0.0,0.26572682960811583
3,P2,P2 / M3,5,proposed_prior_regularized,sample,4869,147,5,7000,0.9882652684453648,102.77974453616251,59.74712691988264,0.0,0.2555712658126967
3,P2,P2 / M3,5,proposed_prior_regularized,sample,4877,147,6,4000,0.996297354758186,65.97955449520771,42.212261231740314,0.0,0.3614793192916359
3,P2,P2 / M3,5,proposed_prior_regularized,sample,4929,149,5,1000,0.9879333246792235,115.38818825314345,67.46675977442,1.0,0.4733470295203846
3,P2,P2 / M3,5,proposed_prior_regularized,sample,4949,149,6,10000,0.8371989062320266,393.66054490224644,219.31722280714246,1.0,1.1478317273744831
3,P2,P2 / M3,5,proposed_prior_regularized,sample,5043,152,6,5000,0.9196874697869033,275.11599769854877,158.04574918746948,1.0,0.4124626755451015
3,P2,P2 / M3,5,proposed_prior_regularized,sample,5101,154,5,8000,0.9309816055447963,236.4431266900208,142.57150981903075,1.0,0.14869118183372163
3,P2,P2 / M3,5,proposed_prior_regularized,sample,5112,154,6,8000,0.9891954584238704,98.75325891360978,58.99071278779403,1.0,0.31979216649510267
3,P2,P2 / M3,5,proposed_prior_regularized,sample,5144,155,6,7000,0.9839312227130715,130.51364359838388,81.32597838507758,0.0,0.6762544981642832
3,P2,P2 / M3,5,proposed_prior_regularized,sample,5316,161,4,3000,0.8219301027194629,426.0004965628572,265.637886376608,1.0,0.1477784336372439
3,P2,P2 / M3,5,proposed_prior_regularized,sample,5381,163,4,2000,0.982494549079595,143.34965569766408,95.628173828125,0.0,0.1665853203944902
3,P2,P2 / M3,5,proposed_prior_regularized,sample,5384,163,4,5000,0.9626199910955368,194.75886462599985,94.90254280567169,0.0,0.12809840941710093
3,P2,P2 / M3,5,proposed_prior_regularized,sample,5414,164,4,2000,0.9807269989879478,148.01521061585524,88.08308979868889,1.0,0.21550823039578135
3,P2,P2 / M3,5,proposed_prior_regularized,sample,5534,167,6,1000,0.8779276968819901,399.79943447959323,241.7267552443913,1.0,0.9347290790552604
3,P2,P2 / M3,5,proposed_prior_regularized,sample,5617,170,4,7000,0.9555755687938636,204.6481477102274,114.52608647800628,0.0,0.4807708977165143
3,P2,P2 / M3,5,proposed_prior_regularized,sample,5658,171,5,4000,0.970024665947972,173.50386274696322,106.03950537575616,0.0,0.6184034698290698
3,P2,P2 / M3,5,proposed_prior_regularized,sample,5694,172,5,7000,0.9985141220404185,37.74554556641387,24.771359848976136,1.0,0.263555606216202
3,P2,P2 / M3,5,proposed_prior_regularized,sample,5816,176,4,8000,0.9550037863999127,201.8665435817998,101.1400899205889,0.0,0.29090066345363275
3,P2,P2 / M3,5,proposed_prior_regularized,sample,5841,177,4,0,0.9726361820825249,184.19562981649779,131.24786136700556,0.0,2.2023492771117934
3,P2,P2 / M3,5,proposed_prior_regularized,sample,5843,177,4,2000,0.891838184261385,326.7557442303271,192.6981416507201,1.0,0.04401408455623409
3,P2,P2 / M3,5,proposed_prior_regularized,sample,5858,177,5,6000,0.9821878073102045,126.78766427438332,68.37271163577125,0.0,0.23099426902828057
3,P2,P2 / M3,5,proposed_prior_regularized,sample,5887,178,5,2000,0.9877018355890924,112.005444061513,59.47102617025375,1.0,0.10189552283678721
3,P2,P2 / M3,5,proposed_prior_regularized,sample,6248,189,5,0,0.690485743029277,570.2428267121553,351.40629143714904,1.0,0.1504417845902114
3,P2,P2 / M3,5,proposed_prior_regularized,sample,6299,190,6,7000,0.9888760868591441,105.49050596169756,72.78862027560963,0.0,0.966974563275872
3,P2,P2 / M3,5,proposed_prior_regularized,sample,6359,192,6,1000,0.9837040374363024,134.96819506642163,87.09691922366619,0.0,0.6700511103901668
3,P2,P2 / M3,5,proposed_prior_regularized,sample,6407,194,4,5000,0.9774251351287315,152.78661458695214,90.50767824384901,0.0,0.48913371189225097
3,P2,P2 / M3,5,proposed_prior_regularized,sample,6425,194,6,1000,0.9913559494043992,101.41849306256516,79.55103387151446,1.0,1.837308140906341
3,P2,P2 / M3,5,proposed_prior_regularized,sample,6466,195,6,9000,0.9037119990175959,295.8210827752388,194.09790258180527,1.0,1.0544295922103437
3,P2,P2 / M3,5,proposed_prior_regularized,sample,6743,204,5,0,0.9905884501012812,103.25962182164983,62.85826610028744,0.0,0.14215796137990952
3,P2,P2 / M3,5,proposed_prior_regularized,sample,6752,204,5,9000,0.9659635608460124,172.78785839901852,100.3737197637558,1.0,0.5919830691728971
3,P2,P2 / M3,5,proposed_prior_regularized,sample,6762,204,6,8000,0.99706757723181,55.35142433980488,32.81071177124977,0.0,1.1226321134926562
3,P2,P2 / M3,5,proposed_prior_regularized,sample,6839,207,4,8000,0.9888754875786142,99.32441713351398,59.19011754989624,0.0,0.12355889289705438
3,P2,P2 / M3,5,proposed_prior_regularized,sample,6878,208,5,3000,0.9916244172972701,86.27003442921094,50.32288444609869,0.0,0.1490022760553053
3,P2,P2 / M3,5,proposed_prior_regularized,sample,6970,211,4,7000,0.9306562774461172,261.6129857729467,174.4441274592751,1.0,0.38502799158822054
3,P2,P2 / M3,5,proposed_prior_regularized,sample,6983,211,5,9000,0.9941340707600044,69.54967741409851,41.14158315885635,1.0,0.16503209789701173
3,P2,P2 / M3,5,proposed_prior_regularized,sample,6987,211,6,2000,0.9318583523083881,263.4252385804597,164.02719389764886,0.0,1.9742241061394799
3,P2,P2 / M3,5,proposed_prior_regularized,sample,7035,213,4,6000,0.9935671985660964,79.69956473533956,57.503034859895706,1.0,0.3647095913196708
3,P2,P2 / M3,5,proposed_prior_regularized,sample,7063,214,4,1000,0.9222621083297393,282.016128765433,181.4346808075905,1.0,0.6819731584110372
3,P2,P2 / M3,5,proposed_prior_regularized,sample,7090,214,6,6000,0.9933896068014898,79.15741063312994,55.03836525811089,0.0,0.4189247723326081
3,P2,P2 / M3,5,proposed_prior_regularized,sample,7141,216,5,2000,0.9794210437656619,141.1459512656562,92.09711359676562,0.0,0.21085099151742917
3,P2,P2 / M3,5,proposed_prior_regularized,sample,7214,218,5,9000,0.9768324400364337,139.05748886610667,91.82360316514969,1.0,0.6231625135970131
3,P2,P2 / M3,5,proposed_prior_regularized,sample,7257,219,6,8000,0.8945930329051905,315.9396672267086,188.04304880844919,1.0,1.0806596795140093
3,P2,P2 / M3,5,proposed_prior_regularized,sample,7309,221,5,5000,0.9918498461551987,85.4474748577111,49.669437289237976,1.0,0.1997752158038848
3,P2,P2 / M3,5,proposed_prior_regularized,sample,7333,222,4,7000,0.9882386414662468,108.24359053139457,79.81371675597296,0.0,0.7348311739754005
3,P2,P2 / M3,5,proposed_prior_regularized,sample,7411,224,5,8000,0.9902206399725234,91.87676618726424,60.729963946342465,0.0,0.33407001364910166
3,P2,P2 / M3,5,proposed_prior_regularized,sample,7422,224,6,8000,0.780737348464182,454.1373111212843,294.54743930271695,1.0,0.8461260619221458
3,P2,P2 / M3,5,proposed_prior_regularized,sample,7439,225,5,3000,0.9718419170935401,167.51985236908567,107.34392533582799,0.0,0.6984137264057666
3,P2,P2 / M3,5,proposed_prior_regularized,sample,7451,225,6,4000,0.9452237210561159,245.8416250635823,170.45399440129597,1.0,1.0208622992078695
3,P2,P2 / M3,5,proposed_prior_regularized,sample,7578,229,5,10000,0.9963966920251466,53.99292452081073,34.67394540423439,0.0,0.5148332024794817
3,P2,P2 / M3,5,proposed_prior_regularized,sample,7764,235,4,9000,0.9574170880364442,202.37560718072294,140.23230642430923,1.0,0.442048306372124
3,P2,P2 / M3,5,proposed_prior_regularized,sample,7785,235,6,8000,0.9678995081923594,172.29030428539747,108.32550411754184,0.0,0.3652995073992234
3,P2,P2 / M3,5,proposed_prior_regularized,sample,7869,238,5,4000,0.9591087114403595,191.24677095450392,114.06190961285641,0.0,0.42272625023109467
3,P2,P2 / M3,5,proposed_prior_regularized,sample,7884,238,6,8000,0.9771851604616458,148.0476370416917,95.48891336388058,0.0,0.39275782285897015
3,P2,P2 / M3,5,proposed_prior_regularized,sample,7923,240,4,3000,0.9595077810559425,203.37369681354843,116.85755463441212,0.0,0.5418522356863751
3,P2,P2 / M3,5,proposed_prior_regularized,sample,7931,240,5,0,0.9948809992251091,76.10084592333801,52.62834749502294,0.0,0.43137026332663003
3,P2,P2 / M3,5,proposed_prior_regularized,sample,7948,240,6,6000,0.9808965670846971,141.28578934652467,92.01946822334739,1.0,0.4068074823326456
3,P2,P2 / M3,5,proposed_prior_regularized,sample,7971,241,5,7000,0.9866748751341271,107.45601813603861,63.18460943698883,0.0,0.3584592574341963
3,P2,P2 / M3,5,proposed_prior_regularized,sample,8015,242,6,7000,0.988052113203614,109.98886198207636,70.40068335831165,0.0,0.4642584113326719
3,P2,P2 / M3,5,proposed_prior_regularized,sample,8259,250,4,9000,0.9686578480581776,165.8471510313507,84.93116148312886,1.0,0.3513415226258666
3,P2,P2 / M3,5,proposed_prior_regularized,sample,8325,252,4,9000,0.9837608711768038,128.56918168052528,71.09549613226028,0.0,0.8175553620272223
3,P2,P2 / M3,5,proposed_prior_regularized,sample,8330,252,5,3000,0.983096557179739,132.35462467252572,81.18531500101089,0.0,0.3979150596119942
3,P2,P2 / M3,5,proposed_prior_regularized,sample,8407,254,6,3000,0.9144679748633532,307.36020602667116,182.5511643409729,1.0,0.45095734772736795
3,P2,P2 / M3,5,proposed_prior_regularized,sample,8441,255,6,4000,0.9737037522830353,178.7572984529281,101.37328125370874,0.0,0.45553500729297086
3,P2,P2 / M3,7,gaussian,sample,33,1,4,0,0.9990849171201325,34.330961154651256,23.34708376627382,0.0,0.5282516609641403
3,P2,P2 / M3,7,gaussian,sample,34,1,4,1000,0.9954168187438266,74.12246451551998,45.48380713871678,1.0,0.20598574749356582
3,P2,P2 / M3,7,gaussian,sample,107,3,4,8000,0.998503177475281,39.537023086709546,27.166306678470942,0.0,0.5378177885105144
3,P2,P2 / M3,7,gaussian,sample,117,3,5,7000,0.9966416374600895,56.7412312477006,31.630674415668288,0.0,0.3263385464384201
3,P2,P2 / M3,7,gaussian,sample,166,5,4,1000,0.9985608608289216,41.29297546408755,30.045079034056187,0.0,0.08059856186429898
3,P2,P2 / M3,7,gaussian,sample,279,8,5,4000,0.9949320377389488,72.69957614978105,38.322200084394886,0.0,0.18358595198911826
3,P2,P2 / M3,7,gaussian,sample,281,8,5,6000,0.9935018588818499,81.35521625433928,51.44363641988647,0.0,0.1820367653659365
3,P2,P2 / M3,7,gaussian,sample,363,11,4,0,0.9967717273976184,64.61443196720076,46.432114377048244,0.0,1.131844985970908
3,P2,P2 / M3,7,gaussian,sample,389,11,6,4000,0.9954523029595592,75.37291027808791,58.233878330695795,1.0,0.6454417156482689
3,P2,P2 / M3,7,gaussian,sample,423,12,6,5000,0.9851392654484412,130.16253910971898,79.12622533783713,1.0,0.23758270764528674
3,P2,P2 / M3,7,gaussian,sample,621,18,6,5000,0.9925240827990307,92.07697650836452,58.804271783073595,0.0,0.3697050845726912
3,P2,P2 / M3,7,gaussian,sample,642,19,5,4000,0.9947093552243473,74.81284706510199,40.5986147779308,0.0,0.20197062410301353
3,P2,P2 / M3,7,gaussian,sample,694,21,4,1000,0.997391972980346,57.05565833449545,41.493172291650204,0.0,0.7409596460427678
3,P2,P2 / M3,7,gaussian,sample,695,21,4,2000,0.9935267986353105,88.59670740381004,55.537745167980695,0.0,0.6603558616909156
3,P2,P2 / M3,7,gaussian,sample,782,23,6,1000,0.9759104389198526,170.1533882683559,110.06418233834528,1.0,0.4631467790137625
3,P2,P2 / M3,7,gaussian,sample,881,26,6,1000,0.9864870184110827,127.3325379577883,72.28842378343623,0.0,0.42748331727507044
3,P2,P2 / M3,7,gaussian,sample,990,30,4,0,0.9972222965355271,59.24842874752998,40.58983206740269,0.0,0.33110852870716473
3,P2,P2 / M3,7,gaussian,sample,997,30,4,7000,0.9959378682475423,68.23847377365158,46.44989280514809,0.0,0.9563934395604133
3,P2,P2 / M3,7,gaussian,sample,1035,31,5,1000,0.9989257011591188,36.403362038667005,25.723202345545786,0.0,0.8531011544046943
3,P2,P2 / M3,7,gaussian,sample,1054,31,6,9000,0.9941929084451395,77.0518179436698,52.89266928072386,0.0,0.6254388836024766
3,P2,P2 / M3,7,gaussian,sample,1056,32,4,0,0.9979895034144635,51.83847761480654,37.81841120774148,0.0,0.5056879931907221
3,P2,P2 / M3,7,gaussian,sample,1070,32,5,3000,0.9964231332488886,63.65226778029451,37.7302471668842,0.0,0.22445650370826312
3,P2,P2 / M3,7,gaussian,sample,1107,33,5,7000,0.9986861166674428,36.83397536064485,25.599007700499072,0.0,0.45737998738368024
3,P2,P2 / M3,7,gaussian,sample,1168,35,5,2000,0.9984140413218383,43.44347789547349,28.637776408114494,0.0,0.23650281455986694
3,P2,P2 / M3,7,gaussian,sample,1224,37,4,3000,0.9970719361140152,56.30149341229788,34.195588594846285,0.0,0.30498797206146977
3,P2,P2 / M3,7,gaussian,sample,1273,38,5,8000,0.9965748686955943,58.083895443548386,37.49934435252302,0.0,0.2507964536378765
3,P2,P2 / M3,7,gaussian,sample,1296,39,4,9000,0.9935725934664714,85.67990915161494,56.00165786843478,0.0,0.4743081111361225
3,P2,P2 / M3,7,gaussian,sample,1389,42,4,3000,0.9981627586913059,43.95089095623696,30.829464630928953,0.0,0.38998505139090084
3,P2,P2 / M3,7,gaussian,sample,1442,43,6,1000,0.9937693663642125,86.58360619818913,55.57701504279726,1.0,0.3863786841933897
3,P2,P2 / M3,7,gaussian,sample,1467,44,5,4000,0.9927287908742098,90.72805401026551,50.8429377009106,1.0,0.2819530673807544
3,P2,P2 / M3,7,gaussian,sample,1576,47,6,3000,0.9989424423898734,36.92483239951132,28.697326717678358,0.0,0.8483797260185991
3,P2,P2 / M3,7,gaussian,sample,1632,49,5,4000,0.9898841828932046,103.05267586406548,53.62110515884092,1.0,0.6065074581250489
3,P2,P2 / M3,7,gaussian,sample,1736,52,5,9000,0.9968350207607648,54.98389033539069,36.31199664527064,0.0,0.3754010895937525
3,P2,P2 / M3,7,gaussian,sample,1867,56,5,8000,0.9940704570030553,73.61062429973418,49.22990836492394,0.0,0.28215325588689505
3,P2,P2 / M3,7,gaussian,sample,2061,62,5,4000,0.993219345477242,85.79031667421374,56.791478140854466,0.0,0.8775755879203175
3,P2,P2 / M3,7,gaussian,sample,2192,66,5,3000,0.9970884947099858,57.41285388834329,43.740062124503815,0.0,0.5835442374982441
3,P2,P2 / M3,7,gaussian,sample,2237,67,6,4000,0.9937913267028591,86.32639165244593,56.9393644711499,1.0,0.48737375346972367
3,P2,P2 / M3,7,gaussian,sample,2276,68,6,10000,0.9914357716020847,93.77442504411636,55.40070250648049,0.0,0.9419450118702158
3,P2,P2 / M3,7,gaussian,sample,2296,69,5,8000,0.997250147480981,52.30375287739014,37.549042747479014,1.0,0.5773011473675741
3,P2,P2 / M3,7,gaussian,sample,2319,70,4,9000,0.9964490902807532,62.320759999612704,43.237719290939225,0.0,0.3559447862497032
3,P2,P2 / M3,7,gaussian,sample,2345,71,4,2000,0.9956700025587815,74.98282551596024,45.897931215047755,1.0,0.5011931441552543
3,P2,P2 / M3,7,gaussian,sample,2388,72,5,1000,0.9943126584967367,80.4632752089558,54.52258358795108,0.0,0.3798368569960096
3,P2,P2 / M3,7,gaussian,sample,2424,73,5,4000,0.9931002854165796,89.80812445893741,58.40541552733278,0.0,0.24563207194917927
3,P2,P2 / M3,7,gaussian,sample,2508,76,4,0,0.997748697739759,56.05959376361571,34.41754048249648,1.0,0.37806530614356826
3,P2,P2 / M3,7,gaussian,sample,2546,77,4,5000,0.9963577676864135,66.58852620251655,44.10825467906398,0.0,0.43840776756443556
3,P2,P2 / M3,7,gaussian,sample,2573,77,6,10000,0.9943785141086303,78.32998212030179,45.731315803684076,0.0,0.9215234788295567
3,P2,P2 / M3,7,gaussian,sample,2692,81,5,8000,0.9981745699840507,43.0179374201121,25.32145242421005,0.0,0.5109061046243522
3,P2,P2 / M3,7,gaussian,sample,2711,82,4,5000,0.9945010902086523,79.49786639248094,46.26440485984393,1.0,0.31384307216057555
3,P2,P2 / M3,7,gaussian,sample,2720,82,5,3000,0.9946636119665381,75.45711096905187,46.49620034883305,0.0,0.2216030868125436
3,P2,P2 / M3,7,gaussian,sample,2747,83,4,8000,0.9965706982802439,62.55823112977232,43.635093077453966,1.0,0.3371635500893758
3,P2,P2 / M3,7,gaussian,sample,2857,86,5,8000,0.9895688047406208,99.27484102030904,63.82809366929769,0.0,0.27513852869150524
3,P2,P2 / M3,7,gaussian,sample,2858,86,5,9000,0.9987515985082615,33.59229537239197,26.19197952497213,0.0,0.6058914599268748
3,P2,P2 / M3,7,gaussian,sample,3158,95,6,1000,0.9958091756779246,72.87465426846342,57.39081665439325,0.0,0.7141537368575152
3,P2,P2 / M3,7,gaussian,sample,3159,95,6,2000,0.9943266033455173,85.05483874757809,57.93367447230915,0.0,0.47784166568587494
3,P2,P2 / M3,7,gaussian,sample,3236,98,4,2000,0.9984452146071482,44.68536911844861,30.96173320633208,0.0,0.2976168542229732
3,P2,P2 / M3,7,gaussian,sample,3266,98,6,10000,0.9940547849255751,79.54410518035952,47.24669038765058,0.0,0.24982094737481805
3,P2,P2 / M3,7,gaussian,sample,3331,100,6,9000,0.9944158711683787,78.63064962817931,52.55252240955458,0.0,0.7383440752967443
3,P2,P2 / M3,7,gaussian,sample,3332,100,6,10000,0.9833267650097797,132.44363861909255,94.83700567440447,0.0,0.7423862153740199
3,P2,P2 / M3,7,gaussian,sample,3337,101,4,4000,0.9874917643625534,117.07803778208168,63.399666265143566,0.0,0.2951909966031034
3,P2,P2 / M3,7,gaussian,sample,3474,105,4,9000,0.9970757878959152,57.79692975004756,46.00204109259427,0.0,0.6902917874056398
3,P2,P2 / M3,7,gaussian,sample,3485,105,5,9000,0.9953398497472364,66.3933960994411,41.85399925659513,0.0,0.4210947412333455
3,P2,P2 / M3,7,gaussian,sample,3492,105,6,5000,0.9939928138716642,84.19061885475065,52.181834039810795,0.0,0.6551292162627262
3,P2,P2 / M3,7,gaussian,sample,3500,106,4,2000,0.9960928589023761,71.15524045603517,48.473254023076116,1.0,0.3614880500229943
3,P2,P2 / M3,7,gaussian,sample,3514,106,5,5000,0.9982063759279991,44.42481174170959,33.26666547129611,0.0,0.344403526899622
3,P2,P2 / M3,7,gaussian,sample,3519,106,5,10000,0.9986472446366085,35.72312590270049,27.96629002959,0.0,0.4719078006288375
3,P2,P2 / M3,7,gaussian,sample,3566,108,4,2000,0.9963752530396451,66.43664719617364,43.09399152675935,1.0,0.26391176328818317
3,P2,P2 / M3,7,gaussian,sample,3751,113,6,0,0.9918403095444955,102.70613647821345,67.44966948020132,0.0,0.34016509791735206
3,P2,P2 / M3,7,gaussian,sample,3772,114,4,10000,0.9876306623684773,112.02133883641757,56.67263717679722,1.0,0.2202113833782255
3,P2,P2 / M3,7,gaussian,sample,3805,115,4,10000,0.9865203789723488,118.73547908176447,89.92417628330547,1.0,1.3463728915551252
3,P2,P2 / M3,7,gaussian,sample,3828,116,4,0,0.9915471921759427,107.91684515189638,76.54218858448809,1.0,0.6040663759633892
3,P2,P2 / M3,7,gaussian,sample,3858,116,6,8000,0.9961625525422352,65.71120859655348,50.319599722929844,0.0,1.26831223534756
3,P2,P2 / M3,7,gaussian,sample,3919,118,6,3000,0.9928587892410208,95.61398369369954,62.04167967780034,0.0,0.9724074233676979
3,P2,P2 / M3,7,gaussian,sample,4048,122,6,0,0.9875588418964978,123.22958810165521,87.35077731950874,0.0,0.7280253538446048
3,P2,P2 / M3,7,gaussian,sample,4188,126,6,8000,0.9787810714124366,155.42632865429763,98.22282817853304,0.0,0.3725186256586044
3,P2,P2 / M3,7,gaussian,sample,4189,126,6,9000,0.9958805231313019,67.08196552597181,53.56414570237703,0.0,0.7349088460424856
3,P2,P2 / M3,7,gaussian,sample,4193,127,4,2000,0.9949010106833017,77.93377352228872,50.18627368759165,1.0,0.5255149982450149
3,P2,P2 / M3,7,gaussian,sample,4225,128,4,1000,0.9970391157205374,60.542118100998415,43.764477706405295,0.0,0.8066649783185154
3,P2,P2 / M3,7,gaussian,sample,4448,134,6,4000,0.9936705954884653,85.79430873801134,62.900377983571786,0.0,0.36792978649782737
3,P2,P2 / M3,7,gaussian,sample,4461,135,4,6000,0.9949612587274292,74.0652345190305,55.26561208710886,0.0,1.0024623171844584
3,P2,P2 / M3,7,gaussian,sample,4524,137,4,3000,0.9973428157571125,56.246777639836544,37.35870842768629,0.0,0.19597528660129687
3,P2,P2 / M3,7,gaussian,sample,4565,138,5,0,0.991329450729526,101.16451641946944,61.86691902256895,0.0,1.1250101381097812
3,P2,P2 / M3,7,gaussian,sample,4607,139,5,9000,0.9758744602862909,151.43489820365545,78.47071255194246,1.0,0.4101526308851382
3,P2,P2 / M3,7,gaussian,sample,4647,140,6,5000,0.990079051936639,107.52007694715294,64.42510451178117,0.0,0.7261228715082696
3,P2,P2 / M3,7,gaussian,sample,4717,142,6,9000,0.9927606300128687,87.48895357497894,68.85435829957052,0.0,1.148066176471567
3,P2,P2 / M3,7,gaussian,sample,4776,144,6,2000,0.9917682863474452,95.78307845294371,60.221971648089976,0.0,0.21279548774608348
3,P2,P2 / M3,7,gaussian,sample,4792,145,4,7000,0.9943403483256984,78.0221725398574,56.44597125843444,0.0,0.6932877195291008
3,P2,P2 / M3,7,gaussian,sample,4826,146,4,8000,0.9921849517352029,91.7716381354793,55.013546203347296,0.0,0.3324449719158252
3,P2,P2 / M3,7,gaussian,sample,4849,146,6,9000,0.9897977310859117,104.21776514034151,64.13510162245888,0.0,0.30555004897721644
3,P2,P2 / M3,7,gaussian,sample,4869,147,5,7000,0.9970297840672153,53.42356477028189,35.37294209097434,0.0,0.29050258371734955
3,P2,P2 / M3,7,gaussian,sample,4877,147,6,4000,0.996532262170106,65.57826430946578,48.06909122696316,0.0,0.9992800483058835
3,P2,P2 / M3,7,gaussian,sample,4929,149,5,1000,0.9947538614661237,78.77326275089015,51.176367196909666,0.0,0.4244422525273923
3,P2,P2 / M3,7,gaussian,sample,4949,149,6,10000,0.9654524214964763,186.9262846099446,114.03919955403738,1.0,1.0485835071136402
3,P2,P2 / M3,7,gaussian,sample,5043,152,6,5000,0.9706783216172723,172.6392489698155,89.52930979951388,0.0,0.6498421289632217
3,P2,P2 / M3,7,gaussian,sample,5101,154,5,8000,0.9969994288316811,50.777487346487405,29.10287230119765,0.0,0.3110107659646691
3,P2,P2 / M3,7,gaussian,sample,5112,154,6,8000,0.982128215033907,131.97970086717302,79.6742448647077,1.0,0.46482283664286433
3,P2,P2 / M3,7,gaussian,sample,5144,155,6,7000,0.9874839124094622,118.47786385659448,70.55349790289199,1.0,1.0285292954568737
3,P2,P2 / M3,7,gaussian,sample,5316,161,4,3000,0.9936678606099814,83.42391119181076,55.08903111356146,0.0,0.5629586739776539
3,P2,P2 / M3,7,gaussian,sample,5381,163,4,2000,0.9933084543333618,92.9256375792066,63.60674191240269,0.0,0.5409376485300613
3,P2,P2 / M3,7,gaussian,sample,5384,163,4,5000,0.9839983579909121,131.2418976393743,76.1693512053808,1.0,0.31124974695204655
3,P2,P2 / M3,7,gaussian,sample,5414,164,4,2000,0.9923855203011966,97.16736590137641,62.84822654867025,0.0,1.0915036992031604
3,P2,P2 / M3,7,gaussian,sample,5534,167,6,1000,0.9948190246954484,82.57550450004605,60.972870699123256,1.0,2.1981641673000674
3,P2,P2 / M3,7,gaussian,sample,5617,170,4,7000,0.9924920510466905,87.5728779013005,56.78154815137467,0.0,0.5007033960262054
3,P2,P2 / M3,7,gaussian,sample,5658,171,5,4000,0.997244451610168,54.152039660136495,40.53468123619257,0.0,0.38492895030355323
3,P2,P2 / M3,7,gaussian,sample,5694,172,5,7000,0.9986431297483994,37.11712580702145,24.534852442064036,1.0,0.31949557695395425
3,P2,P2 / M3,7,gaussian,sample,5816,176,4,8000,0.9892849376218475,102.06541311866087,51.38028632102947,0.0,0.4375772161671989
3,P2,P2 / M3,7,gaussian,sample,5841,177,4,0,0.9898438543814938,109.70772149066403,82.95573914852761,0.0,1.3234645772089266
3,P2,P2 / M3,7,gaussian,sample,5843,177,4,2000,0.9947732937071737,74.30876481019008,45.20853371262352,0.0,0.3452108885342943
3,P2,P2 / M3,7,gaussian,sample,5858,177,5,6000,0.9974312603042799,50.13043651673313,30.625840733168545,1.0,0.20012102343154536
3,P2,P2 / M3,7,gaussian,sample,5887,178,5,2000,0.9876621605397208,115.71374238349055,63.51545189793186,1.0,0.11210475277818681
3,P2,P2 / M3,7,gaussian,sample,6248,189,5,0,0.9921709405610657,94.74182122970747,54.98046188938752,0.0,0.11874671660587732
3,P2,P2 / M3,7,gaussian,sample,6299,190,6,7000,0.994381391039502,76.75181888376136,55.95870725362614,0.0,1.2215207225900093
3,P2,P2 / M3,7,gaussian,sample,6359,192,6,1000,0.9924588659829476,93.89621044284007,66.15258148004851,0.0,1.7236506727446919
3,P2,P2 / M3,7,gaussian,sample,6407,194,4,5000,0.9936356539986967,84.61981388207904,51.623693598962745,1.0,0.7931254000288518
3,P2,P2 / M3,7,gaussian,sample,6425,194,6,1000,0.9944206413492871,81.54544674106847,59.67277282933461,1.0,2.445028396795259
3,P2,P2 / M3,7,gaussian,sample,6466,195,6,9000,0.987684572399755,108.76746851550953,73.1466995035213,1.0,1.0864438939821621
3,P2,P2 / M3,7,gaussian,sample,6743,204,5,0,0.9956092044057069,73.03118037964325,48.21827712365776,0.0,1.0316789140728022
3,P2,P2 / M3,7,gaussian,sample,6752,204,5,9000,0.9919462059529827,86.51747022908656,50.20766496678784,1.0,0.4833717823640523
3,P2,P2 / M3,7,gaussian,sample,6762,204,6,8000,0.9960162655571456,65.49189846842162,49.634134741728666,0.0,2.0391539620050128
3,P2,P2 / M3,7,gaussian,sample,6839,207,4,8000,0.9861867042649823,114.6746195488722,65.61969865800319,0.0,0.3009098649435496
3,P2,P2 / M3,7,gaussian,sample,6878,208,5,3000,0.9974238255041943,49.71991566951265,29.80134886285895,0.0,0.317238178999287
3,P2,P2 / M3,7,gaussian,sample,6970,211,4,7000,0.9937856172765631,81.76213531501519,58.40952702555404,0.0,0.5298198589120415
3,P2,P2 / M3,7,gaussian,sample,6983,211,5,9000,0.9962745062676723,57.20678652249487,36.04113686005286,1.0,0.335689243036904
3,P2,P2 / M3,7,gaussian,sample,6987,211,6,2000,0.9924522620987232,90.21413312335085,48.818316975344686,1.0,0.5090378117581952
3,P2,P2 / M3,7,gaussian,sample,7035,213,4,6000,0.9958643194443224,66.13433932581349,51.45061716142778,1.0,1.0139788441219484
3,P2,P2 / M3,7,gaussian,sample,7063,214,4,1000,0.9918430129885033,95.17765379547225,67.4487506379428,0.0,0.4296235047068672
3,P2,P2 / M3,7,gaussian,sample,7090,214,6,6000,0.9914511745930602,92.96974388872006,71.67746685174727,0.0,1.57059804535835
3,P2,P2 / M3,7,gaussian,sample,7141,216,5,2000,0.9918612988774109,92.63628827314918,57.76990038401656,0.0,0.17198658337608477
3,P2,P2 / M3,7,gaussian,sample,7214,218,5,9000,0.9911949247918629,87.21851878363684,52.82474714825662,1.0,0.45969464384235914
3,P2,P2 / M3,7,gaussian,sample,7257,219,6,8000,0.987892155574286,110.51349781080229,72.1968684396157,0.0,0.9573046113936895
3,P2,P2 / M3,7,gaussian,sample,7309,221,5,5000,0.9962014634818929,60.40730057405917,39.14376811989891,0.0,0.3265593050680933
3,P2,P2 / M3,7,gaussian,sample,7333,222,4,7000,0.9951696665127392,71.46372351486882,51.45761101352028,0.0,0.7991254765022451
3,P2,P2 / M3,7,gaussian,sample,7411,224,5,8000,0.9987415586128706,33.86181565165434,23.437726424808968,0.0,0.3530824884935856
3,P2,P2 / M3,7,gaussian,sample,7422,224,6,8000,0.9932361122530339,82.65458890182008,59.00391639306846,1.0,1.0041419492488066
3,P2,P2 / M3,7,gaussian,sample,7439,225,5,3000,0.9969051745186567,57.40472061447532,39.16160232871239,0.0,0.9591251216723362
3,P2,P2 / M3,7,gaussian,sample,7451,225,6,4000,0.9655592276011771,196.64690980439178,127.81587819105707,1.0,0.7684551003533956
3,P2,P2 / M3,7,gaussian,sample,7578,229,5,10000,0.9981641129399932,39.60638059117076,28.624120053315114,0.0,0.47588485205774217
3,P2,P2 / M3,7,gaussian,sample,7764,235,4,9000,0.9946304695053079,74.55468469037197,55.659174297572726,1.0,1.274543682837417
3,P2,P2 / M3,7,gaussian,sample,7785,235,6,8000,0.9870068225769306,113.41410770188226,61.530225306005924,0.0,0.8783366147734328
3,P2,P2 / M3,7,gaussian,sample,7869,238,5,4000,0.9813143504952163,131.55024691618823,75.13280903740076,0.0,0.27659864992056876
3,P2,P2 / M3,7,gaussian,sample,7884,238,6,8000,0.9898474008907038,98.9577379955033,68.52423548083345,0.0,1.1019086306051695
3,P2,P2 / M3,7,gaussian,sample,7923,240,4,3000,0.9921705751024845,92.19856387651309,60.09597904458777,0.0,0.4602241146039218
3,P2,P2 / M3,7,gaussian,sample,7931,240,5,0,0.9889889790001537,115.58144670342323,67.70284868747635,1.0,1.1197276489355845
3,P2,P2 / M3,7,gaussian,sample,7948,240,6,6000,0.9858288351853707,119.30596473285644,88.74802094946298,1.0,2.1205440964756326
3,P2,P2 / M3,7,gaussian,sample,7971,241,5,7000,0.9924518896932464,82.5301058964999,57.31084434197333,1.0,0.21059827214741547
3,P2,P2 / M3,7,gaussian,sample,8015,242,6,7000,0.9923924658501906,91.11385922187598,70.60783080598043,0.0,1.338510465435151
3,P2,P2 / M3,7,gaussian,sample,8259,250,4,9000,0.9938330155945386,75.26814905449326,51.01424473216771,1.0,0.45961790749199277
3,P2,P2 / M3,7,gaussian,sample,8325,252,4,9000,0.9932889874622535,86.17892016872831,50.20997812311788,0.0,0.8763535015771472
3,P2,P2 / M3,7,gaussian,sample,8330,252,5,3000,0.9970319368764509,57.29428584039587,36.158555706383964,0.0,0.4223684044096819
3,P2,P2 / M3,7,gaussian,sample,8407,254,6,3000,0.987975027662149,120.31274039323262,66.24300264639768,0.0,0.44532896620005563
3,P2,P2 / M3,7,gaussian,sample,8441,255,6,4000,0.9641206381247396,217.14475597004343,131.4005332259528,0.0,0.48006078330655266
3,P2,P2 / M3,7,spline,sample,33,1,4,0,0.9985526966410786,43.17531673973627,30.16461420886734,0.0,0.4861001059480413
3,P2,P2 / M3,7,spline,sample,34,1,4,1000,0.984478045470222,136.40790462258715,101.3562315670105,1.0,0.45485574254498295
3,P2,P2 / M3,7,spline,sample,107,3,4,8000,0.9935839590420915,81.85634995193912,62.833906337718155,0.0,0.9455321728690379
3,P2,P2 / M3,7,spline,sample,117,3,5,7000,0.9920834805259797,87.11683906879723,51.83154849319909,0.0,0.371968896496425
3,P2,P2 / M3,7,spline,sample,166,5,4,1000,0.9975441936224175,53.941353858732775,28.500566766317842,0.0,0.37891576589356074
3,P2,P2 / M3,7,spline,sample,279,8,5,4000,0.9942089367513021,77.71312029456153,44.49347323481115,0.0,0.11963143715042834
3,P2,P2 / M3,7,spline,sample,281,8,5,6000,0.9931624908939964,83.45258492950218,64.77501711724915,0.0,0.4430849409011501
3,P2,P2 / M3,7,spline,sample,363,11,4,0,0.9963769292545522,68.45147924315091,46.125387355976464,0.0,1.1819353667900205
3,P2,P2 / M3,7,spline,sample,389,11,6,4000,0.9841621116588942,140.6592056053705,94.50850536842388,0.0,0.6446003217333989
3,P2,P2 / M3,7,spline,sample,423,12,6,5000,0.9870546213930775,121.48516610062921,79.09637296361832,0.0,0.4685507569864539
3,P2,P2 / M3,7,spline,sample,621,18,6,5000,0.9904732612873229,103.94196811015041,69.20742074510927,0.0,0.7613276100319311
3,P2,P2 / M3,7,spline,sample,642,19,5,4000,0.9933988447721946,83.56643083851651,58.287124808072576,0.0,0.6829666783806019
3,P2,P2 / M3,7,spline,sample,694,21,4,1000,0.9967148175625778,64.0357387013119,47.684432949695896,0.0,0.8110749649121167
3,P2,P2 / M3,7,spline,sample,695,21,4,2000,0.9909132775038477,104.96914412981621,75.58983649201048,0.0,0.9019285806031375
3,P2,P2 / M3,7,spline,sample,782,23,6,1000,0.9707792774439707,187.4008832575043,134.1626837033999,0.0,0.5697745181632863
3,P2,P2 / M3,7,spline,sample,881,26,6,1000,0.9888145992967038,115.84827628350072,72.2909550454905,0.0,0.42435914022556204
3,P2,P2 / M3,7,spline,sample,990,30,4,0,0.9968313357711878,63.28080682914626,42.51040583152501,0.0,0.6638216347692752
3,P2,P2 / M3,7,spline,sample,997,30,4,7000,0.9931220497962011,88.79363099493744,71.89715625436386,0.0,1.2631726494319317
3,P2,P2 / M3,7,spline,sample,1035,31,5,1000,0.9976121127429631,54.27325267185563,38.271076505371624,0.0,1.4252170594091234
3,P2,P2 / M3,7,spline,sample,1054,31,6,9000,0.9931545083320941,83.6576915174211,57.30455604336589,0.0,0.7553782411104011
3,P2,P2 / M3,7,spline,sample,1056,32,4,0,0.9953025729039396,79.23746867835575,68.48872905643734,0.0,0.4534354935584779
3,P2,P2 / M3,7,spline,sample,1070,32,5,3000,0.9945555647878366,78.53060031822486,51.13074449282785,0.0,0.27905151435711517
3,P2,P2 / M3,7,spline,sample,1107,33,5,7000,0.9959569507769469,64.61371413837509,50.14461976967223,0.0,0.2739044386631113
3,P2,P2 / M3,7,spline,sample,1168,35,5,2000,0.9985386274887266,41.702214598239415,25.642885456631998,0.0,0.29547694045805695
3,P2,P2 / M3,7,spline,sample,1224,37,4,3000,0.9796769330039798,148.32838396699913,99.5305645087973,0.0,1.3852801645269346
3,P2,P2 / M3,7,spline,sample,1273,38,5,8000,0.9912106327454366,93.0456187210295,80.29354103404262,0.0,1.3624153868390367
3,P2,P2 / M3,7,spline,sample,1296,39,4,9000,0.992515390012832,92.45825653082767,62.03987860847136,0.0,0.5285180196822679
3,P2,P2 / M3,7,spline,sample,1389,42,4,3000,0.9820460718854794,137.3929104806838,89.63077693189538,0.0,2.135684054029875
3,P2,P2 / M3,7,spline,sample,1442,43,6,1000,0.985095005915545,133.91692439526204,86.9648432520446,0.0,1.4551423684303781
3,P2,P2 / M3,7,spline,sample,1467,44,5,4000,0.9878199146354039,117.42577745943625,92.8669490395236,1.0,0.8421451211710476
3,P2,P2 / M3,7,spline,sample,1576,47,6,3000,0.9961732921616944,70.239137228505,53.938140753445246,0.0,0.7848695321960607
3,P2,P2 / M3,7,spline,sample,1632,49,5,4000,0.9701271268515118,177.0913245018235,130.04183270287857,0.0,1.5117921074315193
3,P2,P2 / M3,7,spline,sample,1736,52,5,9000,0.9930347383776907,81.56779996066365,60.49622651207824,0.0,0.6357002105333316
3,P2,P2 / M3,7,spline,sample,1867,56,5,8000,0.9875516951088593,106.65592783349629,81.77714644706643,0.0,1.114251607879816
3,P2,P2 / M3,7,spline,sample,2061,62,5,4000,0.9886738090496645,110.87774933965616,80.88024537451204,0.0,1.4889860835799917
3,P2,P2 / M3,7,spline,sample,2192,66,5,3000,0.9945384257343606,78.63380032637333,59.22672214307275,0.0,1.0703760862968053
3,P2,P2 / M3,7,spline,sample,2237,67,6,4000,0.9868720256192148,125.52870389183107,92.23744605573945,0.0,0.7654600504446074
3,P2,P2 / M3,7,spline,sample,2276,68,6,10000,0.9865941642920483,117.32410123060875,85.9332663079332,0.0,1.3888056621707645
3,P2,P2 / M3,7,spline,sample,2296,69,5,8000,0.9910923478211245,94.13687462435695,70.43892891210261,0.0,0.880597915377587
3,P2,P2 / M3,7,spline,sample,2319,70,4,9000,0.9865943736362794,121.08949861555688,98.77821487241847,0.0,1.3705149184944965
3,P2,P2 / M3,7,spline,sample,2345,71,4,2000,0.9927593025793429,96.9634772055297,64.83323239494233,1.0,0.27173671823907936
3,P2,P2 / M3,7,spline,sample,2388,72,5,1000,0.9871283691030056,121.04861972281547,83.96786076944008,0.0,1.2358235809235145
3,P2,P2 / M3,7,spline,sample,2424,73,5,4000,0.99437042727819,81.12183773430921,62.25565055918318,0.0,0.6441480852260701
3,P2,P2 / M3,7,spline,sample,2508,76,4,0,0.9966441954983437,68.44336742908251,44.55659976898205,0.0,0.4661334220383262
3,P2,P2 / M3,7,spline,sample,2546,77,4,5000,0.9983806018443159,44.40096421848977,31.57730667230975,0.0,0.5842939754318196
3,P2,P2 / M3,7,spline,sample,2573,77,6,10000,0.9947455571410199,75.72962419551114,59.470278531995014,0.0,1.3347666676352934
3,P2,P2 / M3,7,spline,sample,2692,81,5,8000,0.9939310839027303,78.43728566503022,53.76399713692063,0.0,0.5609853969219409
3,P2,P2 / M3,7,spline,sample,2711,82,4,5000,0.9978010798140106,50.27150746947744,37.65407972256902,0.0,0.08706959468026283
3,P2,P2 / M3,7,spline,sample,2720,82,5,3000,0.9926410720508968,88.61020634892384,54.461629145633175,0.0,0.5001597939386483
3,P2,P2 / M3,7,spline,sample,2747,83,4,8000,0.9981395588291238,46.077571587546885,35.36651000019389,0.0,0.2588669260726092
3,P2,P2 / M3,7,spline,sample,2857,86,5,8000,0.9884589804524357,104.42253956589963,62.227750828268896,0.0,0.15183620538141002
3,P2,P2 / M3,7,spline,sample,2858,86,5,9000,0.9863840216870664,110.93969469585143,84.71440993618788,0.0,1.2147254278577648
3,P2,P2 / M3,7,spline,sample,3158,95,6,1000,0.9932692388069232,92.35467207009899,65.22358440862175,0.0,0.9724064347157235
3,P2,P2 / M3,7,spline,sample,3159,95,6,2000,0.9922137179142182,99.64201884690074,78.57287851037842,0.0,0.4933926122801505
3,P2,P2 / M3,7,spline,sample,3236,98,4,2000,0.9974214440596266,57.546432134234315,40.462033931576556,0.0,0.2061649930150573
3,P2,P2 / M3,7,spline,sample,3266,98,6,10000,0.9940467586159427,79.59778114265208,54.65308106214043,0.0,0.5609519427060586
3,P2,P2 / M3,7,spline,sample,3331,100,6,9000,0.9954741491610019,70.78875387596527,50.467795548339154,0.0,0.7954602773800156
3,P2,P2 / M3,7,spline,sample,3332,100,6,10000,0.9854334475787427,123.79398863264691,95.23048454051315,0.0,1.0846799739978945
3,P2,P2 / M3,7,spline,sample,3337,101,4,4000,0.9853174195400888,126.84653336613843,82.08027288137517,0.0,0.8343999982332767
3,P2,P2 / M3,7,spline,sample,3474,105,4,9000,0.9977823302163948,50.332531392303736,41.48388800614658,0.0,0.7338713975038416
3,P2,P2 / M3,7,spline,sample,3485,105,5,9000,0.9956973420263316,63.79598341077924,37.42137434318558,0.0,0.09405583427991543
3,P2,P2 / M3,7,spline,sample,3492,105,6,5000,0.9756197752320606,169.60826447471018,134.86385150467822,0.0,1.7231800829576722
3,P2,P2 / M3,7,spline,sample,3500,106,4,2000,0.995254249880214,78.42053065568771,44.83774095560019,0.0,0.3556021897025713
3,P2,P2 / M3,7,spline,sample,3514,106,5,5000,0.9978452810160868,48.69172977220476,37.87443543170786,0.0,0.4082208335267302
3,P2,P2 / M3,7,spline,sample,3519,106,5,10000,0.9979417418635758,44.06459089652266,26.268152637754117,0.0,0.34856180039720613
3,P2,P2 / M3,7,spline,sample,3566,108,4,2000,0.9952091153549981,76.37948346006579,44.98273396373986,0.0,0.14818390210019425
3,P2,P2 / M3,7,spline,sample,3751,113,6,0,0.9934244920393419,92.19857412553532,65.94430686048148,0.0,0.5754465719609538
3,P2,P2 / M3,7,spline,sample,3772,114,4,10000,0.993250198814726,82.75095743287123,64.21640756124377,0.0,0.8612153274981325
3,P2,P2 / M3,7,spline,sample,3805,115,4,10000,0.9797263412408957,145.61554293565035,112.2629223247679,0.0,2.06741889148973
3,P2,P2 / M3,7,spline,sample,3828,116,4,0,0.9951499082077099,81.74547505587233,44.97423544500196,0.0,0.601579826487402
3,P2,P2 / M3,7,spline,sample,3858,116,6,8000,0.9977873144839245,49.89741884368323,38.77634495643936,0.0,0.8866336909369497
3,P2,P2 / M3,7,spline,sample,3919,118,6,3000,0.9924251019024326,98.47452287386804,63.29514183612866,0.0,0.847580682264436
3,P2,P2 / M3,7,spline,sample,4048,122,6,0,0.9651873088219413,206.135784773378,151.52919443903602,0.0,2.0072812377488756
3,P2,P2 / M3,7,spline,sample,4188,126,6,8000,0.9772831911191112,160.81869186535553,108.52016885645158,0.0,0.7650732805629195
3,P2,P2 / M3,7,spline,sample,4189,126,6,9000,0.994337117336911,78.65086915810942,68.10535184276767,0.0,0.9542595634177297
3,P2,P2 / M3,7,spline,sample,4193,127,4,2000,0.9902309870552519,107.87206601850431,90.6728422909988,0.0,2.1628880563308743
3,P2,P2 / M3,7,spline,sample,4225,128,4,1000,0.992702277789759,95.04746925070248,68.00318859314487,0.0,1.1801726854453392
3,P2,P2 / M3,7,spline,sample,4448,134,6,4000,0.9924344819843208,93.79860687354663,75.67166689203043,0.0,0.6051273836573479
3,P2,P2 / M3,7,spline,sample,4461,135,4,6000,0.9909299818251395,99.37049461263422,70.97223598193311,0.0,1.4023512156266158
3,P2,P2 / M3,7,spline,sample,4524,137,4,3000,0.990548211093291,106.08251795913495,78.52489353464965,0.0,0.12227035302385608
3,P2,P2 / M3,7,spline,sample,4565,138,5,0,0.9846499881525347,134.60440175158269,91.28506314101206,0.0,0.7732956329204207
3,P2,P2 / M3,7,spline,sample,4607,139,5,9000,0.9751969829105832,153.5464243103363,99.87340035856545,1.0,0.2803868384227186
3,P2,P2 / M3,7,spline,sample,4647,140,6,5000,0.9753645218721446,169.43123490944623,118.85598907242381,0.0,0.9912640810903943
3,P2,P2 / M3,7,spline,sample,4717,142,6,9000,0.9920233951431535,91.83577068470574,70.06729353263941,0.0,0.9015541603853734
3,P2,P2 / M3,7,spline,sample,4776,144,6,2000,0.9891444415419673,109.99419076702017,76.06458312694548,0.0,0.5812440212926433
3,P2,P2 / M3,7,spline,sample,4792,145,4,7000,0.9976561910855051,50.20931407964865,35.01161682461942,0.0,0.2395083493768558
3,P2,P2 / M3,7,spline,sample,4826,146,4,8000,0.9956025885551321,68.84005409435994,39.63991647330896,0.0,0.20665926689133352
3,P2,P2 / M3,7,spline,sample,4849,146,6,9000,0.983632418592929,132.003554998885,93.66644356827616,0.0,0.727868620516072
3,P2,P2 / M3,7,spline,sample,4869,147,5,7000,0.995192843688226,67.96463266538457,49.9410462287988,0.0,0.6272244857279804
3,P2,P2 / M3,7,spline,sample,4877,147,6,4000,0.9916570962957721,101.71743618465608,79.881733736942,0.0,0.7719948476593628
3,P2,P2 / M3,7,spline,sample,4929,149,5,1000,0.9990810359061154,32.969186263582515,25.366449929250603,0.0,0.3443064444773815
3,P2,P2 / M3,7,spline,sample,4949,149,6,10000,0.9766415011733836,153.7035973597852,95.58667557932392,0.0,0.4549069850443987
3,P2,P2 / M3,7,spline,sample,5043,152,6,5000,0.9752696647724627,158.54776592307942,101.63363828186253,0.0,0.9304900423488255
3,P2,P2 / M3,7,spline,sample,5101,154,5,8000,0.9940589797374689,71.4495927016083,52.839282197791356,0.0,1.2934691260013211
3,P2,P2 / M3,7,spline,sample,5112,154,6,8000,0.9928374843306019,83.551830107266,65.77660730428809,0.0,0.9656326006659485
3,P2,P2 / M3,7,spline,sample,5144,155,6,7000,0.9775254976179598,158.7625115804805,122.45628215586964,0.0,1.7853417790307933
3,P2,P2 / M3,7,spline,sample,5316,161,4,3000,0.996035844766862,66.00709813515081,45.198050430608134,0.0,1.1376269792467975
3,P2,P2 / M3,7,spline,sample,5381,163,4,2000,0.9953692030794384,77.30368455882076,51.3521667576852,0.0,0.7158055597041391
3,P2,P2 / M3,7,spline,sample,5384,163,4,5000,0.9838386974249315,131.89502267187476,90.37537054499961,0.0,0.9830040506211778
3,P2,P2 / M3,7,spline,sample,5414,164,4,2000,0.9947802819881316,80.44958975975895,57.536707658322825,0.0,1.1877520940443396
3,P2,P2 / M3,7,spline,sample,5534,167,6,1000,0.9913335984336515,106.79843260225157,82.40232702759533,0.0,1.40933154929278
3,P2,P2 / M3,7,spline,sample,5617,170,4,7000,0.9922485550537448,88.9816183023355,59.38872946743211,0.0,0.6211232423515262
3,P2,P2 / M3,7,spline,sample,5658,171,5,4000,0.9957186972292525,67.4992223040829,48.810160702118395,0.0,0.7601900189164763
3,P2,P2 / M3,7,spline,sample,5694,172,5,7000,0.9934122550497934,81.78498282593564,67.97298991628621,0.0,0.692471895289854
3,P2,P2 / M3,7,spline,sample,5816,176,4,8000,0.9894138438749092,101.44961267503321,60.33169255652742,0.0,0.8225188426164718
3,P2,P2 / M3,7,spline,sample,5841,177,4,0,0.9919320891833122,97.7807311105512,75.73636068244284,0.0,1.1870511395660965
3,P2,P2 / M3,7,spline,sample,5843,177,4,2000,0.9807838117718312,142.48187325200848,92.38778391959796,0.0,1.4448389082673194
3,P2,P2 / M3,7,spline,sample,5858,177,5,6000,0.9944187662162811,73.89355229367914,46.93270502915682,0.0,0.35424179281392554
3,P2,P2 / M3,7,spline,sample,5887,178,5,2000,0.9681649142688078,185.8738925875385,129.09721635680475,0.0,0.7619148236991756
3,P2,P2 / M3,7,spline,sample,6248,189,5,0,0.9901275898796433,106.38944126867437,74.5136065163421,0.0,0.5164404335649673
3,P2,P2 / M3,7,spline,sample,6299,190,6,7000,0.9932673695096058,84.01690177115275,65.0204659178909,0.0,0.75193263101069
3,P2,P2 / M3,7,spline,sample,6359,192,6,1000,0.9889721701859014,113.54676438107298,79.02968190850375,0.0,1.591070180378234
3,P2,P2 / M3,7,spline,sample,6407,194,4,5000,0.9957335614044939,69.28319777138461,49.60135530106907,1.0,0.8504740695535297
3,P2,P2 / M3,7,spline,sample,6425,194,6,1000,0.9897489061388303,110.53318429785864,87.61247699835047,0.0,1.5443761600967587
3,P2,P2 / M3,7,spline,sample,6466,195,6,9000,0.9936598934906712,78.04095044312788,60.16677198250089,0.0,0.9884442821429642
3,P2,P2 / M3,7,spline,sample,6743,204,5,0,0.9954087753633034,74.67942772825914,50.112323327324134,0.0,1.1916862256984397
3,P2,P2 / M3,7,spline,sample,6752,204,5,9000,0.9927083541436805,82.32208021008118,52.32843127420998,1.0,0.5141393474450718
3,P2,P2 / M3,7,spline,sample,6762,204,6,8000,0.9949359268885956,73.84011649049756,64.45564634329513,0.0,1.8574581596745097
3,P2,P2 / M3,7,spline,sample,6839,207,4,8000,0.9884544724173179,104.83964569683,61.12775224802566,0.0,0.21039416674438896
3,P2,P2 / M3,7,spline,sample,6878,208,5,3000,0.997850658588594,45.41459528813403,32.048077244112356,0.0,0.41225821306300137
3,P2,P2 / M3,7,spline,sample,6970,211,4,7000,0.9928425353520806,87.74711221680076,62.08851871402393,0.0,0.5265570890778463
3,P2,P2 / M3,7,spline,sample,6983,211,5,9000,0.9961171898119264,58.40213374533494,33.175477433063755,0.0,0.1903135611998445
3,P2,P2 / M3,7,spline,sample,6987,211,6,2000,0.9926450832058556,89.05433335231598,67.70221884066255,0.0,0.4786402618482913
3,P2,P2 / M3,7,spline,sample,7035,213,4,6000,0.9958613682441891,66.15793167799593,46.09923591491827,0.0,0.853236615258317
3,P2,P2 / M3,7,spline,sample,7063,214,4,1000,0.9938204812658175,82.84140121156753,61.162957335568066,0.0,0.9917431679251091
3,P2,P2 / M3,7,spline,sample,7090,214,6,6000,0.9917147885052774,91.52509963147472,68.40164539292823,0.0,1.3174339575056464
3,P2,P2 / M3,7,spline,sample,7141,216,5,2000,0.9934654727278095,83.00622875131694,58.62458276848315,0.0,0.7792439747159075
3,P2,P2 / M3,7,spline,sample,7214,218,5,9000,0.9917821658682257,84.25988412865749,68.67256089805043,0.0,0.743668658869614
3,P2,P2 / M3,7,spline,sample,7257,219,6,8000,0.9884921295095365,107.7406004540237,66.3236548012202,0.0,0.5535622062463673
3,P2,P2 / M3,7,spline,sample,7309,221,5,5000,0.9966995982648982,56.307296926909466,34.78292236389144,0.0,0.21518727294767137
3,P2,P2 / M3,7,spline,sample,7333,222,4,7000,0.9945005190790799,76.25317525224827,54.35670734919757,0.0,0.5807508626385206
3,P2,P2 / M3,7,spline,sample,7411,224,5,8000,0.9935553265877223,76.62918413860123,53.90749050221327,0.0,0.5587985029717395
3,P2,P2 / M3,7,spline,sample,7422,224,6,8000,0.9934466974667322,81.35774135849765,57.48871265959986,0.0,1.197841049713092
3,P2,P2 / M3,7,spline,sample,7439,225,5,3000,0.9966060014147442,60.11534641642733,40.31414844308652,0.0,1.1573378320866468
3,P2,P2 / M3,7,spline,sample,7451,225,6,4000,0.979321004888678,152.37558992127808,95.05227044053446,1.0,0.7813060119185352
3,P2,P2 / M3,7,spline,sample,7578,229,5,10000,0.9907021241661816,89.13208117915798,72.80765328644192,0.0,1.2327193635566982
3,P2,P2 / M3,7,spline,sample,7764,235,4,9000,0.9930690471477597,84.70387008357483,51.60309562771083,0.0,1.0553637472348973
3,P2,P2 / M3,7,spline,sample,7785,235,6,8000,0.9929617032001808,83.4724545314483,47.99789430102403,0.0,0.6333378992178863
3,P2,P2 / M3,7,spline,sample,7869,238,5,4000,0.9815165952369915,130.83639083846313,85.82428297612992,0.0,0.43463024247517856
3,P2,P2 / M3,7,spline,sample,7884,238,6,8000,0.9809662079485684,135.49516580973417,102.48930780335066,0.0,1.7133908365645638
3,P2,P2 / M3,7,spline,sample,7923,240,4,3000,0.9920166940420977,93.10019957687922,62.62558802987618,0.0,0.728420343504532
3,P2,P2 / M3,7,spline,sample,7931,240,5,0,0.9957303256489456,71.97334826723285,56.26135739296991,0.0,0.9371705104244302
3,P2,P2 / M3,7,spline,sample,7948,240,6,6000,0.9688492671423078,176.8860225683229,123.53200833134855,1.0,2.708655725494
3,P2,P2 / M3,7,spline,sample,7971,241,5,7000,0.9756611776524853,148.19824600917894,97.00306737169524,0.0,0.32567726706450684
3,P2,P2 / M3,7,spline,sample,8015,242,6,7000,0.9949600689444462,74.1608646213871,58.58705972968466,0.0,1.1782304471838976
3,P2,P2 / M3,7,spline,sample,8259,250,4,9000,0.9925949591857074,82.47807942211068,61.91628705622074,0.0,1.0163873846946403
3,P2,P2 / M3,7,spline,sample,8325,252,4,9000,0.9777012258900656,157.08963006795938,120.46633388347252,0.0,1.7636161420346659
3,P2,P2 / M3,7,spline,sample,8330,252,5,3000,0.9925016427376491,91.06632444223438,70.60936622069313,0.0,1.5000808021031817
3,P2,P2 / M3,7,spline,sample,8407,254,6,3000,0.9809331322256255,151.49882109787654,119.28576400257872,0.0,2.607670782747121
3,P2,P2 / M3,7,spline,sample,8441,255,6,4000,0.9803796157152208,160.57604058293938,104.75830142516472,0.0,0.6865129628107738
3,P2,P2 / M3,7,source_pretrained_mlp,sample,33,1,4,0,0.9702118867760641,195.87420429682746,127.97442054748535,1.0,0.15038650114038427
3,P2,P2 / M3,7,source_pretrained_mlp,sample,34,1,4,1000,0.9913693958384772,101.71545203063711,65.95359299733089,1.0,0.28014580956277507
3,P2,P2 / M3,7,source_pretrained_mlp,sample,107,3,4,8000,0.9632933255283873,195.79037197818954,103.69339523189946,0.0,0.2659887804196531
3,P2,P2 / M3,7,source_pretrained_mlp,sample,117,3,5,7000,0.9764645706138013,150.20902598896168,84.70156894232097,1.0,0.10432473902955931
3,P2,P2 / M3,7,source_pretrained_mlp,sample,166,5,4,1000,0.9824159118689749,144.33933727589124,89.30152086650624,0.0,0.04559710181169379
3,P2,P2 / M3,7,source_pretrained_mlp,sample,279,8,5,4000,0.9703137766176119,175.95137631759837,98.14874594741397,1.0,0.08025754979464231
3,P2,P2 / M3,7,source_pretrained_mlp,sample,281,8,5,6000,0.9883529248727783,108.91790342722376,63.10891979270511,0.0,0.11907746967406449
3,P2,P2 / M3,7,source_pretrained_mlp,sample,363,11,4,0,0.982642666708601,149.82556769904923,93.96966193403516,1.0,0.858280881711193
3,P2,P2 / M3,7,source_pretrained_mlp,sample,389,11,6,4000,0.965772258523693,206.7800535563552,149.39828894688532,1.0,0.04940390603118895
3,P2,P2 / M3,7,source_pretrained_mlp,sample,423,12,6,5000,0.9640285210252004,202.50932248261665,95.9989550113678,1.0,0.06573911907664842
3,P2,P2 / M3,7,source_pretrained_mlp,sample,621,18,6,5000,0.9834638167876364,136.94193066857946,89.88934832149081,0.0,0.13713675968251562
3,P2,P2 / M3,7,source_pretrained_mlp,sample,642,19,5,4000,0.8718837039367515,368.1493755208074,162.32090146011777,1.0,0.12193534262838156
3,P2,P2 / M3,7,source_pretrained_mlp,sample,694,21,4,1000,0.9941959984681694,85.11506532309377,61.25717108590262,0.0,1.1735000879501074
3,P2,P2 / M3,7,source_pretrained_mlp,sample,695,21,4,2000,0.9904702779715459,107.49744451031368,70.70626648834774,0.0,0.5837241788336838
3,P2,P2 / M3,7,source_pretrained_mlp,sample,782,23,6,1000,0.979269112418949,157.84655446098625,99.98446640601524,1.0,0.5519261917472096
3,P2,P2 / M3,7,source_pretrained_mlp,sample,881,26,6,1000,0.9873488857256945,123.20496003734601,63.75230906804403,0.0,0.2133695230169766
3,P2,P2 / M3,7,source_pretrained_mlp,sample,990,30,4,0,0.9767198829384067,171.5246244464582,124.81212105069842,0.0,0.6486532854864531
3,P2,P2 / M3,7,source_pretrained_mlp,sample,997,30,4,7000,0.9339246543814854,275.2149514429789,150.33605082829794,1.0,0.11913496797580111
3,P2,P2 / M3,7,source_pretrained_mlp,sample,1035,31,5,1000,0.9796242258701586,158.53895824554562,98.7501425743103,0.0,1.24128086023634
3,P2,P2 / M3,7,source_pretrained_mlp,sample,1054,31,6,9000,0.991037778446127,95.72191779555136,63.095827486954235,0.0,0.44001921045385006
3,P2,P2 / M3,7,source_pretrained_mlp,sample,1056,32,4,0,0.9791455143864135,166.955338299894,100.08441748985878,0.0,0.07241504058824755
3,P2,P2 / M3,7,source_pretrained_mlp,sample,1070,32,5,3000,0.9135091331874827,313.00236939653854,140.14828737080097,1.0,0.10213698302029027
3,P2,P2 / M3,7,source_pretrained_mlp,sample,1107,33,5,7000,-21.252502843720194,4793.576075766262,1875.5101599412806,2.0,0.12505260070542246
3,P2,P2 / M3,7,source_pretrained_mlp,sample,1168,35,5,2000,0.9972044623151253,57.678150698716976,37.73601022888632,0.0,0.1109245837677836
3,P2,P2 / M3,7,source_pretrained_mlp,sample,1224,37,4,3000,0.9874410483349385,116.60209008863792,66.48712282180786,0.0,0.1451626181901181
3,P2,P2 / M3,7,source_pretrained_mlp,sample,1273,38,5,8000,0.9717359436873723,166.85313356927216,112.2758471404805,0.0,4.904317589102965
3,P2,P2 / M3,7,source_pretrained_mlp,sample,1296,39,4,9000,0.9656945033159564,197.94428532951605,110.321990553538,1.0,0.4861735438754874
3,P2,P2 / M3,7,source_pretrained_mlp,sample,1389,42,4,3000,0.9334490703285988,264.5219075629207,134.2322029851377,1.0,0.17017764552940262
3,P2,P2 / M3,7,source_pretrained_mlp,sample,1442,43,6,1000,0.49238723218157865,781.51232429169,415.6775324972052,2.0,0.42652491888004734
3,P2,P2 / M3,7,source_pretrained_mlp,sample,1467,44,5,4000,0.9638922429862999,202.18015904214613,116.27936300109414,1.0,0.4249486821365441
3,P2,P2 / M3,7,source_pretrained_mlp,sample,1576,47,6,3000,0.922240798862405,316.6229642393878,221.43533996173315,1.0,2.0734897589217085
3,P2,P2 / M3,7,source_pretrained_mlp,sample,1632,49,5,4000,0.9822834828985022,136.37914477090214,83.92784698385941,1.0,0.6923562974871086
3,P2,P2 / M3,7,source_pretrained_mlp,sample,1736,52,5,9000,0.9445700961134419,230.10290134525917,95.91123359203338,0.0,10.105984967763243
3,P2,P2 / M3,7,source_pretrained_mlp,sample,1867,56,5,8000,0.9370969210337095,239.75398897387282,147.26980639639356,0.0,3.3570239020062846
3,P2,P2 / M3,7,source_pretrained_mlp,sample,2061,62,5,4000,0.9910153527247738,98.75360947521706,64.35923825204372,0.0,0.31341430496796224
3,P2,P2 / M3,7,source_pretrained_mlp,sample,2192,66,5,3000,0.9965899777254875,62.1339482754685,43.118837197621666,0.0,0.2072741715864694
3,P2,P2 / M3,7,source_pretrained_mlp,sample,2237,67,6,4000,0.9954683469394177,73.75178077476106,45.17242374490289,1.0,0.37368705342734887
3,P2,P2 / M3,7,source_pretrained_mlp,sample,2276,68,6,10000,0.9908135289304169,97.12133544572544,56.43393682298206,0.0,0.23447956976319617
3,P2,P2 / M3,7,source_pretrained_mlp,sample,2296,69,5,8000,0.9952165029059463,68.98440255793017,48.31381379233466,1.0,1.373078731406151
3,P2,P2 / M3,7,source_pretrained_mlp,sample,2319,70,4,9000,0.9893685538921726,107.83483958190976,83.51480007171631,0.0,1.9547487896023146
3,P2,P2 / M3,7,source_pretrained_mlp,sample,2345,71,4,2000,0.9686128243810868,201.88037389000672,122.49146183331807,0.0,0.14322540370194672
3,P2,P2 / M3,7,source_pretrained_mlp,sample,2388,72,5,1000,0.9960611806588447,66.96164032565831,42.678829272588096,0.0,0.19405234249990846
3,P2,P2 / M3,7,source_pretrained_mlp,sample,2424,73,5,4000,0.9420833997562301,260.19658604071424,171.21127742629213,0.0,0.5879589636911495
3,P2,P2 / M3,7,source_pretrained_mlp,sample,2508,76,4,0,0.9976063367380407,57.80488876056277,39.988778420857024,1.0,0.4348495398308477
3,P2,P2 / M3,7,source_pretrained_mlp,sample,2546,77,4,5000,0.9939390406898881,85.89863556923319,51.72483474413554,1.0,0.31760785589554563
3,P2,P2 / M3,7,source_pretrained_mlp,sample,2573,77,6,10000,0.9944642040068616,77.73068651421995,53.93931174278259,0.0,1.8180893500701298
3,P2,P2 / M3,7,source_pretrained_mlp,sample,2692,81,5,8000,0.9653711594839601,187.36392033013402,85.43029925402473,1.0,8.235261724940322
3,P2,P2 / M3,7,source_pretrained_mlp,sample,2711,82,4,5000,0.9829603710930351,139.94173098960368,71.10259642320521,1.0,0.056497433918978934
3,P2,P2 / M3,7,source_pretrained_mlp,sample,2720,82,5,3000,0.9919298167884341,92.79363115830512,53.62323860824108,0.0,0.12516565587002876
3,P2,P2 / M3,7,source_pretrained_mlp,sample,2747,83,4,8000,0.9979844159345855,47.96031974448529,32.74904817693374,0.0,0.13405967941085437
3,P2,P2 / M3,7,source_pretrained_mlp,sample,2857,86,5,8000,0.9914818041124502,89.711057128475,56.716339879565766,0.0,0.15794520805151227
3,P2,P2 / M3,7,source_pretrained_mlp,sample,2858,86,5,9000,0.9785027064109173,139.39732335118023,87.20522332191467,0.0,0.5564982677012327
3,P2,P2 / M3,7,source_pretrained_mlp,sample,3158,95,6,1000,0.9966790060947722,64.87252749902318,41.01911040714809,0.0,0.2155798551041879
3,P2,P2 / M3,7,source_pretrained_mlp,sample,3159,95,6,2000,0.9953570468246444,76.94397228910188,49.12461537581224,0.0,0.053193215348270304
3,P2,P2 / M3,7,source_pretrained_mlp,sample,3236,98,4,2000,0.9929143497198062,95.39376295758359,55.572539758682254,0.0,0.13520788216790725
3,P2,P2 / M3,7,source_pretrained_mlp,sample,3266,98,6,10000,0.9938825219616211,80.68827388692752,50.4547643661499,0.0,0.4395287978132096
3,P2,P2 / M3,7,source_pretrained_mlp,sample,3331,100,6,9000,0.9918962622777825,94.72330384442357,60.37353237469991,0.0,0.5977299637891446
3,P2,P2 / M3,7,source_pretrained_mlp,sample,3332,100,6,10000,0.9739745381793211,165.47042808039077,115.07249654134115,0.0,0.7360523601773162
3,P2,P2 / M3,7,source_pretrained_mlp,sample,3337,101,4,4000,0.9574813103558659,215.8575999249445,124.72507083415985,0.0,0.08136110809594765
3,P2,P2 / M3,7,source_pretrained_mlp,sample,3474,105,4,9000,0.9927762415958383,90.8410070042506,58.49406394958496,1.0,0.4619271854118936
3,P2,P2 / M3,7,source_pretrained_mlp,sample,3485,105,5,9000,0.9922966184094361,85.36220597749018,57.500572853618195,1.0,0.0662342348406481
3,P2,P2 / M3,7,source_pretrained_mlp,sample,3492,105,6,5000,0.9925303243358515,93.88128603260226,59.717402362823485,0.0,0.2962213732560636
3,P2,P2 / M3,7,source_pretrained_mlp,sample,3500,106,4,2000,0.992763789680746,96.83512859048545,60.34997812906901,1.0,0.1461227739994776
3,P2,P2 / M3,7,source_pretrained_mlp,sample,3514,106,5,5000,0.9875050620642364,117.25380253366134,76.54127670824528,1.0,0.2937379256267385
3,P2,P2 / M3,7,source_pretrained_mlp,sample,3519,106,5,10000,0.9977222807149546,46.35428871560541,30.188628108877886,0.0,0.6201421773457199
3,P2,P2 / M3,7,source_pretrained_mlp,sample,3566,108,4,2000,0.9943160805703042,83.19415529695559,45.33673942089081,1.0,0.10613967765473765
3,P2,P2 / M3,7,source_pretrained_mlp,sample,3751,113,6,0,0.990279646940558,112.09869852907256,76.6614467650652,0.0,0.21021417733012823
3,P2,P2 / M3,7,source_pretrained_mlp,sample,3772,114,4,10000,0.9866707969436449,116.28658824148975,60.49488388299942,1.0,0.12993406888673797
3,P2,P2 / M3,7,source_pretrained_mlp,sample,3805,115,4,10000,0.975078589230561,161.44625654042494,114.03574528012958,1.0,0.5523891764915445
3,P2,P2 / M3,7,source_pretrained_mlp,sample,3828,116,4,0,0.9142048078064398,343.8113571847329,191.09629286252536,0.0,0.22654493718281907
3,P2,P2 / M3,7,source_pretrained_mlp,sample,3858,116,6,8000,0.9831537392982942,137.67972586381416,76.5627203688902,1.0,0.4369519108644967
3,P2,P2 / M3,7,source_pretrained_mlp,sample,3919,118,6,3000,0.9896053872680037,115.35585558623528,81.85428214073181,0.0,0.8903285337760352
3,P2,P2 / M3,7,source_pretrained_mlp,sample,4048,122,6,0,0.970663993251034,189.22786556718592,111.1576070467631,0.0,0.1319948012520244
3,P2,P2 / M3,7,source_pretrained_mlp,sample,4188,126,6,8000,0.9354977469173283,270.98815335983636,185.25117281079292,1.0,0.7849938671005512
3,P2,P2 / M3,7,source_pretrained_mlp,sample,4189,126,6,9000,0.9946828309916363,76.21228400554797,57.2292122785002,0.0,0.3481098856528877
3,P2,P2 / M3,7,source_pretrained_mlp,sample,4193,127,4,2000,0.9769216774405528,165.80047622475118,101.90594600141048,1.0,0.2920531609787489
3,P2,P2 / M3,7,source_pretrained_mlp,sample,4225,128,4,1000,0.9828206029531611,145.83133530199416,79.69384949547904,0.0,0.40763539410937444
3,P2,P2 / M3,7,source_pretrained_mlp,sample,4448,134,6,4000,0.9900279592852821,107.68843728350483,67.22558100083295,0.0,0.2262250506213352
3,P2,P2 / M3,7,source_pretrained_mlp,sample,4461,135,4,6000,0.9683167917885913,185.72396574723544,113.93136957287788,1.0,0.33133253549181385
3,P2,P2 / M3,7,source_pretrained_mlp,sample,4524,137,4,3000,0.9981577028852286,46.834582019513434,26.796293819651883,0.0,0.05175109789541524
3,P2,P2 / M3,7,source_pretrained_mlp,sample,4565,138,5,0,0.9893392047750705,112.17593686801592,57.08250919183095,0.0,0.5100052174667995
3,P2,P2 / M3,7,source_pretrained_mlp,sample,4607,139,5,9000,0.9647389492669078,183.07754322393902,114.54160573903252,1.0,1.1205878033110843
3,P2,P2 / M3,7,source_pretrained_mlp,sample,4647,140,6,5000,0.9958497277868276,69.54265542488427,48.72170535255881,1.0,0.21144029937651274
3,P2,P2 / M3,7,source_pretrained_mlp,sample,4717,142,6,9000,0.9568060310081488,213.70485649430006,146.6900748645558,0.0,0.22301294254279533
3,P2,P2 / M3,7,source_pretrained_mlp,sample,4776,144,6,2000,0.9927671854203481,89.78366501978434,59.158128056261276,0.0,0.12452156397071594
3,P2,P2 / M3,7,source_pretrained_mlp,sample,4792,145,4,7000,0.9974191712358436,52.68691656339949,34.51074776929968,0.0,0.16546440309900814
3,P2,P2 / M3,7,source_pretrained_mlp,sample,4826,146,4,8000,0.9921839829616461,91.77732608379381,53.954087813695274,0.0,0.1255100580690997
3,P2,P2 / M3,7,source_pretrained_mlp,sample,4849,146,6,9000,0.9200923521753975,291.6671688166049,155.3889238966836,0.0,0.11502137347303794
3,P2,P2 / M3,7,source_pretrained_mlp,sample,4869,147,5,7000,0.9954689138827997,65.98420828036939,39.570015028903356,0.0,0.1579343821010968
3,P2,P2 / M3,7,source_pretrained_mlp,sample,4877,147,6,4000,0.9970275270542621,60.71496443521015,42.174221809093766,0.0,0.3346864268391309
3,P2,P2 / M3,7,source_pretrained_mlp,sample,4929,149,5,1000,0.9984183200383583,43.25320195594364,27.62335955351591,0.0,0.11383162831075579
3,P2,P2 / M3,7,source_pretrained_mlp,sample,4949,149,6,10000,0.9514277070225028,221.64394460053117,136.34272848069668,1.0,0.31216200659156884
3,P2,P2 / M3,7,source_pretrained_mlp,sample,5043,152,6,5000,0.9746953376031035,160.37822363554483,79.65649461746216,0.0,0.489896077243209
3,P2,P2 / M3,7,source_pretrained_mlp,sample,5101,154,5,8000,0.8860725205407062,312.8840937127771,164.60584029944047,1.0,0.05445874763892789
3,P2,P2 / M3,7,source_pretrained_mlp,sample,5112,154,6,8000,0.9902704260622388,97.3800707832664,58.56188614027841,0.0,0.23029149371762703
3,P2,P2 / M3,7,source_pretrained_mlp,sample,5144,155,6,7000,0.973006286599215,173.9939849104017,92.11698152124882,1.0,0.5183100511935169
3,P2,P2 / M3,7,source_pretrained_mlp,sample,5316,161,4,3000,0.9667540856524485,191.15446852386196,119.7483969236675,1.0,0.3857212227716928
3,P2,P2 / M3,7,source_pretrained_mlp,sample,5381,163,4,2000,0.9938732004587482,88.91789278557006,55.75966387528639,0.0,0.12751836329843477
3,P2,P2 / M3,7,source_pretrained_mlp,sample,5384,163,4,5000,0.9822177453205346,138.35142580760527,54.500731194598806,0.0,0.1550107587005531
3,P2,P2 / M3,7,source_pretrained_mlp,sample,5414,164,4,2000,-0.34949518504825683,1293.558228044081,847.8961906433105,9.0,5.0319332855536425
3,P2,P2 / M3,7,source_pretrained_mlp,sample,5534,167,6,1000,0.9950902380185589,80.3851254629325,47.99264335632324,0.0,0.5061945777097149
3,P2,P2 / M3,7,source_pretrained_mlp,sample,5617,170,4,7000,0.9764287772300455,155.16723550998853,98.26922165720086,0.0,0.18676400409801372
3,P2,P2 / M3,7,source_pretrained_mlp,sample,5658,171,5,4000,0.9918805305783973,92.95539987109899,59.27155128121376,0.0,0.3074929313317313
3,P2,P2 / M3,7,source_pretrained_mlp,sample,5694,172,5,7000,0.977467766355829,151.2541507174138,82.38169577386644,1.0,0.08850005895122312
3,P2,P2 / M3,7,source_pretrained_mlp,sample,5816,176,4,8000,0.9800015962069831,139.43728323027113,89.9494583857687,0.0,0.9404810697451219
3,P2,P2 / M3,7,source_pretrained_mlp,sample,5841,177,4,0,0.9924318454859128,94.70387095520809,66.77973400462757,0.0,0.09590727294881551
3,P2,P2 / M3,7,source_pretrained_mlp,sample,5843,177,4,2000,-0.4126657888282417,1221.646930501104,724.4899568080903,15.0,1.9384705839460807
3,P2,P2 / M3,7,source_pretrained_mlp,sample,5858,177,5,6000,0.9827659069030724,129.8481167035195,76.10242007280651,1.0,0.21243220342869817
3,P2,P2 / M3,7,source_pretrained_mlp,sample,5887,178,5,2000,-0.3495969716819791,1210.2286496427375,737.3765824106005,14.0,4.046897117147368
3,P2,P2 / M3,7,source_pretrained_mlp,sample,6248,189,5,0,0.9099887254789731,321.2442695933238,156.5683355198966,1.0,0.027865504685070153
3,P2,P2 / M3,7,source_pretrained_mlp,sample,6299,190,6,7000,0.9801650507171962,144.20815473763238,83.5829218228658,0.0,0.2985828826275005
3,P2,P2 / M3,7,source_pretrained_mlp,sample,6359,192,6,1000,0.9934354712482719,87.60552828567147,48.067010453769136,0.0,0.28532554230463375
3,P2,P2 / M3,7,source_pretrained_mlp,sample,6407,194,4,5000,0.9549463721529703,225.1438344424699,139.0064935684204,1.0,0.6934268032131314
3,P2,P2 / M3,7,source_pretrained_mlp,sample,6425,194,6,1000,0.9955497836961091,72.82795862639006,51.469588239987694,0.0,0.27278081932530984
3,P2,P2 / M3,7,source_pretrained_mlp,sample,6466,195,6,9000,0.7691545354821765,470.906783057621,198.49707410837473,1.0,0.3148360824038149
3,P2,P2 / M3,7,source_pretrained_mlp,sample,6743,204,5,0,0.9909723767862331,104.71850235962856,74.31530800887516,0.0,0.39419463661882903
3,P2,P2 / M3,7,source_pretrained_mlp,sample,6752,204,5,9000,0.6045407454123459,606.2537306612769,271.1138221555286,1.0,0.3157338885137272
3,P2,P2 / M3,7,source_pretrained_mlp,sample,6762,204,6,8000,0.9948865645471766,74.19912412328372,55.72898438998631,0.0,2.340214017709391
3,P2,P2 / M3,7,source_pretrained_mlp,sample,6839,207,4,8000,0.9831240976977802,126.75122177552085,75.7191012567944,0.0,0.23643575849343035
3,P2,P2 / M3,7,source_pretrained_mlp,sample,6878,208,5,3000,0.9881143127792895,106.7959771695022,70.59456421199597,1.0,0.5850843232047391
3,P2,P2 / M3,7,source_pretrained_mlp,sample,6970,211,4,7000,0.9872858385960045,116.94915467274231,81.27320032961228,0.0,3.839771483743378
3,P2,P2 / M3,7,source_pretrained_mlp,sample,6983,211,5,9000,0.9359571842713269,237.18697881841092,122.18672542822988,2.0,0.15311493581381458
3,P2,P2 / M3,7,source_pretrained_mlp,sample,6987,211,6,2000,0.9703201597706939,178.89448586064086,113.9915978347554,0.0,0.13340254076569233
3,P2,P2 / M3,7,source_pretrained_mlp,sample,7035,213,4,6000,0.9876325979365511,114.36490308848846,75.12966334819794,0.0,0.2305229730120978
3,P2,P2 / M3,7,source_pretrained_mlp,sample,7063,214,4,1000,0.7442869546896307,532.9010201919941,301.58155760500165,1.0,0.28853422303774034
3,P2,P2 / M3,7,source_pretrained_mlp,sample,7090,214,6,6000,0.9833157583590654,129.8798105265902,74.04343858361244,0.0,0.11523481501756751
3,P2,P2 / M3,7,source_pretrained_mlp,sample,7141,216,5,2000,0.9726561638275969,169.79829190424715,90.81673393530004,0.0,6.387448307514325
3,P2,P2 / M3,7,source_pretrained_mlp,sample,7214,218,5,9000,-17.49304819815658,3997.1129687906296,1365.5017588933308,2.0,0.1568543760512816
3,P2,P2 / M3,7,source_pretrained_mlp,sample,7257,219,6,8000,0.9081508976010431,304.3822808198363,175.37935163168345,0.0,0.09590915474200586
3,P2,P2 / M3,7,source_pretrained_mlp,sample,7309,221,5,5000,0.9784140588875389,144.00141837834465,96.60728314187791,0.0,0.19056738169826848
3,P2,P2 / M3,7,source_pretrained_mlp,sample,7333,222,4,7000,0.9891985373017227,106.86570817028661,64.31444589793682,0.0,4.460245762079873
3,P2,P2 / M3,7,source_pretrained_mlp,sample,7411,224,5,8000,-1.1951251927387991,1414.2408958718363,551.6769686142603,2.0,0.1054518883166034
3,P2,P2 / M3,7,source_pretrained_mlp,sample,7422,224,6,8000,-14.587293959362174,3967.839872972258,1364.013174389538,2.0,1.0526254681515261
3,P2,P2 / M3,7,source_pretrained_mlp,sample,7439,225,5,3000,0.986156130148604,121.41106801830975,77.8196707089742,1.0,0.09524592196157827
3,P2,P2 / M3,7,source_pretrained_mlp,sample,7451,225,6,4000,0.8838528647653421,361.12282231871166,245.22103232603806,1.0,0.4778277874823377
3,P2,P2 / M3,7,source_pretrained_mlp,sample,7578,229,5,10000,0.9624483091311243,179.12529745426312,118.56574102451927,1.0,1.6427540303142856
3,P2,P2 / M3,7,source_pretrained_mlp,sample,7764,235,4,9000,0.5560075034348071,677.9452099363748,318.04344778060914,2.0,0.3007504441427925
3,P2,P2 / M3,7,source_pretrained_mlp,sample,7785,235,6,8000,0.5265943878509776,684.5829789702747,363.024254783988,2.0,0.7457369653682226
3,P2,P2 / M3,7,source_pretrained_mlp,sample,7869,238,5,4000,0.972147726520846,160.60826620226308,102.30137104146621,0.0,0.7216675182994333
3,P2,P2 / M3,7,source_pretrained_mlp,sample,7884,238,6,8000,0.9228862937274813,272.7262425370014,139.64130148291588,0.0,0.4785370358779189
3,P2,P2 / M3,7,source_pretrained_mlp,sample,7923,240,4,3000,0.9879971298241434,114.15679819881221,66.37859492003918,0.0,0.4971432314415371
3,P2,P2 / M3,7,source_pretrained_mlp,sample,7931,240,5,0,-0.3435016464816272,1276.713445665022,798.6951923271021,9.0,4.563966513131392
3,P2,P2 / M3,7,source_pretrained_mlp,sample,7948,240,6,6000,0.9886233311352091,106.89735048640283,63.19014965693156,1.0,0.21418451547182424
3,P2,P2 / M3,7,source_pretrained_mlp,sample,7971,241,5,7000,0.9835280895743168,121.91728120729674,76.24694997734494,1.0,0.2006450451574884
3,P2,P2 / M3,7,source_pretrained_mlp,sample,8015,242,6,7000,0.985651655300389,125.13055979700636,82.31591582298279,0.0,0.6325514880363758
3,P2,P2 / M3,7,source_pretrained_mlp,sample,8259,250,4,9000,0.8304462374205468,394.6649212635805,275.46269049142535,1.0,2.291493839228065
3,P2,P2 / M3,7,source_pretrained_mlp,sample,8325,252,4,9000,0.9931860594006379,86.83727659450035,49.46780700432627,1.0,0.3297373086940961
3,P2,P2 / M3,7,source_pretrained_mlp,sample,8330,252,5,3000,0.9194605564743811,298.45513549516494,194.70816308922238,1.0,0.8480965768493645
3,P2,P2 / M3,7,source_pretrained_mlp,sample,8407,254,6,3000,0.7976547405566251,493.53288183954214,276.13206599818335,1.0,0.34789849563887354
3,P2,P2 / M3,7,source_pretrained_mlp,sample,8441,255,6,4000,0.96235570882639,222.42139099034165,128.77130335569382,0.0,0.35576901583815884
3,P2,P2 / M3,7,proposed_prior_regularized,sample,33,1,4,0,0.9957080629327801,74.35024773239087,47.424521978084854,0.0,0.4931171669259315
3,P2,P2 / M3,7,proposed_prior_regularized,sample,34,1,4,1000,0.9975601694931229,54.08118049878397,40.761115294236404,1.0,0.06582649285301628
3,P2,P2 / M3,7,proposed_prior_regularized,sample,107,3,4,8000,0.9335198150022573,263.4904753590725,155.36126858309694,1.0,0.4636406390952679
3,P2,P2 / M3,7,proposed_prior_regularized,sample,117,3,5,7000,0.9853654827817129,118.44702766980554,73.51063504971955,0.0,0.3285706352614724
3,P2,P2 / M3,7,proposed_prior_regularized,sample,166,5,4,1000,0.9775075696118969,163.2461597436147,91.98928020982181,0.0,0.039600937636260866
3,P2,P2 / M3,7,proposed_prior_regularized,sample,279,8,5,4000,0.7861732946040391,472.22194427466644,279.6537898381551,1.0,0.0845944427600559
3,P2,P2 / M3,7,proposed_prior_regularized,sample,281,8,5,6000,0.97288612276479,166.18302007950476,91.7359552250968,0.0,0.08881867046181993
3,P2,P2 / M3,7,proposed_prior_regularized,sample,363,11,4,0,0.9946299816497531,83.33593558041285,46.838521344321116,0.0,0.19518049262502402
3,P2,P2 / M3,7,proposed_prior_regularized,sample,389,11,6,4000,0.9930972702952144,92.86027293254745,68.539491213285,1.0,0.38229106948839237
3,P2,P2 / M3,7,proposed_prior_regularized,sample,423,12,6,5000,0.9862702360209991,125.11155136877942,72.31370679069968,1.0,0.06969504064227866
3,P2,P2 / M3,7,proposed_prior_regularized,sample,621,18,6,5000,0.9822866877836218,141.7322552051472,72.76545359028711,0.0,0.12150904960591635
3,P2,P2 / M3,7,proposed_prior_regularized,sample,642,19,5,4000,0.9836868443052649,131.36838822075586,69.40478205018573,0.0,0.15745081555557738
3,P2,P2 / M3,7,proposed_prior_regularized,sample,694,21,4,1000,0.9958835906474872,71.6806534442258,49.2831072977611,0.0,0.32510928859687593
3,P2,P2 / M3,7,proposed_prior_regularized,sample,695,21,4,2000,0.9884431424128447,118.37988245656624,71.2864841052464,0.0,0.1562431901772409
3,P2,P2 / M3,7,proposed_prior_regularized,sample,782,23,6,1000,0.9662390432960035,201.43434958659805,122.47516536712646,1.0,0.30950647979432017
3,P2,P2 / M3,7,proposed_prior_regularized,sample,881,26,6,1000,0.9753600389731364,171.9427273265757,86.06008375485739,0.0,0.09569645453447702
3,P2,P2 / M3,7,proposed_prior_regularized,sample,990,30,4,0,0.9897176142217986,113.99369841309267,69.22716079439435,0.0,0.27500713833217066
3,P2,P2 / M3,7,proposed_prior_regularized,sample,997,30,4,7000,0.9350255943586296,272.91252016040016,183.64227730433146,1.0,0.44010339440834845
3,P2,P2 / M3,7,proposed_prior_regularized,sample,1035,31,5,1000,0.9966668038440321,64.12234219260992,44.46508744784764,0.0,0.6738419933926187
3,P2,P2 / M3,7,proposed_prior_regularized,sample,1054,31,6,9000,0.9926826932068337,86.49264638782974,53.41843000211214,0.0,0.2663195660682783
3,P2,P2 / M3,7,proposed_prior_regularized,sample,1056,32,4,0,0.9939764775340688,89.72755547415505,54.94372292665335,0.0,0.16079591229873325
3,P2,P2 / M3,7,proposed_prior_regularized,sample,1070,32,5,3000,0.9943786978268057,79.79597140374213,47.995901703834534,0.0,0.14700013731492656
3,P2,P2 / M3,7,proposed_prior_regularized,sample,1107,33,5,7000,0.9964623960572764,60.440047391185814,41.24692066978006,0.0,0.2300173300173907
3,P2,P2 / M3,7,proposed_prior_regularized,sample,1168,35,5,2000,0.9981119269638747,47.40105926327251,26.42694846321555,0.0,0.12769220718046065
3,P2,P2 / M3,7,proposed_prior_regularized,sample,1224,37,4,3000,0.9893215937363139,107.5184167414777,64.0727655529976,0.0,0.12420441292814433
3,P2,P2 / M3,7,proposed_prior_regularized,sample,1273,38,5,8000,0.9713321434923345,168.04079729488143,98.54483378634734,1.0,0.5700634740646462
3,P2,P2 / M3,7,proposed_prior_regularized,sample,1296,39,4,9000,0.9940513654388978,82.427050059349,54.584059969584146,0.0,0.38915766820144276
3,P2,P2 / M3,7,proposed_prior_regularized,sample,1389,42,4,3000,0.9844727624329153,127.77081984250894,68.19631866216659,0.0,0.1751401901383431
3,P2,P2 / M3,7,proposed_prior_regularized,sample,1442,43,6,1000,0.9793885725811415,157.47934406943062,92.05564192721718,1.0,0.5866976525989732
3,P2,P2 / M3,7,proposed_prior_regularized,sample,1467,44,5,4000,0.9881418791949877,115.86338526293993,75.93043616238762,1.0,0.6965235687163589
3,P2,P2 / M3,7,proposed_prior_regularized,sample,1576,47,6,3000,0.9993165726671362,29.683334579837073,22.483305965151107,0.0,0.4272148386292905
3,P2,P2 / M3,7,proposed_prior_regularized,sample,1632,49,5,4000,0.9919245821318503,92.07490745325221,53.2395389456498,1.0,0.38168377442999585
3,P2,P2 / M3,7,proposed_prior_regularized,sample,1736,52,5,9000,0.9918101128411339,88.4481983458571,51.39172711372375,1.0,0.21898147205753962
3,P2,P2 / M3,7,proposed_prior_regularized,sample,1867,56,5,8000,0.9921776289608031,84.54717398583955,45.752119666054135,0.0,0.1484407844944122
3,P2,P2 / M3,7,proposed_prior_regularized,sample,2061,62,5,4000,0.9931049993427601,86.51065857324647,46.47010062634945,0.0,0.13176079355430695
3,P2,P2 / M3,7,proposed_prior_regularized,sample,2192,66,5,3000,0.9985497813607824,40.519780583297916,27.567184511820475,0.0,0.22823647308373274
3,P2,P2 / M3,7,proposed_prior_regularized,sample,2237,67,6,4000,0.9687786072835378,193.58438381299956,130.1254537526299,1.0,1.6926337954680077
3,P2,P2 / M3,7,proposed_prior_regularized,sample,2276,68,6,10000,0.9923919895796327,88.38444496425289,48.7659653481983,0.0,0.11072817978926174
3,P2,P2 / M3,7,proposed_prior_regularized,sample,2296,69,5,8000,0.9945345598060014,73.73789292060565,49.98262490166558,1.0,0.12006478406353972
3,P2,P2 / M3,7,proposed_prior_regularized,sample,2319,70,4,9000,0.9911495532792121,98.38876779704346,66.59875661532084,1.0,0.2913298507452269
3,P2,P2 / M3,7,proposed_prior_regularized,sample,2345,71,4,2000,0.9906519848944204,110.17363650736918,56.550374794006345,1.0,0.14344281356218486
3,P2,P2 / M3,7,proposed_prior_regularized,sample,2388,72,5,1000,0.9963150612408616,64.76765754836084,47.08684984842936,0.0,0.3204547205654838
3,P2,P2 / M3,7,proposed_prior_regularized,sample,2424,73,5,4000,0.9934151120860403,87.7352781442804,54.85758245908297,0.0,0.24245496333065022
3,P2,P2 / M3,7,proposed_prior_regularized,sample,2508,76,4,0,0.997347135560107,60.854202003762175,37.58994584424155,1.0,0.48592921567213393
3,P2,P2 / M3,7,proposed_prior_regularized,sample,2546,77,4,5000,0.9966523759539434,63.838683257090835,37.154409122467044,0.0,0.2114142146275493
3,P2,P2 / M3,7,proposed_prior_regularized,sample,2573,77,6,10000,0.9766235780457825,159.7318360893908,104.12684620054145,1.0,0.1416704639326819
3,P2,P2 / M3,7,proposed_prior_regularized,sample,2692,81,5,8000,0.9958137169401545,65.14502946529038,46.46427953944487,1.0,0.09485255177671997
3,P2,P2 / M3,7,proposed_prior_regularized,sample,2711,82,4,5000,0.945388339347822,250.5300740873559,149.53178376310012,1.0,0.07952843144878341
3,P2,P2 / M3,7,proposed_prior_regularized,sample,2720,82,5,3000,0.9896095210796152,105.29172851822973,61.50813369618522,0.0,0.08096830150315322
3,P2,P2 / M3,7,proposed_prior_regularized,sample,2747,83,4,8000,0.9895488794948958,109.21015898369444,62.50532854304594,0.0,0.1788423325781901
3,P2,P2 / M3,7,proposed_prior_regularized,sample,2857,86,5,8000,0.9932261998634485,79.99969882752671,56.39482941892412,0.0,0.16178573898328943
3,P2,P2 / M3,7,proposed_prior_regularized,sample,2858,86,5,9000,0.9813371243619635,129.88285364963835,90.56098382472992,0.0,0.9314099675796682
3,P2,P2 / M3,7,proposed_prior_regularized,sample,3158,95,6,1000,0.9880037388204338,123.29621248821806,80.34433197975159,0.0,0.23653722876171243
3,P2,P2 / M3,7,proposed_prior_regularized,sample,3159,95,6,2000,0.9810599931105044,155.40590534625986,104.24843692779541,1.0,0.24122543076308373
3,P2,P2 / M3,7,proposed_prior_regularized,sample,3236,98,4,2000,0.9930361000586855,94.57065240226835,64.08394657770792,0.0,0.2943184268231506
3,P2,P2 / M3,7,proposed_prior_regularized,sample,3266,98,6,10000,0.9247244214527259,283.04224909897783,159.38144381841025,0.0,0.07203271100889586
3,P2,P2 / M3,7,proposed_prior_regularized,sample,3331,100,6,9000,0.9780391089611821,155.93339252906839,105.6348136583964,0.0,0.13264257527733422
3,P2,P2 / M3,7,proposed_prior_regularized,sample,3332,100,6,10000,0.7921168118508308,467.6606752270224,281.1921557108561,0.0,0.3057574950292785
3,P2,P2 / M3,7,proposed_prior_regularized,sample,3337,101,4,4000,0.9833427734685163,135.10728100465803,71.75579657819536,0.0,0.06597611575720819
3,P2,P2 / M3,7,proposed_prior_regularized,sample,3474,105,4,9000,0.9984709863840482,41.7932370191637,25.599184147516887,0.0,0.20806480957495302
3,P2,P2 / M3,7,proposed_prior_regularized,sample,3485,105,5,9000,0.9091756998898155,293.10684051107916,182.57944334877863,0.0,0.11014278000723288
3,P2,P2 / M3,7,proposed_prior_regularized,sample,3492,105,6,5000,0.9861507184363725,127.83264647059042,84.95278317133585,1.0,0.2539855675725548
3,P2,P2 / M3,7,proposed_prior_regularized,sample,3500,106,4,2000,0.9902103451078019,112.63180244275264,65.44143835703532,1.0,0.09511402457801307
3,P2,P2 / M3,7,proposed_prior_regularized,sample,3514,106,5,5000,0.9972258512250401,55.24904280252164,37.73694694042206,0.0,0.1894981461036653
3,P2,P2 / M3,7,proposed_prior_regularized,sample,3519,106,5,10000,0.992525486353205,83.97138019947079,47.21784892835115,0.0,0.09313118327848126
3,P2,P2 / M3,7,proposed_prior_regularized,sample,3566,108,4,2000,0.9916764702669731,100.67522933764688,53.26054437458515,0.0,0.11046728756595453
3,P2,P2 / M3,7,proposed_prior_regularized,sample,3751,113,6,0,0.9472988539916412,261.0174727019912,131.5104845315218,1.0,0.2043382630650596
3,P2,P2 / M3,7,proposed_prior_regularized,sample,3772,114,4,10000,0.9626160420757169,194.7467310250112,87.13647171258927,1.0,0.0559883994872448
3,P2,P2 / M3,7,proposed_prior_regularized,sample,3805,115,4,10000,0.9898803512560225,102.87844394220322,63.56217956542969,1.0,0.7363691177913113
3,P2,P2 / M3,7,proposed_prior_regularized,sample,3828,116,4,0,0.9951907932760171,81.40019884940581,40.713204860687256,0.0,0.11335907460554519
3,P2,P2 / M3,7,proposed_prior_regularized,sample,3858,116,6,8000,0.9444019005238317,250.11987736776985,147.78128671646118,0.0,0.13895758517417578
3,P2,P2 / M3,7,proposed_prior_regularized,sample,3919,118,6,3000,0.9912061632875355,106.10227267767738,75.80586545807975,0.0,0.637224589113079
3,P2,P2 / M3,7,proposed_prior_regularized,sample,4048,122,6,0,0.9631160957271545,212.17931126426524,127.84764723777771,0.0,0.1329671045918527
3,P2,P2 / M3,7,proposed_prior_regularized,sample,4188,126,6,8000,0.7818364612554842,498.3723595998687,297.501097291708,0.0,0.41024725838692133
3,P2,P2 / M3,7,proposed_prior_regularized,sample,4189,126,6,9000,0.9971901475481084,55.40213515852271,35.22536686062813,0.0,0.2527743813195453
3,P2,P2 / M3,7,proposed_prior_regularized,sample,4193,127,4,2000,0.9866002770774526,126.33729185181375,65.14426096528769,0.0,0.48340339869721594
3,P2,P2 / M3,7,proposed_prior_regularized,sample,4225,128,4,1000,0.9959177889149967,71.08772612049411,44.2328155040741,0.0,0.18569957137135573
3,P2,P2 / M3,7,proposed_prior_regularized,sample,4448,134,6,4000,0.987563792265124,120.25995505672654,67.71285256217507,0.0,0.1062492688755363
3,P2,P2 / M3,7,proposed_prior_regularized,sample,4461,135,4,6000,0.9912146214430897,97.79881953046896,70.55685746669769,0.0,0.3655858467575351
3,P2,P2 / M3,7,proposed_prior_regularized,sample,4524,137,4,3000,0.9864349763305119,127.08581858373338,59.31522914942573,1.0,0.0860819119006302
3,P2,P2 / M3,7,proposed_prior_regularized,sample,4565,138,5,0,0.9871071829721196,123.36126503465846,79.42671810785929,0.0,0.18533431707117917
3,P2,P2 / M3,7,proposed_prior_regularized,sample,4607,139,5,9000,0.974910229987685,154.4314649582969,89.81900417103486,1.0,0.128667601188133
3,P2,P2 / M3,7,proposed_prior_regularized,sample,4647,140,6,5000,0.9948683907287756,77.3285326024165,47.577828140819776,1.0,0.18909385587342334
3,P2,P2 / M3,7,proposed_prior_regularized,sample,4717,142,6,9000,0.9783081402352589,151.44370632219548,98.30338151314679,1.0,0.155276012486832
3,P2,P2 / M3,7,proposed_prior_regularized,sample,4776,144,6,2000,0.9882714600270676,114.33143117005164,62.54613823360867,0.0,0.06213894620087262
3,P2,P2 / M3,7,proposed_prior_regularized,sample,4792,145,4,7000,0.9848694825013168,127.57044739963985,85.42255551674786,0.0,0.11199180730474621
3,P2,P2 / M3,7,proposed_prior_regularized,sample,4826,146,4,8000,0.9807094758232031,144.1832020252824,79.15309811962976,0.0,0.025194271649533986
3,P2,P2 / M3,7,proposed_prior_regularized,sample,4849,146,6,9000,0.9936996744904939,81.8982961522778,46.889307697614036,0.0,0.08094253148845396
3,P2,P2 / M3,7,proposed_prior_regularized,sample,4869,147,5,7000,0.9910357226247478,92.81036806655105,48.83404643912064,0.0,0.2721617273857634
3,P2,P2 / M3,7,proposed_prior_regularized,sample,4877,147,6,4000,0.998856270958971,37.661565100282864,28.741483248197117,0.0,0.3363145921117913
3,P2,P2 / M3,7,proposed_prior_regularized,sample,4929,149,5,1000,0.9974168483125783,55.27565677483509,30.58677551150322,0.0,0.047715964920600255
3,P2,P2 / M3,7,proposed_prior_regularized,sample,4949,149,6,10000,0.5468192378964554,677.0134557657411,435.3479686230421,2.0,0.23215352139150025
3,P2,P2 / M3,7,proposed_prior_regularized,sample,5043,152,6,5000,0.9782804749107002,148.58339848830207,88.45380956248233,0.0,1.0470699811885191
3,P2,P2 / M3,7,proposed_prior_regularized,sample,5101,154,5,8000,0.992983213170885,77.64944966550513,43.114206329635955,0.0,0.1275603494575854
3,P2,P2 / M3,7,proposed_prior_regularized,sample,5112,154,6,8000,0.9903511026850722,96.97549761992944,60.56201828093756,0.0,0.11974357829017605
3,P2,P2 / M3,7,proposed_prior_regularized,sample,5144,155,6,7000,0.9767164436303123,161.59487254811273,103.45576657354832,1.0,0.3373082371179533
3,P2,P2 / M3,7,proposed_prior_regularized,sample,5316,161,4,3000,0.9900259374529622,104.70112728057529,65.11236985106217,1.0,0.3108457937391284
3,P2,P2 / M3,7,proposed_prior_regularized,sample,5381,163,4,2000,0.9977302353111391,54.120617625882865,35.530752365405746,0.0,0.1150266875297632
3,P2,P2 / M3,7,proposed_prior_regularized,sample,5384,163,4,5000,0.9953078146631249,71.06860736123564,39.99929400285085,0.0,0.10097543968054433
3,P2,P2 / M3,7,proposed_prior_regularized,sample,5414,164,4,2000,0.9954469918189539,75.13625216280616,49.33689062935965,0.0,0.6029786102269016
3,P2,P2 / M3,7,proposed_prior_regularized,sample,5534,167,6,1000,0.9791212642524011,165.76680748727154,106.91857008139293,1.0,0.8374302183988904
3,P2,P2 / M3,7,proposed_prior_regularized,sample,5617,170,4,7000,0.9911908778078306,94.8582882998889,66.84948422406849,0.0,0.8013644579822409
3,P2,P2 / M3,7,proposed_prior_regularized,sample,5658,171,5,4000,0.9866486484529876,119.19922006215685,70.54232701659203,0.0,0.051977590118397636
3,P2,P2 / M3,7,proposed_prior_regularized,sample,5694,172,5,7000,0.9910495511428007,95.3295594731045,57.61443955368466,0.0,0.1902635291661095
3,P2,P2 / M3,7,proposed_prior_regularized,sample,5816,176,4,8000,0.9904666986129518,96.27264581147784,43.916628774843716,0.0,0.06317989460600154
3,P2,P2 / M3,7,proposed_prior_regularized,sample,5841,177,4,0,0.98640898024379,126.91085139865734,71.39975812218405,0.0,0.3029324201522662
3,P2,P2 / M3,7,proposed_prior_regularized,sample,5843,177,4,2000,0.9895260339789471,105.19172440883823,61.9172448515892,0.0,0.029412634126431362
3,P2,P2 / M3,7,proposed_prior_regularized,sample,5858,177,5,6000,0.9932506335760743,81.25927460521912,51.11370623739142,1.0,0.1853078475293222
3,P2,P2 / M3,7,proposed_prior_regularized,sample,5887,178,5,2000,0.9821066229250845,139.35146514170367,69.2565460337533,1.0,0.10500712924727773
3,P2,P2 / M3,7,proposed_prior_regularized,sample,6248,189,5,0,0.9557064715964471,225.3497457923339,118.22204101085663,0.0,0.07082615339345595
3,P2,P2 / M3,7,proposed_prior_regularized,sample,6299,190,6,7000,0.9908206672788478,98.10244434757637,57.92358581225077,0.0,0.344213589234247
3,P2,P2 / M3,7,proposed_prior_regularized,sample,6359,192,6,1000,0.9908238641172511,103.57612366496595,73.38431399209159,1.0,0.5890972354128934
3,P2,P2 / M3,7,proposed_prior_regularized,sample,6407,194,4,5000,0.9926752776816492,90.78012098777154,58.06091994047165,1.0,0.5982034048562871
3,P2,P2 / M3,7,proposed_prior_regularized,sample,6425,194,6,1000,0.9930082824714677,91.2850197010651,55.39648576577505,1.0,0.9997613173757989
3,P2,P2 / M3,7,proposed_prior_regularized,sample,6466,195,6,9000,0.9944999953201384,72.68684232227477,49.38463989057039,0.0,0.20524567027932816
3,P2,P2 / M3,7,proposed_prior_regularized,sample,6743,204,5,0,0.9951303999537802,76.9100965606482,42.440012097358704,0.0,0.3302098628336849
3,P2,P2 / M3,7,proposed_prior_regularized,sample,6752,204,5,9000,0.9950152230288689,68.06540270523983,47.28423423237271,1.0,0.34086241635344117
3,P2,P2 / M3,7,proposed_prior_regularized,sample,6762,204,6,8000,0.982502151258427,137.25706834581965,89.87536294119698,1.0,1.0679664634028834
3,P2,P2 / M3,7,proposed_prior_regularized,sample,6839,207,4,8000,0.9858687412773075,115.98693625668467,70.42197035418616,0.0,0.09186158779546107
3,P2,P2 / M3,7,proposed_prior_regularized,sample,6878,208,5,3000,0.9915434568953451,90.08224035894969,58.833842415558664,0.0,0.09436981569535145
3,P2,P2 / M3,7,proposed_prior_regularized,sample,6970,211,4,7000,0.9970766110303458,56.078518113077244,37.86873985739315,0.0,0.28874325706898707
3,P2,P2 / M3,7,proposed_prior_regularized,sample,6983,211,5,9000,0.9973029756601944,48.67411537455558,31.083383635470742,0.0,0.09955395263915864
3,P2,P2 / M3,7,proposed_prior_regularized,sample,6987,211,6,2000,0.9919949554966316,92.90691732257915,50.6668016910553,0.0,0.10935854752464251
3,P2,P2 / M3,7,proposed_prior_regularized,sample,7035,213,4,6000,0.9952555300656017,70.83491478444829,34.0233063016619,0.0,0.3058608862180603
3,P2,P2 / M3,7,proposed_prior_regularized,sample,7063,214,4,1000,0.9909175918827619,100.43165420602445,50.47503123018477,0.0,0.10748977835011321
3,P2,P2 / M3,7,proposed_prior_regularized,sample,7090,214,6,6000,0.9868199135362535,115.43766683805558,70.51829627156258,0.0,0.2603105077284283
3,P2,P2 / M3,7,proposed_prior_regularized,sample,7141,216,5,2000,0.9822711805143275,136.72360611421183,68.75825055907754,0.0,0.060662361157902626
3,P2,P2 / M3,7,proposed_prior_regularized,sample,7214,218,5,9000,0.9913087855614368,86.6527609081078,61.51163249545627,0.0,0.3993563382743166
3,P2,P2 / M3,7,proposed_prior_regularized,sample,7257,219,6,8000,0.9848384227922317,123.66707807211672,84.26504258548512,0.0,0.11448145350137226
3,P2,P2 / M3,7,proposed_prior_regularized,sample,7309,221,5,5000,0.9971021727764728,52.76154688283056,35.613617685106064,0.0,0.16715661849981603
3,P2,P2 / M3,7,proposed_prior_regularized,sample,7333,222,4,7000,0.9972483686021993,53.937673636856495,32.56463408470154,0.0,0.31481481784556353
3,P2,P2 / M3,7,proposed_prior_regularized,sample,7411,224,5,8000,0.9806247074031004,132.86722955322998,78.17949370543163,1.0,0.24263860681169325
3,P2,P2 / M3,7,proposed_prior_regularized,sample,7422,224,6,8000,0.9829615045171061,131.1850654122662,90.96666363665932,0.0,1.468487194481866
3,P2,P2 / M3,7,proposed_prior_regularized,sample,7439,225,5,3000,0.9560683452966614,216.28096883265866,132.03030473391215,0.0,1.0552988241751475
3,P2,P2 / M3,7,proposed_prior_regularized,sample,7451,225,6,4000,0.9082023011898649,321.04549631775564,210.95485797295203,2.0,1.149414120091463
3,P2,P2 / M3,7,proposed_prior_regularized,sample,7578,229,5,10000,0.9989329834590471,30.194493716697494,19.942510240956356,0.0,0.2635792467636128
3,P2,P2 / M3,7,proposed_prior_regularized,sample,7764,235,4,9000,0.9908435089911004,97.35792695435156,57.923098754882815,0.0,0.3668170744775944
3,P2,P2 / M3,7,proposed_prior_regularized,sample,7785,235,6,8000,0.9870274772131504,113.32392734213846,81.14438772201538,0.0,0.33972417280288264
3,P2,P2 / M3,7,proposed_prior_regularized,sample,7869,238,5,4000,0.98848529409797,103.26757850104885,67.5319525494295,0.0,0.2798490997561497
3,P2,P2 / M3,7,proposed_prior_regularized,sample,7884,238,6,8000,0.9939102682157686,76.64083419086523,53.399110332131386,1.0,0.24558717754439868
3,P2,P2 / M3,7,proposed_prior_regularized,sample,7923,240,4,3000,0.9949928431240443,73.73179792790721,43.56716141104698,0.0,0.12347575672521388
3,P2,P2 / M3,7,proposed_prior_regularized,sample,7931,240,5,0,0.9916037926902158,100.92898534427263,66.1811687151591,1.0,0.5668956070469243
3,P2,P2 / M3,7,proposed_prior_regularized,sample,7948,240,6,6000,0.9746218013069758,159.657667056202,98.44144598642985,2.0,0.22246547869312294
3,P2,P2 / M3,7,proposed_prior_regularized,sample,7971,241,5,7000,0.9844068729199658,118.62053880806579,66.21815441714392,1.0,0.09568856943983436
3,P2,P2 / M3,7,proposed_prior_regularized,sample,8015,242,6,7000,0.9877066648001904,115.82367710161742,77.82229648317609,0.0,0.8499744374711085
3,P2,P2 / M3,7,proposed_prior_regularized,sample,8259,250,4,9000,0.995700348657687,62.84799558370356,37.74140405654907,0.0,0.20406259134995428
3,P2,P2 / M3,7,proposed_prior_regularized,sample,8325,252,4,9000,0.9834667050002218,135.26540287290499,79.03803216783623,1.0,0.30281982072032176
3,P2,P2 / M3,7,proposed_prior_regularized,sample,8330,252,5,3000,0.985205233314048,127.91715868238573,79.65886329280005,0.0,0.39291365199704326
3,P2,P2 / M3,7,proposed_prior_regularized,sample,8407,254,6,3000,0.9875224939291367,122.55568758329764,78.3572817908393,0.0,0.3370371499046943
3,P2,P2 / M3,7,proposed_prior_regularized,sample,8441,255,6,4000,0.9895715030816827,117.06790568881149,70.33080759644508,0.0,0.447552031512681
3,P2,P2 / M3,9,gaussian,sample,33,1,4,0,0.9993431227540742,29.003481958431642,20.524858229565805,0.0,0.4374832105908295
3,P2,P2 / M3,9,gaussian,sample,34,1,4,1000,0.99338074111691,85.84094427536195,54.28760916207691,1.0,0.3065445149610854
3,P2,P2 / M3,9,gaussian,sample,107,3,4,8000,0.9978245411700898,48.69427637789956,26.102034482196544,0.0,0.3258946657565742
3,P2,P2 / M3,9,gaussian,sample,117,3,5,7000,0.9961437496348138,60.91225550706913,36.0178681000362,0.0,0.34417415715035
3,P2,P2 / M3,9,gaussian,sample,166,5,4,1000,0.9984678268304571,43.03914717324501,24.1209627147535,0.0,0.14580669360746984
3,P2,P2 / M3,9,gaussian,sample,279,8,5,4000,0.9946113339720324,75.65788064264244,44.698872156158245,0.0,0.2610799467883929
3,P2,P2 / M3,9,gaussian,sample,281,8,5,6000,0.9944142734306696,75.91706615082667,52.250390524471314,0.0,0.16871018111249986
3,P2,P2 / M3,9,gaussian,sample,363,11,4,0,0.9967790600017281,64.83418690032504,36.953318290288486,0.0,0.3465289247219252
3,P2,P2 / M3,9,gaussian,sample,389,11,6,4000,0.9972385159407052,55.871286951488635,38.10567707272583,1.0,0.5910001013101819
3,P2,P2 / M3,9,gaussian,sample,423,12,6,5000,0.9755327241565789,163.0179258230666,88.16730472182971,1.0,0.3156575344513374
3,P2,P2 / M3,9,gaussian,sample,621,18,6,5000,0.9891611759223042,112.87031740094322,71.95263725262086,0.0,0.35684453306776864
3,P2,P2 / M3,9,gaussian,sample,642,19,5,4000,0.995683648660586,68.40045268506216,38.01637576660422,0.0,0.35344867330099655
3,P2,P2 / M3,9,gaussian,sample,694,21,4,1000,0.9974085136135487,56.94868216682922,39.52802412003565,0.0,0.28378949528736896
3,P2,P2 / M3,9,gaussian,sample,695,21,4,2000,0.9886340938766595,112.53024458183457,77.74181829686934,0.0,0.42475794342465595
3,P2,P2 / M3,9,gaussian,sample,782,23,6,1000,0.9752810580641936,167.42828466717293,111.75090381240783,0.0,0.6158235938665989
3,P2,P2 / M3,9,gaussian,sample,881,26,6,1000,0.9838339599405259,135.87041633562202,89.67358092096956,0.0,0.5330969084963109
3,P2,P2 / M3,9,gaussian,sample,990,30,4,0,0.9973462843462616,54.974586610406625,39.926310557201425,0.0,0.41762483047914684
3,P2,P2 / M3,9,gaussian,sample,997,30,4,7000,0.9890728324719794,109.49691540922989,73.84161523146523,0.0,0.9163329803773853
3,P2,P2 / M3,9,gaussian,sample,1035,31,5,1000,0.9994764911108661,25.23936621401182,17.114564382592665,0.0,0.5115778159485448
3,P2,P2 / M3,9,gaussian,sample,1054,31,6,9000,0.9947025609137615,74.19650722600616,53.64139534486064,0.0,0.6365215141887842
3,P2,P2 / M3,9,gaussian,sample,1056,32,4,0,0.9982874513578807,47.91512856049748,34.899847908066256,0.0,0.5336679066492247
3,P2,P2 / M3,9,gaussian,sample,1070,32,5,3000,0.9970673073165467,59.18444428458816,38.055037152737256,0.0,0.31689240454982404
3,P2,P2 / M3,9,gaussian,sample,1107,33,5,7000,0.9971217386254543,55.23760029188983,39.546926447183054,0.0,0.5312148889371939
3,P2,P2 / M3,9,gaussian,sample,1168,35,5,2000,0.9971832788852453,58.1421736035611,39.13394249987868,0.0,0.20730327697272957
3,P2,P2 / M3,9,gaussian,sample,1224,37,4,3000,0.9968134098423028,60.47013296423677,40.77750290636915,0.0,0.5504593335110332
3,P2,P2 / M3,9,gaussian,sample,1273,38,5,8000,0.9963606821126717,58.76060253022748,39.11027133280435,0.0,0.6028439296563157
3,P2,P2 / M3,9,gaussian,sample,1296,39,4,9000,0.9957221405680429,68.03542138874225,48.147938285218565,0.0,0.9791877716083195
3,P2,P2 / M3,9,gaussian,sample,1389,42,4,3000,0.9984328247658075,41.39277719495048,26.565473314054582,0.0,0.3817003859601364
3,P2,P2 / M3,9,gaussian,sample,1442,43,6,1000,0.9932248668528136,92.70614851182901,60.32055102998518,1.0,0.436618103232964
3,P2,P2 / M3,9,gaussian,sample,1467,44,5,4000,0.9920383930242325,95.50092026336635,69.10226124771913,1.0,0.375818559931888
3,P2,P2 / M3,9,gaussian,sample,1576,47,6,3000,0.9992328485185228,31.36997660826545,24.26297714538786,0.0,0.8221982665379776
3,P2,P2 / M3,9,gaussian,sample,1632,49,5,4000,0.9919220955923003,91.71862964338723,45.9836815829791,1.0,0.581095892843057
3,P2,P2 / M3,9,gaussian,sample,1736,52,5,9000,0.9948763196941046,69.5776773547024,40.89847648353442,0.0,0.33839938162677935
3,P2,P2 / M3,9,gaussian,sample,1867,56,5,8000,0.9936363499536188,77.73656370709242,47.34835952095328,1.0,0.3923182318701173
3,P2,P2 / M3,9,gaussian,sample,2061,62,5,4000,0.9956546156695888,68.41895143003545,41.59081711200778,0.0,0.21856079523878455
3,P2,P2 / M3,9,gaussian,sample,2192,66,5,3000,0.9978632604178765,48.41178887076657,35.323604573786696,0.0,0.42857728284431185
3,P2,P2 / M3,9,gaussian,sample,2237,67,6,4000,0.9948981700328859,78.93788958993996,56.20679269120726,1.0,0.49138336527000204
3,P2,P2 / M3,9,gaussian,sample,2276,68,6,10000,0.9913711613715619,96.58194795389959,67.1325989020086,0.0,1.064557827384728
3,P2,P2 / M3,9,gaussian,sample,2296,69,5,8000,0.994906697761085,70.63252115814365,48.16408943264928,1.0,0.5781089048808852
3,P2,P2 / M3,9,gaussian,sample,2319,70,4,9000,0.9958248729513216,65.80903038786944,42.92441280873856,0.0,0.5974017592438471
3,P2,P2 / M3,9,gaussian,sample,2345,71,4,2000,0.994634577013521,81.74711553508631,52.703334764012695,1.0,0.6544168722731752
3,P2,P2 / M3,9,gaussian,sample,2388,72,5,1000,0.9939299898479813,82.09433867958333,58.3994902743906,0.0,0.33514929960273876
3,P2,P2 / M3,9,gaussian,sample,2424,73,5,4000,0.9897166810652315,111.01057170936984,82.13953136591905,0.0,0.4837006443197058
3,P2,P2 / M3,9,gaussian,sample,2508,76,4,0,0.9984246522773436,47.0871039025492,33.433349520734595,1.0,0.7487221327630875
3,P2,P2 / M3,9,gaussian,sample,2546,77,4,5000,0.9955859026104407,71.6760494957453,43.96555213659004,0.0,0.7885172410784759
3,P2,P2 / M3,9,gaussian,sample,2573,77,6,10000,0.9943668835372143,78.9456166668099,53.99126017624672,0.0,0.9989769915287227
3,P2,P2 / M3,9,gaussian,sample,2692,81,5,8000,0.9980752871402784,44.5418827091078,30.119086150175875,0.0,0.5648105636086891
3,P2,P2 / M3,9,gaussian,sample,2711,82,4,5000,0.9968680052424118,60.994226835620815,33.67511027555681,0.0,0.3527815027221207
3,P2,P2 / M3,9,gaussian,sample,2720,82,5,3000,0.99389917262697,81.27368152553095,44.98356067034445,0.0,0.2121720151037779
3,P2,P2 / M3,9,gaussian,sample,2747,83,4,8000,0.9968470832172489,59.78100345555051,44.39132088526248,1.0,0.4202630760498629
3,P2,P2 / M3,9,gaussian,sample,2857,86,5,8000,0.9898463979550624,97.95309848721855,59.98809299252489,0.0,0.42405636288982096
3,P2,P2 / M3,9,gaussian,sample,2858,86,5,9000,0.9984400728909333,38.04576507384325,28.412805365828323,0.0,0.6342633024800577
3,P2,P2 / M3,9,gaussian,sample,3158,95,6,1000,0.9946842027762901,77.01665091879038,52.12733260239347,0.0,0.5249563883325374
3,P2,P2 / M3,9,gaussian,sample,3159,95,6,2000,0.9937473589130225,88.43296120192737,68.56705396694912,0.0,0.6596667727624498
3,P2,P2 / M3,9,gaussian,sample,3236,98,4,2000,0.9987182823147128,41.89859937471202,31.238454636908383,0.0,0.33313639418827573
3,P2,P2 / M3,9,gaussian,sample,3266,98,6,10000,0.9948408148746439,74.92948936282478,46.514909457994456,0.0,0.757404565421061
3,P2,P2 / M3,9,gaussian,sample,3331,100,6,9000,0.9941401227020953,79.95725531952094,55.02674759995322,0.0,0.8880071297009555
3,P2,P2 / M3,9,gaussian,sample,3332,100,6,10000,0.9835576123774583,130.3792587984435,100.30300613074412,0.0,0.9289437919301333
3,P2,P2 / M3,9,gaussian,sample,3337,101,4,4000,0.9888384599733351,111.66775816548706,64.62343661416027,0.0,0.38507003043883714
3,P2,P2 / M3,9,gaussian,sample,3474,105,4,9000,0.9970759059755983,57.243863826084365,43.858475873305835,0.0,0.7398742593103739
3,P2,P2 / M3,9,gaussian,sample,3485,105,5,9000,0.9945345766006218,71.83771885179068,47.37829357129772,0.0,0.4397649262198586
3,P2,P2 / M3,9,gaussian,sample,3492,105,6,5000,0.9920573746705051,92.23455673810038,67.86904299851561,1.0,0.9977096750673249
3,P2,P2 / M3,9,gaussian,sample,3500,106,4,2000,0.9963543779404396,67.45550267160837,47.41339102871711,1.0,1.0304592854143815
3,P2,P2 / M3,9,gaussian,sample,3514,106,5,5000,0.9976342509341585,52.399083003665936,37.75997407033007,0.0,0.4716973218107225
3,P2,P2 / M3,9,gaussian,sample,3519,106,5,10000,0.9985150963944381,37.62363930716611,27.731745796937414,0.0,0.42737593067373764
3,P2,P2 / M3,9,gaussian,sample,3566,108,4,2000,0.9953501102724076,73.71409583217174,47.30136275346365,1.0,0.3034774218156882
3,P2,P2 / M3,9,gaussian,sample,3751,113,6,0,0.9893250203378056,114.9280834319078,72.20942993480874,0.0,0.25880825616395786
3,P2,P2 / M3,9,gaussian,sample,3772,114,4,10000,0.990407567298241,100.68049288807224,48.547772709226905,1.0,0.20508524271836825
3,P2,P2 / M3,9,gaussian,sample,3805,115,4,10000,0.9887356169249576,107.15421028732455,74.46151118160579,1.0,0.7754319854098813
3,P2,P2 / M3,9,gaussian,sample,3828,116,4,0,0.9914556542008065,108.01658738868272,79.33292966953196,0.0,0.9932473881087297
3,P2,P2 / M3,9,gaussian,sample,3858,116,6,8000,0.9967290526350763,61.389040092254724,50.9141064891085,0.0,1.2520105810400535
3,P2,P2 / M3,9,gaussian,sample,3919,118,6,3000,0.9921217163831259,101.07892266483569,71.42602922799053,0.0,0.6682265767726041
3,P2,P2 / M3,9,gaussian,sample,4048,122,6,0,0.986328908422117,128.24470618490625,81.41520076409492,0.0,0.2992922863844293
3,P2,P2 / M3,9,gaussian,sample,4188,126,6,8000,0.9861894561924466,120.11329461315849,82.7417005230338,0.0,0.9488906310751911
3,P2,P2 / M3,9,gaussian,sample,4189,126,6,9000,0.9968203274265756,57.27685748905539,44.025322549360226,0.0,1.0334005290398625
3,P2,P2 / M3,9,gaussian,sample,4193,127,4,2000,0.9976922366639145,52.185839249005426,36.69106826747151,0.0,0.5340857550450488
3,P2,P2 / M3,9,gaussian,sample,4225,128,4,1000,0.9977208738492336,52.368848087246846,39.80791630830451,0.0,0.5778280902825423
3,P2,P2 / M3,9,gaussian,sample,4448,134,6,4000,0.9927811321673196,93.13643286994572,56.38444041318967,0.0,0.32695360513474864
3,P2,P2 / M3,9,gaussian,sample,4461,135,4,6000,0.9940067631127826,80.34836219171875,52.51415587177776,0.0,0.5898317984379824
3,P2,P2 / M3,9,gaussian,sample,4524,137,4,3000,0.9972149897008538,57.69250110393342,43.60609901237873,0.0,0.2780335858555191
3,P2,P2 / M3,9,gaussian,sample,4565,138,5,0,0.9923804309993599,100.0579696701425,61.8880761979106,0.0,0.9516262427008565
3,P2,P2 / M3,9,gaussian,sample,4607,139,5,9000,0.9786097599920238,140.55759767913503,76.77774005000914,1.0,0.4142719095904412
3,P2,P2 / M3,9,gaussian,sample,4647,140,6,5000,0.9949812942105175,76.9217094183024,54.840797418258155,1.0,0.7132484880894113
3,P2,P2 / M3,9,gaussian,sample,4717,142,6,9000,0.9948669796317751,74.30822859935262,59.41313479262483,0.0,1.1596864849043829
3,P2,P2 / M3,9,gaussian,sample,4776,144,6,2000,0.9895004869387004,108.34313521725193,72.47921956449035,0.0,0.2286522127239169
3,P2,P2 / M3,9,gaussian,sample,4792,145,4,7000,0.9963002634251661,64.03010955432174,43.87039761276083,0.0,0.7067868114669072
3,P2,P2 / M3,9,gaussian,sample,4826,146,4,8000,0.9946918178326355,76.6500132662865,58.92547647952095,0.0,0.4434346851050456
3,P2,P2 / M3,9,gaussian,sample,4849,146,6,9000,0.9905878989810525,101.23832200231503,68.39156264038456,0.0,0.6950414883409523
3,P2,P2 / M3,9,gaussian,sample,4869,147,5,7000,0.9978157186333438,45.9764113234217,31.72007359436997,0.0,0.3241954191288138
3,P2,P2 / M3,9,gaussian,sample,4877,147,6,4000,0.997360849592753,57.63063685522314,47.0920658500703,0.0,0.7966066853563218
3,P2,P2 / M3,9,gaussian,sample,4929,149,5,1000,0.9983502126499763,45.343672433069145,32.176371512364064,0.0,0.41034689150212394
3,P2,P2 / M3,9,gaussian,sample,4949,149,6,10000,0.9703850845675301,171.08850750819187,120.31873078944237,1.0,1.1368995257512755
3,P2,P2 / M3,9,gaussian,sample,5043,152,6,5000,0.9763635247838519,155.62586726872843,95.14217885931976,0.0,0.7821888286899816
3,P2,P2 / M3,9,gaussian,sample,5101,154,5,8000,0.9977284701897877,44.8358576637549,30.97055467996877,0.0,0.3770797679524922
3,P2,P2 / M3,9,gaussian,sample,5112,154,6,8000,0.9951128163886142,68.03408309785678,52.56669006759961,1.0,0.48233423376958895
3,P2,P2 / M3,9,gaussian,sample,5144,155,6,7000,0.9863650195751977,126.45352054970033,76.93037374674827,1.0,0.9712205565743519
3,P2,P2 / M3,9,gaussian,sample,5316,161,4,3000,0.9951795930119762,72.73742816240004,47.62896504038846,0.0,0.25999880064295605
3,P2,P2 / M3,9,gaussian,sample,5381,163,4,2000,0.9925832977847279,96.06868971919337,69.56042939836355,0.0,1.1443696698335462
3,P2,P2 / M3,9,gaussian,sample,5384,163,4,5000,0.9899359821420926,104.84296206383262,71.89761459918918,1.0,0.4328165970828472
3,P2,P2 / M3,9,gaussian,sample,5414,164,4,2000,0.9892028112117572,114.69621874608532,67.8580365051511,0.0,0.5230873483951549
3,P2,P2 / M3,9,gaussian,sample,5534,167,6,1000,0.9971275402891139,65.11198795775864,56.089045002472425,0.0,1.3800745938707315
3,P2,P2 / M3,9,gaussian,sample,5617,170,4,7000,0.9941559080345799,77.87981288921661,54.21727308038688,0.0,0.7042401332936139
3,P2,P2 / M3,9,gaussian,sample,5658,171,5,4000,0.9983685145230276,41.215945381068735,28.40637567040587,0.0,0.1973158556807276
3,P2,P2 / M3,9,gaussian,sample,5694,172,5,7000,0.9971149815752558,54.01199394265192,35.3278410764183,1.0,0.2549917905266295
3,P2,P2 / M3,9,gaussian,sample,5816,176,4,8000,0.9878878774184193,108.18874902357042,53.43813048408566,0.0,0.4518649912050722
3,P2,P2 / M3,9,gaussian,sample,5841,177,4,0,0.9906381943922694,113.65188562639564,79.89315887454538,0.0,1.2472533638496865
3,P2,P2 / M3,9,gaussian,sample,5843,177,4,2000,0.9976300305732747,50.96074746720988,31.793176247008578,0.0,0.32692367577644144
3,P2,P2 / M3,9,gaussian,sample,5858,177,5,6000,0.9967351364751309,57.62196149387507,34.00680808867784,1.0,0.19863152254648936
3,P2,P2 / M3,9,gaussian,sample,5887,178,5,2000,0.9832354984406507,132.99643373131798,76.14182967525065,1.0,0.14286838042598232
3,P2,P2 / M3,9,gaussian,sample,6248,189,5,0,0.9937662932741478,85.0512288582792,50.33783712171041,0.0,0.1548583310363401
3,P2,P2 / M3,9,gaussian,sample,6299,190,6,7000,0.9949452982377894,76.1814020374131,52.86911116463086,0.0,1.2111791234757256
3,P2,P2 / M3,9,gaussian,sample,6359,192,6,1000,0.9886458200056765,115.16086021779641,72.69226501848289,0.0,0.6203547564117885
3,P2,P2 / M3,9,gaussian,sample,6407,194,4,5000,0.9953493688442447,72.7929507564489,57.03120193124926,1.0,1.5695171592625397
3,P2,P2 / M3,9,gaussian,sample,6425,194,6,1000,0.996283550154151,69.99125847153267,48.00181156047385,1.0,1.584994129537799
3,P2,P2 / M3,9,gaussian,sample,6466,195,6,9000,0.9938522331375834,77.7504269752825,55.35984570539045,0.0,1.1946032667275024
3,P2,P2 / M3,9,gaussian,sample,6743,204,5,0,0.9945136617721572,81.71607209874362,51.32641171067973,0.0,0.4045542764407514
3,P2,P2 / M3,9,gaussian,sample,6752,204,5,9000,0.9929936012177851,80.95017748901238,55.9699275883704,1.0,0.5533444488231002
3,P2,P2 / M3,9,gaussian,sample,6762,204,6,8000,0.9948086980262791,72.94601605800996,52.71595412683666,0.0,1.6006991568126554
3,P2,P2 / M3,9,gaussian,sample,6839,207,4,8000,0.989664090421549,99.12133549140981,64.18107799399557,0.0,0.32959616626790833
3,P2,P2 / M3,9,gaussian,sample,6878,208,5,3000,0.997746038706087,46.434950306297445,31.389430712416964,0.0,0.20258050738551764
3,P2,P2 / M3,9,gaussian,sample,6970,211,4,7000,0.9947756366719508,75.4898990629534,53.34641545779959,0.0,0.443857244158686
3,P2,P2 / M3,9,gaussian,sample,6983,211,5,9000,0.9967759612929896,52.838139816454664,36.368955824988625,1.0,0.3989205941402039
3,P2,P2 / M3,9,gaussian,sample,6987,211,6,2000,0.9886416714436165,107.68327885930509,55.7073556815911,1.0,0.4625050697085701
3,P2,P2 / M3,9,gaussian,sample,7035,213,4,6000,0.9945490307133176,74.81936591680986,56.384621099105175,1.0,1.211227987490939
3,P2,P2 / M3,9,gaussian,sample,7063,214,4,1000,0.9916687729008838,96.88812386742347,67.6584302308554,0.0,0.14825134918807806
3,P2,P2 / M3,9,gaussian,sample,7090,214,6,6000,0.9832582869082334,129.51760137863792,95.74338984586062,0.0,0.6011234837572229
3,P2,P2 / M3,9,gaussian,sample,7141,216,5,2000,0.9932500506123842,85.17695668311502,53.115256000317615,0.0,0.3493936935627085
3,P2,P2 / M3,9,gaussian,sample,7214,218,5,9000,0.9957263351496113,61.48909990166195,49.096440423371774,1.0,0.6428537951989505
3,P2,P2 / M3,9,gaussian,sample,7257,219,6,8000,0.9855888321616192,121.02136724053321,80.37209782893729,0.0,0.9236916761683088
3,P2,P2 / M3,9,gaussian,sample,7309,221,5,5000,0.9958177948249418,63.19183532518525,39.25370671800201,0.0,0.2326322807843639
3,P2,P2 / M3,9,gaussian,sample,7333,222,4,7000,0.9954805313624535,70.88996611320559,51.12242397068021,0.0,0.8111666980339066
3,P2,P2 / M3,9,gaussian,sample,7411,224,5,8000,0.997738475642719,45.28651502374653,30.092659424398615,0.0,0.35122699618051084
3,P2,P2 / M3,9,gaussian,sample,7422,224,6,8000,0.9933449208467441,82.8296356892537,63.41722275478872,0.0,1.0237091440973978
3,P2,P2 / M3,9,gaussian,sample,7439,225,5,3000,0.9933453829776022,83.48022069398294,59.111200900474174,0.0,0.3377353485438956
3,P2,P2 / M3,9,gaussian,sample,7451,225,6,4000,0.9732948928509885,178.710289928235,122.47581982444163,1.0,1.013895977599897
3,P2,P2 / M3,9,gaussian,sample,7578,229,5,10000,0.9978417799728526,42.82876931484629,30.754644593600148,0.0,0.34530838262090363
3,P2,P2 / M3,9,gaussian,sample,7764,235,4,9000,0.9951905514173628,68.66012882662285,42.374411155795705,1.0,1.2849633546699226
3,P2,P2 / M3,9,gaussian,sample,7785,235,6,8000,0.98601505896501,113.95285177151577,69.31280527109604,0.0,0.8624025015000149
3,P2,P2 / M3,9,gaussian,sample,7869,238,5,4000,0.9800060654871404,131.4401524912567,80.0940423183527,0.0,0.27709532207500204
3,P2,P2 / M3,9,gaussian,sample,7884,238,6,8000,0.9868236725164553,107.83378383803593,77.90276987676009,1.0,1.4093906013484283
3,P2,P2 / M3,9,gaussian,sample,7923,240,4,3000,0.9915622108793337,93.54985307763091,57.919604821848885,0.0,0.44182574644859923
3,P2,P2 / M3,9,gaussian,sample,7931,240,5,0,0.9907418419689716,105.87868934872029,73.36240636024932,1.0,0.7534375803176404
3,P2,P2 / M3,9,gaussian,sample,7948,240,6,6000,0.9802128370372902,139.89680128259712,94.45322869398942,1.0,1.701731022831755
3,P2,P2 / M3,9,gaussian,sample,7971,241,5,7000,0.9949159296067082,68.41863220610827,42.702052573672816,1.0,0.255052382541144
3,P2,P2 / M3,9,gaussian,sample,8015,242,6,7000,0.9909386652595306,97.16629218105051,76.57784010407637,0.0,1.4288520037234187
3,P2,P2 / M3,9,gaussian,sample,8259,250,4,9000,0.9960939973601752,60.53300338592077,43.85677682394959,1.0,0.4995111341138471
3,P2,P2 / M3,9,gaussian,sample,8325,252,4,9000,0.9945708256363984,77.18544273296254,59.12721655151538,1.0,0.9359039455405869
3,P2,P2 / M3,9,gaussian,sample,8330,252,5,3000,0.995788656480037,68.77117768908985,43.64822542181548,0.0,0.5475841283816933
3,P2,P2 / M3,9,gaussian,sample,8407,254,6,3000,0.9911269549862822,105.51832416077998,64.63539452261436,0.0,0.4779020911174986
3,P2,P2 / M3,9,gaussian,sample,8441,255,6,4000,0.9858908718951706,142.10252980911687,92.99476022916147,0.0,0.5634092556114136
3,P2,P2 / M3,9,spline,sample,33,1,4,0,0.9991429245056698,33.129705034732275,28.90223531495549,0.0,0.4865013743514476
3,P2,P2 / M3,9,spline,sample,34,1,4,1000,0.9934491349772091,85.39631458903386,63.423926384210546,1.0,0.3700928229907275
3,P2,P2 / M3,9,spline,sample,107,3,4,8000,0.9976605919181366,50.49582533201939,32.49005310510247,0.0,0.28420811117274636
3,P2,P2 / M3,9,spline,sample,117,3,5,7000,0.9956813339701093,64.4609765020741,44.356753736315525,0.0,0.6915105459935788
3,P2,P2 / M3,9,spline,sample,166,5,4,1000,0.9975606956368402,54.30536373789454,39.91847241374455,0.0,0.439344936342902
3,P2,P2 / M3,9,spline,sample,279,8,5,4000,0.9945963091924488,75.76328258305132,51.10908312670567,0.0,0.4621180418200658
3,P2,P2 / M3,9,spline,sample,281,8,5,6000,0.9927554876707697,86.45779554984871,60.726911042205614,0.0,0.4307166562062604
3,P2,P2 / M3,9,spline,sample,363,11,4,0,0.9981848148195033,48.67133066773638,36.87265711713379,0.0,0.46483139447834315
3,P2,P2 / M3,9,spline,sample,389,11,6,4000,0.9940033279235049,82.33273738884859,69.38325579931508,1.0,0.830918392566114
3,P2,P2 / M3,9,spline,sample,423,12,6,5000,0.9829179792793219,136.2109983556431,92.95493804387708,1.0,0.4695692684652585
3,P2,P2 / M3,9,spline,sample,621,18,6,5000,0.9883149676471825,117.19352630585048,81.34180883251696,0.0,0.7016665260986524
3,P2,P2 / M3,9,spline,sample,642,19,5,4000,0.9956066273486507,69.0080257959358,42.62312777581668,0.0,0.21900758957280667
3,P2,P2 / M3,9,spline,sample,694,21,4,1000,0.9977014265442843,53.63378001013733,42.38616002924645,0.0,0.30180201933784073
3,P2,P2 / M3,9,spline,sample,695,21,4,2000,0.9881994310358306,114.66178651531801,89.17722100682387,0.0,0.99067216712132
3,P2,P2 / M3,9,spline,sample,782,23,6,1000,0.9805276475296018,148.6014681655814,112.78363089713135,0.0,0.9180930717338116
3,P2,P2 / M3,9,spline,sample,881,26,6,1000,0.9854602208726247,128.85521071504024,87.31967279639898,0.0,0.7609895676501882
3,P2,P2 / M3,9,spline,sample,990,30,4,0,0.9979311564272241,48.539869726191995,43.20488652168447,0.0,0.890459536811544
3,P2,P2 / M3,9,spline,sample,997,30,4,7000,0.9889120096658558,110.29974379066796,82.8402993157092,0.0,0.8922262055982536
3,P2,P2 / M3,9,spline,sample,1035,31,5,1000,0.9984631647843439,43.24441901143911,37.29292213831341,0.0,0.8183915619747715
3,P2,P2 / M3,9,spline,sample,1054,31,6,9000,0.9947932890926244,73.55838883081769,49.176822061180076,0.0,0.811494100279345
3,P2,P2 / M3,9,spline,sample,1056,32,4,0,0.9971496048445649,61.81640370006647,49.485923440602896,0.0,0.2657757993589639
3,P2,P2 / M3,9,spline,sample,1070,32,5,3000,0.997673628388488,52.712527557691615,36.848964236483305,0.0,0.5494504987773599
3,P2,P2 / M3,9,spline,sample,1107,33,5,7000,0.9961815048831317,63.62324386424998,36.675124810918824,0.0,0.4235899003612482
3,P2,P2 / M3,9,spline,sample,1168,35,5,2000,0.9961251067172775,68.19447840427357,56.04266073103846,0.0,0.5544482063346086
3,P2,P2 / M3,9,spline,sample,1224,37,4,3000,0.9940081719683685,82.91965539551342,43.27414491778115,0.0,0.24575032538554673
3,P2,P2 / M3,9,spline,sample,1273,38,5,8000,0.9935953548995964,77.9513747858152,51.41832327998636,0.0,0.2727296144897495
3,P2,P2 / M3,9,spline,sample,1296,39,4,9000,0.9930603880846701,86.65415988661162,54.337791572459466,0.0,0.28608873883829977
3,P2,P2 / M3,9,spline,sample,1389,42,4,3000,0.9962803685245974,63.7699010121968,38.445474494221926,0.0,0.6902116917652686
3,P2,P2 / M3,9,spline,sample,1442,43,6,1000,0.9910022602919252,106.83568381481952,72.05696195439961,0.0,0.941301254548015
3,P2,P2 / M3,9,spline,sample,1467,44,5,4000,0.9913441943930393,99.5774352690005,72.03971662740337,1.0,0.6042873941754234
3,P2,P2 / M3,9,spline,sample,1576,47,6,3000,0.9970130040536642,61.900042533324076,54.89559202589694,0.0,1.1712261100353272
3,P2,P2 / M3,9,spline,sample,1632,49,5,4000,0.9894682922229167,104.72674433658435,69.5895186065319,1.0,0.4628720147091979
3,P2,P2 / M3,9,spline,sample,1736,52,5,9000,0.9890405892071371,101.75892679418138,71.03907731268843,0.0,0.8300311180815629
3,P2,P2 / M3,9,spline,sample,1867,56,5,8000,0.9950228236585648,68.74857627680616,50.92731670615601,0.0,0.4940065223136121
3,P2,P2 / M3,9,spline,sample,2061,62,5,4000,0.9969941303742447,56.90460158600329,40.432556057158415,0.0,0.5645655069819039
3,P2,P2 / M3,9,spline,sample,2192,66,5,3000,0.9985815058045625,39.44474152147737,31.53263902300788,0.0,0.5796983034779162
3,P2,P2 / M3,9,spline,sample,2237,67,6,4000,0.9870941882797923,125.54955669901136,88.15061475505631,0.0,0.6961984404525083
3,P2,P2 / M3,9,spline,sample,2276,68,6,10000,0.9921554648690408,92.0880746530414,58.59439774734178,0.0,0.8968706077784502
3,P2,P2 / M3,9,spline,sample,2296,69,5,8000,0.9902121202866032,97.91501525475455,75.2479033948018,0.0,0.825901279333315
3,P2,P2 / M3,9,spline,sample,2319,70,4,9000,0.9956794727958957,66.94513416933974,39.02302226564531,0.0,0.14276036868679037
3,P2,P2 / M3,9,spline,sample,2345,71,4,2000,0.9937706765645941,88.0827560561783,74.40306371523438,1.0,0.8468271355388831
3,P2,P2 / M3,9,spline,sample,2388,72,5,1000,0.9965615175366997,61.787682588457685,37.831741328149434,0.0,0.4188617399657743
3,P2,P2 / M3,9,spline,sample,2424,73,5,4000,0.9919052247995497,98.49180186712496,68.99612587077239,0.0,0.28223126234716894
3,P2,P2 / M3,9,spline,sample,2508,76,4,0,0.9963705951100426,71.4712660339576,52.54321590106636,0.0,0.45141644121536395
3,P2,P2 / M3,9,spline,sample,2546,77,4,5000,0.9960015076103266,68.21835490494988,54.17884062882131,0.0,0.4353628709703988
3,P2,P2 / M3,9,spline,sample,2573,77,6,10000,0.99196886678585,94.26317663256394,70.0731387821545,0.0,1.2690251301415354
3,P2,P2 / M3,9,spline,sample,2692,81,5,8000,0.9969855190792164,55.74319607995503,34.15125245456008,0.0,0.3487930982415642
3,P2,P2 / M3,9,spline,sample,2711,82,4,5000,0.9970896015415583,58.79690191862439,50.65664868776397,0.0,0.698305744194635
3,P2,P2 / M3,9,spline,sample,2720,82,5,3000,0.9920692212036665,92.66452053558767,60.67837550278264,0.0,0.48944203723675955
3,P2,P2 / M3,9,spline,sample,2747,83,4,8000,0.997571916262965,52.46126717776488,39.47121287082296,0.0,0.5766908180900386
3,P2,P2 / M3,9,spline,sample,2857,86,5,8000,0.9893312066043063,100.40740935535867,72.50967243414514,0.0,0.44396615870611156
3,P2,P2 / M3,9,spline,sample,2858,86,5,9000,0.9977925085901548,45.25886726463487,32.42902030743667,0.0,0.8759683511191017
3,P2,P2 / M3,9,spline,sample,3158,95,6,1000,0.991212882353766,99.02016526333689,75.13916203964779,0.0,1.2775655615365131
3,P2,P2 / M3,9,spline,sample,3159,95,6,2000,0.992121401664651,99.26745728406821,75.7812062344961,0.0,0.8612939422188619
3,P2,P2 / M3,9,spline,sample,3236,98,4,2000,0.9985797106215889,44.105397083436294,32.68218330722445,0.0,0.3931716963804737
3,P2,P2 / M3,9,spline,sample,3266,98,6,10000,0.9950495343619676,73.39817172487028,44.85025852813653,0.0,0.24029856707567748
3,P2,P2 / M3,9,spline,sample,3331,100,6,9000,0.9949436868334409,74.27293719353963,54.7268777563264,0.0,0.6538862378170586
3,P2,P2 / M3,9,spline,sample,3332,100,6,10000,0.9915338509493931,93.55543484170873,60.77604999979168,0.0,0.43041856006560286
3,P2,P2 / M3,9,spline,sample,3337,101,4,4000,0.9895682162739462,107.95556237843017,65.33028946080553,0.0,0.28509319639207015
3,P2,P2 / M3,9,spline,sample,3474,105,4,9000,0.998154639734022,45.47512022473188,33.615284420612326,0.0,0.5802310330749546
3,P2,P2 / M3,9,spline,sample,3485,105,5,9000,0.99485687850104,69.68736113452447,53.71936803102054,0.0,0.7820146332145663
3,P2,P2 / M3,9,spline,sample,3492,105,6,5000,0.9886905939376968,110.06051117529292,81.55694288235274,1.0,0.8907596420605871
3,P2,P2 / M3,9,spline,sample,3500,106,4,2000,0.992072052127396,99.47454335889458,74.85269795653879,0.0,0.6195846546860845
3,P2,P2 / M3,9,spline,sample,3514,106,5,5000,0.9970686883375982,58.327094906542904,40.324885506461804,0.0,0.6078429669596668
3,P2,P2 / M3,9,spline,sample,3519,106,5,10000,0.9969569609328229,53.85988667910737,44.44261310288195,0.0,1.0819230352957803
3,P2,P2 / M3,9,spline,sample,3566,108,4,2000,0.9937119885394229,85.72073345385026,64.93764083886074,0.0,0.8289439502389655
3,P2,P2 / M3,9,spline,sample,3751,113,6,0,0.989757577819576,112.57552285314252,86.67893891528657,0.0,0.7106115057284207
3,P2,P2 / M3,9,spline,sample,3772,114,4,10000,0.9958729258109245,66.03924362547218,44.66716215575154,0.0,0.4870827619189925
3,P2,P2 / M3,9,spline,sample,3805,115,4,10000,0.9910190426994157,95.67904900830182,61.90378775690499,0.0,0.5477628990664692
3,P2,P2 / M3,9,spline,sample,3828,116,4,0,0.9926316121364037,100.30839544360262,52.64243783671723,0.0,0.1495310247502265
3,P2,P2 / M3,9,spline,sample,3858,116,6,8000,0.9957669085998343,69.83656785784916,53.25936819668379,0.0,0.8592764276211404
3,P2,P2 / M3,9,spline,sample,3919,118,6,3000,0.9931611967465747,94.17483188058543,58.64261885771878,0.0,0.3582516140798015
3,P2,P2 / M3,9,spline,sample,4048,122,6,0,0.9881659136880259,119.31779442872222,73.29436552091987,0.0,0.444682461419618
3,P2,P2 / M3,9,spline,sample,4188,126,6,8000,0.9817009042635032,138.26125804326642,83.90070827691929,0.0,0.873490999528923
3,P2,P2 / M3,9,spline,sample,4189,126,6,9000,0.9956775680438703,66.78086875421772,49.84053964457083,0.0,0.32294337265848055
3,P2,P2 / M3,9,spline,sample,4193,127,4,2000,0.9979578952965628,49.090340027917776,39.15940571632096,0.0,0.4294458589809372
3,P2,P2 / M3,9,spline,sample,4225,128,4,1000,0.9987663515653498,38.52871680116517,27.49950783139413,0.0,0.33547921059631985
3,P2,P2 / M3,9,spline,sample,4448,134,6,4000,0.9922117860540777,96.73953416488648,74.04858924007746,0.0,0.833895300242534
3,P2,P2 / M3,9,spline,sample,4461,135,4,6000,0.995374733342702,70.58536984337853,40.765363779830125,0.0,0.49777228306230936
3,P2,P2 / M3,9,spline,sample,4524,137,4,3000,0.9963855572270598,65.7244016120422,46.294306812533385,0.0,0.4741527795876098
3,P2,P2 / M3,9,spline,sample,4565,138,5,0,0.9918488547709914,103.48938319496985,63.28248056910488,0.0,0.539418926578034
3,P2,P2 / M3,9,spline,sample,4607,139,5,9000,0.9788327848390156,139.8229173445704,76.30638833255772,1.0,0.7281581779585309
3,P2,P2 / M3,9,spline,sample,4647,140,6,5000,0.992811680455018,92.05910446728149,60.21079044934104,0.0,0.6126260466004657
3,P2,P2 / M3,9,spline,sample,4717,142,6,9000,0.9974904392143694,51.957623002828434,41.17857156069325,0.0,0.7236908840009656
3,P2,P2 / M3,9,spline,sample,4776,144,6,2000,0.989578594595448,107.9393914654944,78.97018656880988,0.0,0.9082790971441488
3,P2,P2 / M3,9,spline,sample,4792,145,4,7000,0.9976051727117768,51.515265506263006,42.180224003285986,0.0,0.8414639329776418
3,P2,P2 / M3,9,spline,sample,4826,146,4,8000,0.9963897578490041,63.213158571168684,47.39759908252314,0.0,0.4230917809304405
3,P2,P2 / M3,9,spline,sample,4849,146,6,9000,0.9916683923100418,95.25023469188537,60.32091007545845,0.0,0.20044609371699987
3,P2,P2 / M3,9,spline,sample,4869,147,5,7000,0.9974725992534129,49.455868590200055,41.23633228300457,0.0,1.2092924221393437
3,P2,P2 / M3,9,spline,sample,4877,147,6,4000,0.9973767367902823,57.45691212327556,42.28089855016299,0.0,0.4270500931582401
3,P2,P2 / M3,9,spline,sample,4929,149,5,1000,0.9983920878571932,44.76451299486002,33.792670417338876,0.0,0.39139854279200764
3,P2,P2 / M3,9,spline,sample,4949,149,6,10000,0.9817948620505961,134.14132023823916,74.92435193982297,0.0,0.7894872388132783
3,P2,P2 / M3,9,spline,sample,5043,152,6,5000,0.9813974770095241,138.06269708081962,82.69492104546853,0.0,0.5351733127972489
3,P2,P2 / M3,9,spline,sample,5101,154,5,8000,0.9977323403606381,44.79764632214472,28.365222013701878,0.0,0.5447633556815337
3,P2,P2 / M3,9,spline,sample,5112,154,6,8000,0.9941198586188228,74.62615956614695,55.31078896109587,0.0,0.5632325227713736
3,P2,P2 / M3,9,spline,sample,5144,155,6,7000,0.9872823045490178,122.12592773993845,64.26543605734732,0.0,0.5552756175944338
3,P2,P2 / M3,9,spline,sample,5316,161,4,3000,0.9944514834569556,78.0377124407619,56.66787967535804,0.0,0.69097923845919
3,P2,P2 / M3,9,spline,sample,5381,163,4,2000,0.9930444014180603,93.03443006006583,58.511770920595474,0.0,0.17501088061992562
3,P2,P2 / M3,9,spline,sample,5384,163,4,5000,0.9931788722366286,86.31408579673878,46.93948904902268,0.0,0.4770200705238136
3,P2,P2 / M3,9,spline,sample,5414,164,4,2000,0.9931929153969786,91.06978832810057,75.6569362885984,0.0,0.6475124734964646
3,P2,P2 / M3,9,spline,sample,5534,167,6,1000,0.993094764901759,100.95392691103116,66.65455982635044,0.0,0.8021561993936839
3,P2,P2 / M3,9,spline,sample,5617,170,4,7000,0.9958962219833408,65.26168894984252,44.25119092504073,0.0,0.3350846908671912
3,P2,P2 / M3,9,spline,sample,5658,171,5,4000,0.9976679345891881,49.27697316983521,41.674428768396595,0.0,1.0315437543717343
3,P2,P2 / M3,9,spline,sample,5694,172,5,7000,0.9960805280332576,62.95492284959537,45.71926623079791,1.0,0.7052116640195168
3,P2,P2 / M3,9,spline,sample,5816,176,4,8000,0.989963161389105,98.48507972626581,61.01402643541595,0.0,0.8657357090814237
3,P2,P2 / M3,9,spline,sample,5841,177,4,0,0.9932321968411638,96.6319393078241,62.055453503726554,0.0,0.25012717350977715
3,P2,P2 / M3,9,spline,sample,5843,177,4,2000,0.9962236514704325,64.32805974810576,41.51819830836447,0.0,0.5716209097849739
3,P2,P2 / M3,9,spline,sample,5858,177,5,6000,0.9943532621082458,75.77995386741938,53.58619452054325,0.0,0.3819177906250513
3,P2,P2 / M3,9,spline,sample,5887,178,5,2000,0.9827166978767529,135.03863324637405,94.00768758906956,1.0,0.8010342513128075
3,P2,P2 / M3,9,spline,sample,6248,189,5,0,0.9932571947427478,88.45608584547902,56.21060828192204,0.0,0.4163842076553781
3,P2,P2 / M3,9,spline,sample,6299,190,6,7000,0.9964807670168502,63.56604669197933,38.762577796558766,0.0,0.48003799089837396
3,P2,P2 / M3,9,spline,sample,6359,192,6,1000,0.9914884276692684,99.70843735438825,68.38732896222034,0.0,0.6286199801656461
3,P2,P2 / M3,9,spline,sample,6407,194,4,5000,0.9899187801217947,107.17411836592451,69.97435605201011,0.0,0.598964384479411
3,P2,P2 / M3,9,spline,sample,6425,194,6,1000,0.9965130423989029,67.79583242961598,43.43064762271159,0.0,0.9083343299617191
3,P2,P2 / M3,9,spline,sample,6466,195,6,9000,0.9949943732024791,70.15737341201155,56.86710172211324,0.0,1.6143215229649082
3,P2,P2 / M3,9,spline,sample,6743,204,5,0,0.997636576698661,53.63360021627933,32.16857524790662,0.0,0.2152599885702422
3,P2,P2 / M3,9,spline,sample,6752,204,5,9000,0.9924613020482287,83.96891676943086,53.84147510584413,1.0,0.43110576601198386
3,P2,P2 / M3,9,spline,sample,6762,204,6,8000,0.996193896635009,62.460250420434164,45.50679816953612,0.0,1.1016174495435649
3,P2,P2 / M3,9,spline,sample,6839,207,4,8000,0.9914092782745456,90.36653286489062,63.275922267221404,0.0,0.4503970739600665
3,P2,P2 / M3,9,spline,sample,6878,208,5,3000,0.9954114439415667,66.2536454215664,49.13491287922019,0.0,0.5061571039350411
3,P2,P2 / M3,9,spline,sample,6970,211,4,7000,0.9931403738722021,86.50124962429516,61.87792525396809,0.0,0.45406368578360445
3,P2,P2 / M3,9,spline,sample,6983,211,5,9000,0.9962951989605281,56.640860295335635,39.22431570507894,0.0,0.5696023754366376
3,P2,P2 / M3,9,spline,sample,6987,211,6,2000,0.9868654928369323,115.79717068407808,90.69680627322404,0.0,2.1869386475906842
3,P2,P2 / M3,9,spline,sample,7035,213,4,6000,0.9949811258089051,71.79270392179623,43.29123277432444,0.0,0.3605210926987417
3,P2,P2 / M3,9,spline,sample,7063,214,4,1000,0.9883077812312661,114.77955223821516,83.63605453874632,0.0,0.3508200675751419
3,P2,P2 / M3,9,spline,sample,7090,214,6,6000,0.9906618120251444,96.7297691429843,65.88499277265933,0.0,0.2881750304440208
3,P2,P2 / M3,9,spline,sample,7141,216,5,2000,0.9932018923682582,85.48026874748177,60.71466535794056,0.0,0.5395575946352796
3,P2,P2 / M3,9,spline,sample,7214,218,5,9000,0.9963054555813776,57.1713373672524,40.549033821354456,0.0,0.3545415369855652
3,P2,P2 / M3,9,spline,sample,7257,219,6,8000,0.9866916419388257,116.29865858388979,80.09143987675321,0.0,0.8689974218980858
3,P2,P2 / M3,9,spline,sample,7309,221,5,5000,0.9924925861023141,84.66491594013976,71.53809344969491,0.0,1.0499739852918588
3,P2,P2 / M3,9,spline,sample,7333,222,4,7000,0.9966021105146665,61.46752195648495,36.31442147602048,0.0,0.24896870800129603
3,P2,P2 / M3,9,spline,sample,7411,224,5,8000,0.9937410604711927,75.33879060526422,50.12164615560399,0.0,0.3095213644404554
3,P2,P2 / M3,9,spline,sample,7422,224,6,8000,0.9914595479562881,93.83169633728929,57.033973480904805,0.0,0.5114014792754781
3,P2,P2 / M3,9,spline,sample,7439,225,5,3000,0.9942966759064401,77.28337521118787,59.55615411531665,0.0,0.4904024606632583
3,P2,P2 / M3,9,spline,sample,7451,225,6,4000,0.9791321791327214,157.97593955174443,85.26978938625284,1.0,0.31812922131918037
3,P2,P2 / M3,9,spline,sample,7578,229,5,10000,0.9980023183952563,41.20509039779978,27.353693832795358,0.0,0.6783684413732681
3,P2,P2 / M3,9,spline,sample,7764,235,4,9000,0.9941888133667012,75.4726123681919,46.11699494885722,1.0,0.5876230920033938
3,P2,P2 / M3,9,spline,sample,7785,235,6,8000,0.9914466363021374,89.11757247672891,59.00092813377416,0.0,0.498961721996738
3,P2,P2 / M3,9,spline,sample,7869,238,5,4000,0.980891954595781,128.49524414992538,88.90989218500818,0.0,1.493861350513308
3,P2,P2 / M3,9,spline,sample,7884,238,6,8000,0.9892936830753903,97.20255980102407,60.32228353356296,1.0,0.4362820046208588
3,P2,P2 / M3,9,spline,sample,7923,240,4,3000,0.9940526193260988,78.54013524936835,62.907116809607906,0.0,1.08594136876567
3,P2,P2 / M3,9,spline,sample,7931,240,5,0,0.9977732070630378,51.926156670735175,39.47858429616282,1.0,0.4184597327670426
3,P2,P2 / M3,9,spline,sample,7948,240,6,6000,0.9827773002909223,130.51686512749004,87.92435314289446,1.0,0.9074783223689357
3,P2,P2 / M3,9,spline,sample,7971,241,5,7000,0.9935405892070236,77.11965225332305,53.73447891870225,0.0,0.45635922638372745
3,P2,P2 / M3,9,spline,sample,8015,242,6,7000,0.9912908453838934,95.25933465779144,73.58120748787381,0.0,0.773428228479233
3,P2,P2 / M3,9,spline,sample,8259,250,4,9000,0.9939392130007172,75.40331973976787,47.06679570900429,0.0,0.5523271907090035
3,P2,P2 / M3,9,spline,sample,8325,252,4,9000,0.984775666587876,129.25211190746793,88.99553495082593,0.0,1.0971774388308881
3,P2,P2 / M3,9,spline,sample,8330,252,5,3000,0.9975088608738029,52.892624728611445,32.92592945342829,0.0,0.7723923077942872
3,P2,P2 / M3,9,spline,sample,8407,254,6,3000,0.9931280766807038,92.86043101913293,59.49848947489542,0.0,0.4090390463731348
3,P2,P2 / M3,9,spline,sample,8441,255,6,4000,0.9885472412329965,128.02853554348755,93.97298696786251,0.0,0.6021971809634051
3,P2,P2 / M3,9,source_pretrained_mlp,sample,33,1,4,0,0.9940225883670475,87.4912482111605,58.47286839918657,0.0,0.38884999366238276
3,P2,P2 / M3,9,source_pretrained_mlp,sample,34,1,4,1000,0.9819688813660976,141.6775826853351,103.98104797710072,1.0,1.0045172976435819
3,P2,P2 / M3,9,source_pretrained_mlp,sample,107,3,4,8000,0.9761259137979023,161.31169729970247,102.13769614696503,1.0,0.7231514432449159
3,P2,P2 / M3,9,source_pretrained_mlp,sample,117,3,5,7000,-1618.543250447122,39474.65519357206,9732.134737140992,8.0,1593.4961005249831
3,P2,P2 / M3,9,source_pretrained_mlp,sample,166,5,4,1000,0.9879662614705399,120.61741482777546,73.26815163294474,0.0,0.37310809170486803
3,P2,P2 / M3,9,source_pretrained_mlp,sample,279,8,5,4000,0.9819751820568674,138.37224298418263,83.31430485844612,0.0,0.18204943379945115
3,P2,P2 / M3,9,source_pretrained_mlp,sample,281,8,5,6000,0.9741191605898002,163.4138112424953,97.15549024939537,1.0,0.122231873072829
3,P2,P2 / M3,9,source_pretrained_mlp,sample,363,11,4,0,0.9965489021360064,67.11064128501258,41.47436944643656,0.0,0.1662971525076328
3,P2,P2 / M3,9,source_pretrained_mlp,sample,389,11,6,4000,0.9937549482731747,84.02053155543261,61.880400050770156,1.0,0.19866782642655806
3,P2,P2 / M3,9,source_pretrained_mlp,sample,423,12,6,5000,0.9358132354392907,264.03730808696736,121.87262352307637,1.0,0.2024631644254071
3,P2,P2 / M3,9,source_pretrained_mlp,sample,621,18,6,5000,0.9816534740788844,146.8471702344456,86.59834586083889,0.0,0.1720821931013522
3,P2,P2 / M3,9,source_pretrained_mlp,sample,642,19,5,4000,0.9682346855970037,185.55692253858152,104.64962948858738,1.0,0.09722105244656246
3,P2,P2 / M3,9,source_pretrained_mlp,sample,694,21,4,1000,0.9953838557265485,76.00617892345028,50.65389756361643,0.0,0.5116866036351816
3,P2,P2 / M3,9,source_pretrained_mlp,sample,695,21,4,2000,0.9650530171012794,197.32043953811083,118.67862357695897,1.0,0.3454732958755841
3,P2,P2 / M3,9,source_pretrained_mlp,sample,782,23,6,1000,0.9759852990109541,165.02604096784293,112.22510303150524,1.0,0.7379039392877219
3,P2,P2 / M3,9,source_pretrained_mlp,sample,881,26,6,1000,0.9847692000192362,131.88167009605857,77.14083611048184,0.0,0.21585280580559563
3,P2,P2 / M3,9,source_pretrained_mlp,sample,990,30,4,0,0.9980373248443716,47.27798860972003,26.602446218331654,0.0,0.3398223275415392
3,P2,P2 / M3,9,source_pretrained_mlp,sample,997,30,4,7000,0.9710280410235159,178.29411769010778,94.70414902613713,0.0,0.29926225264526246
3,P2,P2 / M3,9,source_pretrained_mlp,sample,1035,31,5,1000,0.9875937873043282,122.8672183652017,83.1595332423846,1.0,0.37133555820418535
3,P2,P2 / M3,9,source_pretrained_mlp,sample,1054,31,6,9000,0.9895625061320766,104.1474383596604,66.17487038058393,0.0,0.5247131085356099
3,P2,P2 / M3,9,source_pretrained_mlp,sample,1056,32,4,0,0.9766397275260941,176.96612931154638,123.90707343274897,1.0,0.15505282474897222
3,P2,P2 / M3,9,source_pretrained_mlp,sample,1070,32,5,3000,0.9871454796654181,123.90882369309449,79.65130894524711,0.0,0.14021814562969115
3,P2,P2 / M3,9,source_pretrained_mlp,sample,1107,33,5,7000,0.9862505006945576,120.7294243823902,81.50703080495198,0.0,0.31720973744146896
3,P2,P2 / M3,9,source_pretrained_mlp,sample,1168,35,5,2000,0.9541475350866734,234.58523969374897,122.54702963829041,1.0,0.186579575934385
3,P2,P2 / M3,9,source_pretrained_mlp,sample,1224,37,4,3000,0.9923553762947728,93.66037121610212,48.22273447116216,0.0,0.0524312287764409
3,P2,P2 / M3,9,source_pretrained_mlp,sample,1273,38,5,8000,0.9917307702566324,88.57451304835664,66.12047966321309,1.0,2.404550834376103
3,P2,P2 / M3,9,source_pretrained_mlp,sample,1296,39,4,9000,0.9828703975479538,136.14304693011434,92.31456606204694,0.0,0.4232245117373888
3,P2,P2 / M3,9,source_pretrained_mlp,sample,1389,42,4,3000,0.9830291985948882,136.21249923997644,72.54576234022777,1.0,0.10579080188313635
3,P2,P2 / M3,9,source_pretrained_mlp,sample,1442,43,6,1000,0.9840648275128167,142.17656118075934,73.48857509826912,1.0,0.1971611765159336
3,P2,P2 / M3,9,source_pretrained_mlp,sample,1467,44,5,4000,0.989398980887965,110.19984859944974,67.2931855837504,0.0,0.28902170664072874
3,P2,P2 / M3,9,source_pretrained_mlp,sample,1576,47,6,3000,0.9808055531146407,156.91390544799512,93.21755035718282,1.0,0.36412446252357034
3,P2,P2 / M3,9,source_pretrained_mlp,sample,1632,49,5,4000,0.993833918719224,80.13326259657568,48.05741974886726,1.0,0.2071785429095847
3,P2,P2 / M3,9,source_pretrained_mlp,sample,1736,52,5,9000,0.8633642602309002,359.30318856840603,161.4442697101169,0.0,15.122176048343684
3,P2,P2 / M3,9,source_pretrained_mlp,sample,1867,56,5,8000,0.9443665229562395,229.84777108709093,138.3633154128727,0.0,0.38469505267174703
3,P2,P2 / M3,9,source_pretrained_mlp,sample,2061,62,5,4000,0.9935752676103153,83.19358479681937,43.575146198272705,0.0,0.07359845696048199
3,P2,P2 / M3,9,source_pretrained_mlp,sample,2192,66,5,3000,0.9986807497392474,38.039861528340424,25.791544987605167,0.0,0.17928728764644442
3,P2,P2 / M3,9,source_pretrained_mlp,sample,2237,67,6,4000,0.8677933680186375,401.83627739960644,213.6345645268758,0.0,0.3010424488169526
3,P2,P2 / M3,9,source_pretrained_mlp,sample,2276,68,6,10000,0.9883265136906628,112.33628978010813,76.99331511949238,0.0,0.3756499447153311
3,P2,P2 / M3,9,source_pretrained_mlp,sample,2296,69,5,8000,0.9923844524491204,86.3685346350626,57.247385896742344,1.0,0.40514013205983934
3,P2,P2 / M3,9,source_pretrained_mlp,sample,2319,70,4,9000,0.9927206269462279,86.89556925632498,56.22954885776226,1.0,0.16202533839507827
3,P2,P2 / M3,9,source_pretrained_mlp,sample,2345,71,4,2000,0.9756839448589854,174.02715261585152,116.64224045093243,0.0,0.2407504499814109
3,P2,P2 / M3,9,source_pretrained_mlp,sample,2388,72,5,1000,0.9958930146266896,67.52740771457125,46.37692581690275,0.0,0.19329619302314313
3,P2,P2 / M3,9,source_pretrained_mlp,sample,2424,73,5,4000,0.9959089243350012,70.01908682287957,45.790989729491145,0.0,0.2750744572392722
3,P2,P2 / M3,9,source_pretrained_mlp,sample,2508,76,4,0,0.9979153828649548,54.166018885578254,36.31184991200765,1.0,0.24958798523730003
3,P2,P2 / M3,9,source_pretrained_mlp,sample,2546,77,4,5000,0.9879045288321537,118.64911427643808,70.6288646551279,1.0,0.2386767738658136
3,P2,P2 / M3,9,source_pretrained_mlp,sample,2573,77,6,10000,0.9934292787381621,85.26291541707889,60.40361558689791,0.0,0.5314537850465909
3,P2,P2 / M3,9,source_pretrained_mlp,sample,2692,81,5,8000,0.9970239613523784,55.38662209998539,39.63139565785726,1.0,1.362585803576786
3,P2,P2 / M3,9,source_pretrained_mlp,sample,2711,82,4,5000,0.9939198670173901,84.98352799717742,47.858924102783206,1.0,0.08847046802726091
3,P2,P2 / M3,9,source_pretrained_mlp,sample,2720,82,5,3000,0.9953067701883572,71.2839037116846,37.421622592024505,0.0,0.07976324013232484
3,P2,P2 / M3,9,source_pretrained_mlp,sample,2747,83,4,8000,0.9926947474575792,90.99647384617234,52.8290319442749,0.0,0.10691307255096029
3,P2,P2 / M3,9,source_pretrained_mlp,sample,2857,86,5,8000,0.9934737191906248,78.5309746608163,51.115236699581146,0.0,0.34758223914560826
3,P2,P2 / M3,9,source_pretrained_mlp,sample,2858,86,5,9000,0.9963500862065617,58.19631322420439,36.45798822906282,0.0,0.17955158384883912
3,P2,P2 / M3,9,source_pretrained_mlp,sample,3158,95,6,1000,0.9905914473901477,102.46176557780369,69.11165529489517,0.0,0.31622645846257796
3,P2,P2 / M3,9,source_pretrained_mlp,sample,3159,95,6,2000,0.9929077781378912,94.18322863822327,55.41713575883345,0.0,0.20390347449720692
3,P2,P2 / M3,9,source_pretrained_mlp,sample,3236,98,4,2000,0.9980862031134242,51.197792830821506,32.57557659882765,0.0,0.08414317637018079
3,P2,P2 / M3,9,source_pretrained_mlp,sample,3266,98,6,10000,0.9953837372871966,70.87735062334589,45.85412849485874,0.0,0.18115042744408505
3,P2,P2 / M3,9,source_pretrained_mlp,sample,3331,100,6,9000,0.9983839141003562,41.9899963745213,28.125126343507034,0.0,0.4424226466075615
3,P2,P2 / M3,9,source_pretrained_mlp,sample,3332,100,6,10000,0.9874465297745735,113.9220955498386,82.31277322769165,0.0,0.5167680367939739
3,P2,P2 / M3,9,source_pretrained_mlp,sample,3337,101,4,4000,0.9918639256557569,95.3395704770217,44.39491877704859,0.0,0.07254246723984496
3,P2,P2 / M3,9,source_pretrained_mlp,sample,3474,105,4,9000,0.99754084779578,52.49597158506195,35.467977432104256,0.0,0.34989161727944074
3,P2,P2 / M3,9,source_pretrained_mlp,sample,3485,105,5,9000,0.9953401616575314,66.33245217509376,41.124361872673035,0.0,0.10729138677340476
3,P2,P2 / M3,9,source_pretrained_mlp,sample,3492,105,6,5000,0.9899823668563853,103.58436031557511,65.42631070430463,1.0,0.21036783083581162
3,P2,P2 / M3,9,source_pretrained_mlp,sample,3500,106,4,2000,0.9966207663179811,64.94424522826868,40.01525908250075,1.0,0.09916727873252015
3,P2,P2 / M3,9,source_pretrained_mlp,sample,3514,106,5,5000,0.9924512886924447,93.59998010688251,46.572222760745454,0.0,0.45282594865967557
3,P2,P2 / M3,9,source_pretrained_mlp,sample,3519,106,5,10000,0.9904726680211466,95.30096989581733,62.566774760975555,0.0,0.4626745151788038
3,P2,P2 / M3,9,source_pretrained_mlp,sample,3566,108,4,2000,0.9950764319632891,75.8523757720048,49.942379219191416,1.0,0.209591387786861
3,P2,P2 / M3,9,source_pretrained_mlp,sample,3751,113,6,0,0.978264754618301,163.99284869507946,81.99148181506565,1.0,0.22289818082531934
3,P2,P2 / M3,9,source_pretrained_mlp,sample,3772,114,4,10000,0.9884916768261504,110.27751651209653,65.77737689680524,0.0,0.05608363896445314
3,P2,P2 / M3,9,source_pretrained_mlp,sample,3805,115,4,10000,0.9718022289530361,169.53638722822004,114.42445556322734,1.0,0.739052110962909
3,P2,P2 / M3,9,source_pretrained_mlp,sample,3828,116,4,0,0.9830201221435187,152.27139450661005,90.60584688186646,0.0,0.2532687788209123
3,P2,P2 / M3,9,source_pretrained_mlp,sample,3858,116,6,8000,0.9573636833307064,221.63783760977066,114.23882261912028,1.0,0.48342507555848474
3,P2,P2 / M3,9,source_pretrained_mlp,sample,3919,118,6,3000,0.9897094920144537,115.52160277409878,73.9945250749588,0.0,0.9399022992920792
3,P2,P2 / M3,9,source_pretrained_mlp,sample,4048,122,6,0,0.9925112239778285,94.91684008332956,59.14016077839411,0.0,0.22429797326580922
3,P2,P2 / M3,9,source_pretrained_mlp,sample,4188,126,6,8000,0.9853628335141111,123.65571583330856,66.71676326330218,0.0,0.2277817514306252
3,P2,P2 / M3,9,source_pretrained_mlp,sample,4189,126,6,9000,0.9932964946090005,83.16468814732602,64.26282923562187,0.0,0.40618331010344316
3,P2,P2 / M3,9,source_pretrained_mlp,sample,4193,127,4,2000,0.9969217004254126,60.271566417523786,41.81854823657444,0.0,0.18456026995394503
3,P2,P2 / M3,9,source_pretrained_mlp,sample,4225,128,4,1000,0.9977053604890085,52.54677571480722,36.099220871925354,0.0,0.2776898610815423
3,P2,P2 / M3,9,source_pretrained_mlp,sample,4448,134,6,4000,0.9902586314611876,108.19197336001784,63.07634998957316,0.0,0.15103339871140276
3,P2,P2 / M3,9,source_pretrained_mlp,sample,4461,135,4,6000,0.9925041189853571,89.85818634843316,51.01319013323103,0.0,0.2774073234872072
3,P2,P2 / M3,9,source_pretrained_mlp,sample,4524,137,4,3000,0.9982608498438785,45.59051564980437,25.756309684117635,0.0,0.18022394313550794
3,P2,P2 / M3,9,source_pretrained_mlp,sample,4565,138,5,0,0.9883110690218173,123.92926674305455,74.63591455496274,0.0,0.4434131438288287
3,P2,P2 / M3,9,source_pretrained_mlp,sample,4607,139,5,9000,0.969633941155775,167.47142346102288,102.04799574216207,1.0,0.2883322403155789
3,P2,P2 / M3,9,source_pretrained_mlp,sample,4647,140,6,5000,0.9969323689504469,60.13878101985957,40.28382449150085,1.0,0.3329670616428456
3,P2,P2 / M3,9,source_pretrained_mlp,sample,4717,142,6,9000,0.9846632636483534,128.4449075850275,76.9334441502889,0.0,0.15665776380009153
3,P2,P2 / M3,9,source_pretrained_mlp,sample,4776,144,6,2000,0.9881113003037124,115.28797167092067,63.26434276998043,0.0,0.09658018524630936
3,P2,P2 / M3,9,source_pretrained_mlp,sample,4792,145,4,7000,0.9983628935399962,42.59290920731998,24.030897649129233,0.0,0.21423467423255915
3,P2,P2 / M3,9,source_pretrained_mlp,sample,4826,146,4,8000,0.9951286192740159,73.42861923975097,41.90187810361385,0.0,0.04986702701924944
3,P2,P2 / M3,9,source_pretrained_mlp,sample,4849,146,6,9000,0.9640869816228965,197.75505887781293,124.08318784832954,0.0,0.22617100031378
3,P2,P2 / M3,9,source_pretrained_mlp,sample,4869,147,5,7000,0.996507350840115,58.137755386599075,36.04962183447445,0.0,0.40815699861438276
3,P2,P2 / M3,9,source_pretrained_mlp,sample,4877,147,6,4000,0.9955546225495191,74.79553433051515,53.35977346246893,0.0,0.3728897699403418
3,P2,P2 / M3,9,source_pretrained_mlp,sample,4929,149,5,1000,0.9983698825479295,45.07255268724859,29.8341692004885,0.0,0.16194133902974073
3,P2,P2 / M3,9,source_pretrained_mlp,sample,4949,149,6,10000,0.9665055938378065,181.94986200127218,116.55702940055302,0.0,0.19050463402654244
3,P2,P2 / M3,9,source_pretrained_mlp,sample,5043,152,6,5000,0.9749680413354831,160.15402014289384,91.05502595620997,0.0,0.3290050455858041
3,P2,P2 / M3,9,source_pretrained_mlp,sample,5101,154,5,8000,0.9788468374369482,136.8213637750365,69.56082757314046,1.0,0.05734248750408878
3,P2,P2 / M3,9,source_pretrained_mlp,sample,5112,154,6,8000,0.9514503702265276,214.4322830231928,108.29626904349578,0.0,0.2701251430583029
3,P2,P2 / M3,9,source_pretrained_mlp,sample,5144,155,6,7000,0.9896461817221919,110.19298167716035,57.57634490728378,1.0,0.39361946446824403
3,P2,P2 / M3,9,source_pretrained_mlp,sample,5316,161,4,3000,0.9952533585515305,72.17874079158315,44.137018771732556,0.0,0.11106631359365655
3,P2,P2 / M3,9,source_pretrained_mlp,sample,5381,163,4,2000,0.9914472548228955,103.16424701761879,62.893483118577436,0.0,0.0252023264182601
3,P2,P2 / M3,9,source_pretrained_mlp,sample,5384,163,4,5000,0.9927403284145124,89.04551912890264,36.975094348192215,0.0,0.201303810636593
3,P2,P2 / M3,9,source_pretrained_mlp,sample,5414,164,4,2000,-0.2983906435582775,1257.7561269458504,796.962815006574,9.0,5.35264223947181
3,P2,P2 / M3,9,source_pretrained_mlp,sample,5534,167,6,1000,0.9983142509250705,49.88045968534363,35.68216233253479,0.0,0.4548432963475596
3,P2,P2 / M3,9,source_pretrained_mlp,sample,5617,170,4,7000,0.9354220037772263,258.88605717513514,146.05038571357727,1.0,0.32372715344883457
3,P2,P2 / M3,9,source_pretrained_mlp,sample,5658,171,5,4000,0.9871114790574799,115.84444160743847,71.23148976838482,0.0,0.08673220625821736
3,P2,P2 / M3,9,source_pretrained_mlp,sample,5694,172,5,7000,0.9955940790147567,66.74738671464652,40.61058470606804,0.0,0.23920291565557422
3,P2,P2 / M3,9,source_pretrained_mlp,sample,5816,176,4,8000,0.9848331959335274,121.06511211166914,63.23162357947405,0.0,0.19736476226233834
3,P2,P2 / M3,9,source_pretrained_mlp,sample,5841,177,4,0,0.9976058436500983,57.474220570717584,31.925830417209202,0.0,0.06811209792295539
3,P2,P2 / M3,9,source_pretrained_mlp,sample,5843,177,4,2000,-0.38128387810962505,1230.2854535009258,725.3374063968658,15.0,2.4038987496499664
3,P2,P2 / M3,9,source_pretrained_mlp,sample,5858,177,5,6000,0.9796194937155603,143.96701698272565,80.23253398783066,1.0,0.14960577889025686
3,P2,P2 / M3,9,source_pretrained_mlp,sample,5887,178,5,2000,-0.3753679878542233,1204.631259642908,735.4783508218825,14.0,3.5725782657886844
3,P2,P2 / M3,9,source_pretrained_mlp,sample,6248,189,5,0,0.963264807455352,206.46601233494357,107.41648161411285,1.0,0.12379277403922875
3,P2,P2 / M3,9,source_pretrained_mlp,sample,6299,190,6,7000,0.9770704233422355,162.25541934629882,93.52975282302269,0.0,0.29558860312225776
3,P2,P2 / M3,9,source_pretrained_mlp,sample,6359,192,6,1000,0.9939810771622984,83.84678229902092,56.9514422416687,0.0,0.5393523812693652
3,P2,P2 / M3,9,source_pretrained_mlp,sample,6407,194,4,5000,0.9877740497679626,118.02518445846955,64.26770986829486,1.0,0.051935483154861115
3,P2,P2 / M3,9,source_pretrained_mlp,sample,6425,194,6,1000,0.9965206806249838,67.72153789416515,43.70702686309814,0.0,0.37772799672566704
3,P2,P2 / M3,9,source_pretrained_mlp,sample,6466,195,6,9000,0.9729035456097462,163.2301279712745,87.50508065083447,1.0,0.6286772539880765
3,P2,P2 / M3,9,source_pretrained_mlp,sample,6743,204,5,0,0.9710404840910694,187.7421741408038,129.64818239212036,0.0,0.385021009674067
3,P2,P2 / M3,9,source_pretrained_mlp,sample,6752,204,5,9000,0.8914075747610577,318.69125422380466,142.1443480104208,1.0,0.2699396093620187
3,P2,P2 / M3,9,source_pretrained_mlp,sample,6762,204,6,8000,0.9975753080911597,49.85304769644731,35.65813708305359,0.0,0.7349481158369253
3,P2,P2 / M3,9,source_pretrained_mlp,sample,6839,207,4,8000,0.9938002578165158,76.76789088194516,45.010913237929344,0.0,0.38071476499710144
3,P2,P2 / M3,9,source_pretrained_mlp,sample,6878,208,5,3000,0.9965991693264673,57.03799656567401,36.59403164246503,0.0,0.1009504149777469
3,P2,P2 / M3,9,source_pretrained_mlp,sample,6970,211,4,7000,0.9776595461243727,156.10548200818707,87.42287663618724,0.0,0.25958588737701177
3,P2,P2 / M3,9,source_pretrained_mlp,sample,6983,211,5,9000,0.4946216090585126,661.5394232748696,258.8526761672076,2.0,0.613168306553529
3,P2,P2 / M3,9,source_pretrained_mlp,sample,6987,211,6,2000,0.9698695427795347,175.38559417010993,111.65072280565897,0.0,0.17120236227999794
3,P2,P2 / M3,9,source_pretrained_mlp,sample,7035,213,4,6000,0.9894074413689046,104.2983874936184,73.40362350145976,0.0,0.499072105599297
3,P2,P2 / M3,9,source_pretrained_mlp,sample,7063,214,4,1000,0.9882606956195468,115.01043379280252,63.782583778724074,1.0,0.3225955403219089
3,P2,P2 / M3,9,source_pretrained_mlp,sample,7090,214,6,6000,0.9606903921870574,198.4623825613573,109.96000570910317,0.0,0.3316933385978429
3,P2,P2 / M3,9,source_pretrained_mlp,sample,7141,216,5,2000,0.9963481036680589,62.651443405062324,45.17644035021464,0.0,0.15722132748784134
3,P2,P2 / M3,9,source_pretrained_mlp,sample,7214,218,5,9000,0.4042050221408773,726.0162215297527,305.38625598326325,2.0,0.46359894203534285
3,P2,P2 / M3,9,source_pretrained_mlp,sample,7257,219,6,8000,0.8191116913968909,428.76340968771154,192.82761013507843,2.0,0.23075792312327742
3,P2,P2 / M3,9,source_pretrained_mlp,sample,7309,221,5,5000,0.9627882767382674,188.49428739231476,114.12280884385109,0.0,0.38242976694772585
3,P2,P2 / M3,9,source_pretrained_mlp,sample,7333,222,4,7000,0.9951048005260843,73.77789789704222,51.37074158872877,0.0,0.8930783804171228
3,P2,P2 / M3,9,source_pretrained_mlp,sample,7411,224,5,8000,0.3936570764679622,741.5277756821246,306.5569208264351,1.0,0.09878772923086361
3,P2,P2 / M3,9,source_pretrained_mlp,sample,7422,224,6,8000,0.24062931969358947,884.7815359756822,371.2151968759649,1.0,0.15753383336423932
3,P2,P2 / M3,9,source_pretrained_mlp,sample,7439,225,5,3000,0.9953595803030825,69.71089940390088,37.53556517454294,0.0,0.17966280737665352
3,P2,P2 / M3,9,source_pretrained_mlp,sample,7451,225,6,4000,0.9710092853251364,186.20093515411153,113.12817374142733,1.0,0.2780294893407816
3,P2,P2 / M3,9,source_pretrained_mlp,sample,7578,229,5,10000,0.9964790668236279,54.703690627843606,37.93409319484935,0.0,1.0792148275691853
3,P2,P2 / M3,9,source_pretrained_mlp,sample,7764,235,4,9000,0.9068909283205159,302.1015609255917,140.1576020350823,1.0,0.23144960873070933
3,P2,P2 / M3,9,source_pretrained_mlp,sample,7785,235,6,8000,0.7791887722563454,452.79899547986565,273.1870928747313,1.0,0.3673430837252553
3,P2,P2 / M3,9,source_pretrained_mlp,sample,7869,238,5,4000,0.978007579221586,137.8527517590737,80.7010833422343,0.0,0.48630905254995055
3,P2,P2 / M3,9,source_pretrained_mlp,sample,7884,238,6,8000,0.8890030795125469,312.9775016608086,199.09195062943868,1.0,0.3477597486234484
3,P2,P2 / M3,9,source_pretrained_mlp,sample,7923,240,4,3000,0.9817235544450436,137.68120067560235,80.02267175061363,0.0,0.2812966884030209
3,P2,P2 / M3,9,source_pretrained_mlp,sample,7931,240,5,0,-0.3115321997589626,1260.189162942566,812.8036158635066,9.0,5.026986122409715
3,P2,P2 / M3,9,source_pretrained_mlp,sample,7948,240,6,6000,0.9897692616701576,100.59340472946485,68.63998904595009,1.0,0.3407178551134735
3,P2,P2 / M3,9,source_pretrained_mlp,sample,7971,241,5,7000,0.9910650483180482,90.70155115410351,54.89674197137356,1.0,0.2917438187885964
3,P2,P2 / M3,9,source_pretrained_mlp,sample,8015,242,6,7000,0.9812214633021166,139.87832304559788,87.77055970827739,0.0,0.32093015511065415
3,P2,P2 / M3,9,source_pretrained_mlp,sample,8259,250,4,9000,0.993458614542234,78.33589805196839,52.03440896202536,0.0,0.35895567275632084
3,P2,P2 / M3,9,source_pretrained_mlp,sample,8325,252,4,9000,0.9958997262887309,67.07720054722591,40.22130623985739,1.0,0.3259944397661784
3,P2,P2 / M3,9,source_pretrained_mlp,sample,8330,252,5,3000,0.9586197894429183,215.57206181815164,119.01470264792442,0.0,0.3090469287947776
3,P2,P2 / M3,9,source_pretrained_mlp,sample,8407,254,6,3000,0.9855854007818591,134.4908779598196,74.61517567932606,0.0,0.29874528166614384
3,P2,P2 / M3,9,source_pretrained_mlp,sample,8441,255,6,4000,0.9892467012204704,124.05737220804963,73.23975423404148,0.0,0.35957183882551197
3,P2,P2 / M3,9,proposed_prior_regularized,sample,33,1,4,0,0.9983463913132086,46.01764641997264,27.12472998012196,0.0,0.4441420346976831
3,P2,P2 / M3,9,proposed_prior_regularized,sample,34,1,4,1000,0.9934926687905273,85.1120907352977,56.19965856725519,1.0,0.08990709742658469
3,P2,P2 / M3,9,proposed_prior_regularized,sample,107,3,4,8000,0.9975502752940001,51.67269621580244,32.445789877106165,0.0,0.12962360075572021
3,P2,P2 / M3,9,proposed_prior_regularized,sample,117,3,5,7000,0.9696012599995989,171.02116533573243,86.16580881791957,0.0,0.2194578437210623
3,P2,P2 / M3,9,proposed_prior_regularized,sample,166,5,4,1000,0.993971606351835,85.37103220657669,47.14293378988902,0.0,0.10093780852369781
3,P2,P2 / M3,9,proposed_prior_regularized,sample,279,8,5,4000,0.8551625771766008,392.24185277027914,203.29362872242928,1.0,0.05859776377510239
3,P2,P2 / M3,9,proposed_prior_regularized,sample,281,8,5,6000,0.9696273158521783,177.0276755567773,108.66780994832516,0.0,0.11180442503352227
3,P2,P2 / M3,9,proposed_prior_regularized,sample,363,11,4,0,0.9988396592651125,38.913968298699466,24.18997021516164,0.0,0.276469910757098
3,P2,P2 / M3,9,proposed_prior_regularized,sample,389,11,6,4000,0.9956683322476696,69.97533298754921,49.62805054404519,1.0,1.0615769144638256
3,P2,P2 / M3,9,proposed_prior_regularized,sample,423,12,6,5000,0.9905382935876827,101.37416453009602,51.73781108856201,1.0,0.1266730270403319
3,P2,P2 / M3,9,proposed_prior_regularized,sample,621,18,6,5000,0.9822395056852148,144.4828125315871,93.65883550047874,0.0,0.1564621595034888
3,P2,P2 / M3,9,proposed_prior_regularized,sample,642,19,5,4000,0.9843959471645892,130.0526746006988,66.94493320584297,0.0,0.48953069813777284
3,P2,P2 / M3,9,proposed_prior_regularized,sample,694,21,4,1000,0.9995922432895842,22.58966399905803,15.76343814531962,0.0,0.22143247858191442
3,P2,P2 / M3,9,proposed_prior_regularized,sample,695,21,4,2000,0.9930372117649561,88.07625169651337,50.74474138021469,0.0,0.6924325183222511
3,P2,P2 / M3,9,proposed_prior_regularized,sample,782,23,6,1000,0.9894881167775004,109.18278123005821,82.47322810779919,1.0,1.06865228703566
3,P2,P2 / M3,9,proposed_prior_regularized,sample,881,26,6,1000,0.9724605830018646,177.3374469859853,101.14315764720624,0.0,0.12894268780701892
3,P2,P2 / M3,9,proposed_prior_regularized,sample,990,30,4,0,0.9903592290550117,104.78295972255628,66.68253866831462,0.0,0.28823448646128863
3,P2,P2 / M3,9,proposed_prior_regularized,sample,997,30,4,7000,0.9731360776888583,171.68517509343016,93.67173055502084,0.0,0.4348764219158412
3,P2,P2 / M3,9,proposed_prior_regularized,sample,1035,31,5,1000,0.9956992846996521,72.34137546081357,41.08281481266022,0.0,0.41797157186960515
3,P2,P2 / M3,9,proposed_prior_regularized,sample,1054,31,6,9000,0.9857600310236905,121.64800676063378,70.24835106905769,0.0,0.3035252440609935
3,P2,P2 / M3,9,proposed_prior_regularized,sample,1056,32,4,0,0.9904317953100276,113.2573585616601,75.73951560800725,0.0,0.24895413385235596
3,P2,P2 / M3,9,proposed_prior_regularized,sample,1070,32,5,3000,0.9908510542469674,104.5345424244406,61.67366896356855,0.0,0.27114299839249917
3,P2,P2 / M3,9,proposed_prior_regularized,sample,1107,33,5,7000,0.998179839760947,43.926287510033,28.98383706410726,0.0,0.2664837324066176
3,P2,P2 / M3,9,proposed_prior_regularized,sample,1168,35,5,2000,0.9938632690226283,85.81987574013417,45.80008808771769,0.0,0.27715580407853113
3,P2,P2 / M3,9,proposed_prior_regularized,sample,1224,37,4,3000,0.9921683746421637,94.79900308857246,48.39364437262217,0.0,0.378125223943973
3,P2,P2 / M3,9,proposed_prior_regularized,sample,1273,38,5,8000,0.9683656326807718,173.2430499603101,104.93734472592672,1.0,0.8524134178702657
3,P2,P2 / M3,9,proposed_prior_regularized,sample,1296,39,4,9000,0.9915626719972638,95.54859172998435,52.80242718183077,0.0,0.16508992403514527
3,P2,P2 / M3,9,proposed_prior_regularized,sample,1389,42,4,3000,0.9903207517972531,102.86949292835155,55.43120637867186,0.0,0.051880122397259115
3,P2,P2 / M3,9,proposed_prior_regularized,sample,1442,43,6,1000,0.9921153011808642,100.00971179413797,53.38634231555111,1.0,0.21289834658546614
3,P2,P2 / M3,9,proposed_prior_regularized,sample,1467,44,5,4000,0.9787519493083432,156.0151367169376,100.46963674227396,1.0,0.4424192522979954
3,P2,P2 / M3,9,proposed_prior_regularized,sample,1576,47,6,3000,0.978144213538107,167.4390881532093,95.74597585201263,0.0,0.6764165431484839
3,P2,P2 / M3,9,proposed_prior_regularized,sample,1632,49,5,4000,0.9922291530077927,89.95853651125348,54.278551424250885,1.0,0.7677473780964489
3,P2,P2 / M3,9,proposed_prior_regularized,sample,1736,52,5,9000,0.979904129723099,137.79463994792647,85.46861883004506,0.0,0.1682969217718199
3,P2,P2 / M3,9,proposed_prior_regularized,sample,1867,56,5,8000,0.9935816333701994,78.07004960476307,45.72384523090563,1.0,0.2356430550997544
3,P2,P2 / M3,9,proposed_prior_regularized,sample,2061,62,5,4000,0.9966593300715842,59.9900330097029,30.09163190637316,0.0,0.07816933897280262
3,P2,P2 / M3,9,proposed_prior_regularized,sample,2192,66,5,3000,0.9936014143012192,83.77555786793651,52.627284930302544,0.0,0.46852840721046224
3,P2,P2 / M3,9,proposed_prior_regularized,sample,2237,67,6,4000,0.9791527083273128,159.56856609121664,97.77704739570618,1.0,0.7623047508295036
3,P2,P2 / M3,9,proposed_prior_regularized,sample,2276,68,6,10000,0.9890047729376797,109.02394380461334,58.62308259386765,0.0,0.588144830580741
3,P2,P2 / M3,9,proposed_prior_regularized,sample,2296,69,5,8000,0.9922749699809851,86.98714397857444,50.723437145352364,1.0,0.23871993333560945
3,P2,P2 / M3,9,proposed_prior_regularized,sample,2319,70,4,9000,0.9906990163948878,98.22342726881243,59.912775186391976,0.0,0.462997192697452
3,P2,P2 / M3,9,proposed_prior_regularized,sample,2345,71,4,2000,0.9832652582252622,144.37099922819488,85.84517798056969,1.0,0.24720993086198353
3,P2,P2 / M3,9,proposed_prior_regularized,sample,2388,72,5,1000,0.997792409029588,49.50827612650146,32.302483320236206,0.0,0.2326140080118041
3,P2,P2 / M3,9,proposed_prior_regularized,sample,2424,73,5,4000,0.9928874298364905,92.32322534821459,47.99736499786377,0.0,0.18954417687539465
3,P2,P2 / M3,9,proposed_prior_regularized,sample,2508,76,4,0,0.9986027071497321,44.346309493720106,28.050225456555683,1.0,0.26830108485445614
3,P2,P2 / M3,9,proposed_prior_regularized,sample,2546,77,4,5000,0.9910854052531868,101.86005534617571,60.50730316455547,0.0,0.501073953663667
3,P2,P2 / M3,9,proposed_prior_regularized,sample,2573,77,6,10000,0.9890305690118188,110.16552450182337,66.8850775606492,0.0,0.5095869972161814
3,P2,P2 / M3,9,proposed_prior_regularized,sample,2692,81,5,8000,0.9972925429262354,52.828269635500554,35.224027442932126,1.0,0.18520141997424044
3,P2,P2 / M3,9,proposed_prior_regularized,sample,2711,82,4,5000,0.8878965525838389,364.9116271344293,183.80017716089884,1.0,0.15714727074919027
3,P2,P2 / M3,9,proposed_prior_regularized,sample,2720,82,5,3000,0.9973054111663658,54.01343751052322,32.594019355252385,0.0,0.1770362163146053
3,P2,P2 / M3,9,proposed_prior_regularized,sample,2747,83,4,8000,0.9978312724634048,49.58033346496969,37.74460752805074,0.0,0.18536526824884342
3,P2,P2 / M3,9,proposed_prior_regularized,sample,2857,86,5,8000,0.9907918033828823,93.28147428016756,58.12042233347893,0.0,0.295196435607749
3,P2,P2 / M3,9,proposed_prior_regularized,sample,2858,86,5,9000,0.993288376802276,78.91652482395419,40.455506033367584,0.0,0.19382636231837116
3,P2,P2 / M3,9,proposed_prior_regularized,sample,3158,95,6,1000,0.9878550438928206,116.41217436190122,67.31871743996938,0.0,0.6064877924064775
3,P2,P2 / M3,9,proposed_prior_regularized,sample,3159,95,6,2000,0.917438993495349,321.3437867021062,193.76271681352094,1.0,0.32244983599128013
3,P2,P2 / M3,9,proposed_prior_regularized,sample,3236,98,4,2000,0.9895775672430714,119.47797898227631,67.29403163836552,0.0,0.15540575916551103
3,P2,P2 / M3,9,proposed_prior_regularized,sample,3266,98,6,10000,0.9099419977052898,313.05696570936544,200.51930651068687,0.0,0.07277085840655466
3,P2,P2 / M3,9,proposed_prior_regularized,sample,3331,100,6,9000,0.9961390510955438,64.90238311718015,45.84586814733652,0.0,0.3131559194453631
3,P2,P2 / M3,9,proposed_prior_regularized,sample,3332,100,6,10000,0.8286673779463446,420.8681852209162,250.227701994089,0.0,0.8119301530854208
3,P2,P2 / M3,9,proposed_prior_regularized,sample,3337,101,4,4000,0.9960373661035233,66.53615679912458,30.7401889488101,0.0,0.06396846404739114
3,P2,P2 / M3,9,proposed_prior_regularized,sample,3474,105,4,9000,0.9945221935970773,78.34956921515088,47.81484607549814,0.0,0.4552312151540047
3,P2,P2 / M3,9,proposed_prior_regularized,sample,3485,105,5,9000,0.8068030203286973,427.11103642000035,230.50527538359165,0.0,0.08561050311896781
3,P2,P2 / M3,9,proposed_prior_regularized,sample,3492,105,6,5000,0.9949678172712434,73.41584945912543,44.55581195537861,1.0,0.3174104401115334
3,P2,P2 / M3,9,proposed_prior_regularized,sample,3500,106,4,2000,0.9953176756707426,76.44732747383672,41.28918937536386,0.0,0.21030963659978014
3,P2,P2 / M3,9,proposed_prior_regularized,sample,3514,106,5,5000,0.992324404122655,94.38335232172682,48.6562933581216,0.0,0.49339559930846194
3,P2,P2 / M3,9,proposed_prior_regularized,sample,3519,106,5,10000,0.993920610511954,76.12751533718499,46.86507770594429,0.0,0.41543309261020506
3,P2,P2 / M3,9,proposed_prior_regularized,sample,3566,108,4,2000,0.9906858840398405,104.32779687616448,41.68371857915606,0.0,0.18614141074195953
3,P2,P2 / M3,9,proposed_prior_regularized,sample,3751,113,6,0,0.962239865220306,216.15207256985238,111.50779864617756,1.0,0.23056298780710052
3,P2,P2 / M3,9,proposed_prior_regularized,sample,3772,114,4,10000,0.9486449156402564,232.95534312604153,110.1438435183631,1.0,0.13041339999764157
3,P2,P2 / M3,9,proposed_prior_regularized,sample,3805,115,4,10000,0.9965312658209475,59.462209688356396,36.56559054056803,1.0,0.37763719202050405
3,P2,P2 / M3,9,proposed_prior_regularized,sample,3828,116,4,0,0.992552424665716,100.84595813946572,56.23258423805237,0.0,0.20135589918029248
3,P2,P2 / M3,9,proposed_prior_regularized,sample,3858,116,6,8000,0.9422402366201269,257.9685529186631,140.04783027966818,0.0,0.4406446284899164
3,P2,P2 / M3,9,proposed_prior_regularized,sample,3919,118,6,3000,0.9795059592123566,163.02664716846968,108.14923012256622,0.0,0.7408986080152818
3,P2,P2 / M3,9,proposed_prior_regularized,sample,4048,122,6,0,0.9831252334323146,142.48092881778368,90.52147298592787,0.0,0.3413395494599737
3,P2,P2 / M3,9,proposed_prior_regularized,sample,4188,126,6,8000,0.8970374954349312,327.96329322758584,181.2828837122236,0.0,0.3554780811557917
3,P2,P2 / M3,9,proposed_prior_regularized,sample,4189,126,6,9000,0.9232277015243054,281.44287165518136,178.49578200067793,1.0,0.11501351522562216
3,P2,P2 / M3,9,proposed_prior_regularized,sample,4193,127,4,2000,0.9903824296781812,106.53436527320336,64.61560310636249,0.0,0.35108268691346706
3,P2,P2 / M3,9,proposed_prior_regularized,sample,4225,128,4,1000,0.9943397524343488,82.5289942150075,53.811975042025246,1.0,0.4000878590747099
3,P2,P2 / M3,9,proposed_prior_regularized,sample,4448,134,6,4000,0.988529695032823,117.40120042052776,71.60311683019002,0.0,0.11849357129342847
3,P2,P2 / M3,9,proposed_prior_regularized,sample,4461,135,4,6000,0.9972009593136093,54.90993281704985,35.73143095629556,0.0,0.30136972654864946
3,P2,P2 / M3,9,proposed_prior_regularized,sample,4524,137,4,3000,0.9808467019985919,151.29610484808424,85.91367667516073,1.0,0.18352831273304043
3,P2,P2 / M3,9,proposed_prior_regularized,sample,4565,138,5,0,0.9737522200907386,185.70892280371376,106.52746437146114,0.0,0.29815086417234327
3,P2,P2 / M3,9,proposed_prior_regularized,sample,4607,139,5,9000,0.9718927520262133,161.12230257221537,80.21418736775716,1.0,0.2437839349499572
3,P2,P2 / M3,9,proposed_prior_regularized,sample,4647,140,6,5000,0.9688143010390481,191.74798094054137,116.61009874343873,1.0,0.39911898781666655
3,P2,P2 / M3,9,proposed_prior_regularized,sample,4717,142,6,9000,0.9869894003230805,118.30390273214319,71.36072437763214,1.0,0.4755357837558495
3,P2,P2 / M3,9,proposed_prior_regularized,sample,4776,144,6,2000,0.9818289233507174,142.53028386053725,66.53951577097178,0.0,0.12024456457649126
3,P2,P2 / M3,9,proposed_prior_regularized,sample,4792,145,4,7000,0.995990303726517,66.65835346231984,40.38463382720947,0.0,0.14889514814049537
3,P2,P2 / M3,9,proposed_prior_regularized,sample,4826,146,4,8000,0.988175085142983,114.40324315539836,61.37583443522453,0.0,0.04080757738099802
3,P2,P2 / M3,9,proposed_prior_regularized,sample,4849,146,6,9000,0.9762865408866355,160.6937934769522,103.71406358480453,0.0,0.09415523161073149
3,P2,P2 / M3,9,proposed_prior_regularized,sample,4869,147,5,7000,0.9882683224101706,106.55181174941404,67.90684408300064,0.0,0.45816512260713343
3,P2,P2 / M3,9,proposed_prior_regularized,sample,4877,147,6,4000,0.9966436151035828,64.99159973620495,45.447313352064654,0.0,0.5206396224956873
3,P2,P2 / M3,9,proposed_prior_regularized,sample,4929,149,5,1000,0.9947513561619356,80.87722809978106,52.833176953451975,0.0,0.08269051253143268
3,P2,P2 / M3,9,proposed_prior_regularized,sample,4949,149,6,10000,0.37862009061149626,783.6897977370659,455.0373455115727,2.0,0.3212248167198693
3,P2,P2 / M3,9,proposed_prior_regularized,sample,5043,152,6,5000,0.9740737235360888,162.98982823921932,85.5545181947596,0.0,0.3449903033916966
3,P2,P2 / M3,9,proposed_prior_regularized,sample,5101,154,5,8000,0.9973490559005234,48.435807712417585,26.18664912950425,0.0,0.19135263704001107
3,P2,P2 / M3,9,proposed_prior_regularized,sample,5112,154,6,8000,0.9965216902118381,57.39596177612628,37.23581396906,0.0,0.22752403282146832
3,P2,P2 / M3,9,proposed_prior_regularized,sample,5144,155,6,7000,0.9931357975219298,89.72195092394074,55.993886181286406,1.0,0.45162763065780975
3,P2,P2 / M3,9,proposed_prior_regularized,sample,5316,161,4,3000,0.9879851604765202,114.83521156506363,56.675926601185516,0.0,0.17737300327014907
3,P2,P2 / M3,9,proposed_prior_regularized,sample,5381,163,4,2000,0.994552083559621,82.33636033973224,55.97900824113326,0.0,0.11449330838804515
3,P2,P2 / M3,9,proposed_prior_regularized,sample,5384,163,4,5000,0.983380903142994,134.72782303484288,72.11155963689089,0.0,0.26538527150649077
3,P2,P2 / M3,9,proposed_prior_regularized,sample,5414,164,4,2000,0.9994900991870797,24.92508253978698,17.97504512468974,0.0,0.4954950638302541
3,P2,P2 / M3,9,proposed_prior_regularized,sample,5534,167,6,1000,0.9619154422982762,237.0873815749005,143.35114207267762,1.0,0.9769810400062442
3,P2,P2 / M3,9,proposed_prior_regularized,sample,5617,170,4,7000,0.966930288565661,185.25996654271992,104.90972453005173,0.0,0.4850052426690191
3,P2,P2 / M3,9,proposed_prior_regularized,sample,5658,171,5,4000,0.9873443909018657,114.79294181420065,61.1615321295602,0.0,0.45735529304383626
3,P2,P2 / M3,9,proposed_prior_regularized,sample,5694,172,5,7000,0.9966814198229007,57.928471864640954,39.229762837290764,0.0,0.4631335451988729
3,P2,P2 / M3,9,proposed_prior_regularized,sample,5816,176,4,8000,0.9858981075511511,116.73757553733472,54.36129129634184,0.0,0.20980856917476948
3,P2,P2 / M3,9,proposed_prior_regularized,sample,5841,177,4,0,0.9765007164039847,180.0628614209313,102.85425059000652,0.0,0.4633685928272545
3,P2,P2 / M3,9,proposed_prior_regularized,sample,5843,177,4,2000,0.9839694013128337,132.53765693465132,58.00083740552267,0.0,0.22978972537616524
3,P2,P2 / M3,9,proposed_prior_regularized,sample,5858,177,5,6000,0.9972937558726783,52.46129507918537,30.254746156580307,1.0,0.19881259183724564
3,P2,P2 / M3,9,proposed_prior_regularized,sample,5887,178,5,2000,0.9786559569230227,150.06624554418426,81.8050384670496,1.0,0.23330702539560158
3,P2,P2 / M3,9,proposed_prior_regularized,sample,6248,189,5,0,0.984923296101409,132.26977428782453,72.35087417066097,0.0,0.19999687530098428
3,P2,P2 / M3,9,proposed_prior_regularized,sample,6299,190,6,7000,0.9848634649129846,131.83005367033752,82.1908905689533,0.0,0.36962343988620794
3,P2,P2 / M3,9,proposed_prior_regularized,sample,6359,192,6,1000,0.9680361997947703,193.22184140358888,122.67837782700856,1.0,0.8851199446176757
3,P2,P2 / M3,9,proposed_prior_regularized,sample,6407,194,4,5000,0.9934456566742429,86.41675800307722,46.14017903804779,1.0,0.8220520227000367
3,P2,P2 / M3,9,proposed_prior_regularized,sample,6425,194,6,1000,0.993779635339304,90.54981907879701,64.71512322425842,0.0,1.204213101331042
3,P2,P2 / M3,9,proposed_prior_regularized,sample,6466,195,6,9000,0.9953719534315899,67.4594735992833,43.91353402418249,0.0,0.7880282803535112
3,P2,P2 / M3,9,proposed_prior_regularized,sample,6743,204,5,0,0.9955419260015456,73.66137654014645,50.88036890824636,0.0,0.13705547972065432
3,P2,P2 / M3,9,proposed_prior_regularized,sample,6752,204,5,9000,0.9899913279844755,96.75170073792951,55.43951669335365,1.0,0.2084828081796952
3,P2,P2 / M3,9,proposed_prior_regularized,sample,6762,204,6,8000,0.9896205227472951,103.14571068755153,69.45682509740193,1.0,0.8735288918324722
3,P2,P2 / M3,9,proposed_prior_regularized,sample,6839,207,4,8000,0.9778710373438174,145.03516790629004,82.64164382219315,0.0,0.13581764551962325
3,P2,P2 / M3,9,proposed_prior_regularized,sample,6878,208,5,3000,0.9932181673646389,80.54624376676308,45.30257983067457,0.0,0.4318495818071141
3,P2,P2 / M3,9,proposed_prior_regularized,sample,6970,211,4,7000,0.9955741008672887,69.48209657981837,47.008077057202655,0.0,0.5964802599751095
3,P2,P2 / M3,9,proposed_prior_regularized,sample,6983,211,5,9000,0.9849857335369863,114.0248358540552,58.36856777527753,0.0,0.554823621700748
3,P2,P2 / M3,9,proposed_prior_regularized,sample,6987,211,6,2000,0.9909440841183695,96.15176202447795,44.91884024937948,0.0,0.08689598606131899
3,P2,P2 / M3,9,proposed_prior_regularized,sample,7035,213,4,6000,0.996109856807372,63.20623908540477,33.04512349764506,0.0,0.28868203981323276
3,P2,P2 / M3,9,proposed_prior_regularized,sample,7063,214,4,1000,0.9929801178716335,88.93669158730016,49.54850052297115,0.0,0.08422039886203347
3,P2,P2 / M3,9,proposed_prior_regularized,sample,7090,214,6,6000,0.9778718588076775,148.9022678346329,99.17147324766431,0.0,0.6073427515088935
3,P2,P2 / M3,9,proposed_prior_regularized,sample,7141,216,5,2000,0.9939735858714053,80.48247939058118,38.56344730059306,0.0,0.05180301467211245
3,P2,P2 / M3,9,proposed_prior_regularized,sample,7214,218,5,9000,0.9819977768524539,126.20047096718862,88.97903153300285,0.0,1.051110299898211
3,P2,P2 / M3,9,proposed_prior_regularized,sample,7257,219,6,8000,0.9919479285689855,90.46201900202617,50.74567427635193,0.0,0.28169363616783044
3,P2,P2 / M3,9,proposed_prior_regularized,sample,7309,221,5,5000,0.9817037404113479,132.17199894841838,75.17844806611538,0.0,0.36479977222509175
3,P2,P2 / M3,9,proposed_prior_regularized,sample,7333,222,4,7000,0.9696812388268313,183.61020109828786,112.00725718906948,1.0,1.0214612578552158
3,P2,P2 / M3,9,proposed_prior_regularized,sample,7411,224,5,8000,0.991705734049214,86.72758331216903,50.89731450378895,1.0,0.6164235242253611
3,P2,P2 / M3,9,proposed_prior_regularized,sample,7422,224,6,8000,0.9916219881033154,92.93506883823532,52.68722615522497,0.0,0.7952959115539043
3,P2,P2 / M3,9,proposed_prior_regularized,sample,7439,225,5,3000,0.9662800837571697,187.91666608873572,105.88173321577219,0.0,0.42758775191571935
3,P2,P2 / M3,9,proposed_prior_regularized,sample,7451,225,6,4000,0.9659359814119559,201.83679322734307,129.78693649985573,1.0,0.9237546119022534
3,P2,P2 / M3,9,proposed_prior_regularized,sample,7578,229,5,10000,0.9979237358059634,42.00771349015311,24.407151839312384,0.0,0.5792693643832262
3,P2,P2 / M3,9,proposed_prior_regularized,sample,7764,235,4,9000,0.9946325144282295,72.53413123910431,52.96236170255221,1.0,0.6869166502632515
3,P2,P2 / M3,9,proposed_prior_regularized,sample,7785,235,6,8000,0.9863693798351275,112.50004245881749,72.41748101370675,1.0,0.6123049823935021
3,P2,P2 / M3,9,proposed_prior_regularized,sample,7869,238,5,4000,0.9824810836933752,123.03609551119783,66.70261770884196,0.0,0.7815975625578359
3,P2,P2 / M3,9,proposed_prior_regularized,sample,7884,238,6,8000,0.9940447672695886,72.49482799178344,50.49661707878113,1.0,0.4587116870558299
3,P2,P2 / M3,9,proposed_prior_regularized,sample,7923,240,4,3000,0.9950557900672073,71.61058598627467,46.830294132232666,0.0,0.1831636104727487
3,P2,P2 / M3,9,proposed_prior_regularized,sample,7931,240,5,0,0.9987272215331716,39.25750289568591,25.411416200491097,1.0,0.28991339890274614
3,P2,P2 / M3,9,proposed_prior_regularized,sample,7948,240,6,6000,0.9884187627453352,107.0270360867532,70.54317602744469,1.0,0.30452444769996223
3,P2,P2 / M3,9,proposed_prior_regularized,sample,7971,241,5,7000,0.9964990184195626,56.77583408443999,36.34795689582825,1.0,0.24200311362319932
3,P2,P2 / M3,9,proposed_prior_regularized,sample,8015,242,6,7000,0.99062697422447,98.82332206166625,63.4067750175794,0.0,0.47730496051364707
3,P2,P2 / M3,9,proposed_prior_regularized,sample,8259,250,4,9000,0.9945657483572812,71.39960821139552,41.82026497055502,0.0,0.4284713665045403
3,P2,P2 / M3,9,proposed_prior_regularized,sample,8325,252,4,9000,0.9916925685589945,95.4776866123362,53.81899455014397,1.0,0.6497731260504634
3,P2,P2 / M3,9,proposed_prior_regularized,sample,8330,252,5,3000,0.9914548512385553,97.96161611894676,65.69600383937359,0.0,0.9562452333454222
3,P2,P2 / M3,9,proposed_prior_regularized,sample,8407,254,6,3000,0.9963429718579057,67.74163803853101,46.18976870179176,0.0,0.8788230122837878
3,P2,P2 / M3,9,proposed_prior_regularized,sample,8441,255,6,4000,0.9477852597683776,273.36838189481733,167.61967771393913,1.0,1.1959326259591323
5,P4,P4 / M5,5,gaussian,sample,33,1,4,0,0.992077607145296,89.6472758374014,51.16632974504387,0.0,0.1618525275005893
5,P4,P4 / M5,5,gaussian,sample,34,1,4,1000,0.9885490239009603,108.43509379766353,65.3079465678396,0.0,0.09252312866598993
5,P4,P4 / M5,5,gaussian,sample,107,3,4,8000,0.9874253200000396,112.73531046216118,67.28896574895735,1.0,0.1947816700622937
5,P4,P4 / M5,5,gaussian,sample,117,3,5,7000,0.8472396785847205,342.3051239827064,197.35528038502432,1.0,0.1567705690955206
5,P4,P4 / M5,5,gaussian,sample,166,5,4,1000,0.9855986795281683,121.34649545317824,70.22083826459463,0.0,0.14529003146438146
5,P4,P4 / M5,5,gaussian,sample,279,8,5,4000,0.9795789964732559,140.69359775519519,80.2475246857154,0.0,0.4391270351341459
5,P4,P4 / M5,5,gaussian,sample,281,8,5,6000,0.9874354118273944,103.51987568038346,57.93219372550441,0.0,0.3244652350414496
5,P4,P4 / M5,5,gaussian,sample,363,11,4,0,0.9969419467267957,62.17654298178293,34.5204401611726,0.0,0.2621186323631904
5,P4,P4 / M5,5,gaussian,sample,389,11,6,4000,0.9697829003549624,188.06138916021655,106.82242107824341,1.0,0.1284994613120514
5,P4,P4 / M5,5,gaussian,sample,423,12,6,5000,0.9778078841587393,156.6071141790676,99.31814805599969,0.0,0.14315693092516538
5,P4,P4 / M5,5,gaussian,sample,621,18,6,5000,0.9918283793726866,94.72782522882589,52.346269276861015,0.0,0.2427265028125647
5,P4,P4 / M5,5,gaussian,sample,642,19,5,4000,0.9691178358236268,168.94389559777298,87.71643958252818,0.0,0.12414657512725741
5,P4,P4 / M5,5,gaussian,sample,694,21,4,1000,0.9868635362151801,126.22784423332475,75.21628511103533,1.0,0.11433578589189175
5,P4,P4 / M5,5,gaussian,sample,695,21,4,2000,0.9981860196321414,47.72306575668886,33.05420686159708,0.0,0.2179423443240351
5,P4,P4 / M5,5,gaussian,sample,782,23,6,1000,0.97177549242628,190.57104288565003,113.34329340356268,1.0,0.20245613139703464
5,P4,P4 / M5,5,gaussian,sample,881,26,6,1000,0.9975248076006286,55.47329955066235,33.797400012303484,0.0,0.2538450400549945
5,P4,P4 / M5,5,gaussian,sample,990,30,4,0,0.9876003947320563,122.78058111921658,71.30011094726935,0.0,0.09893288949326727
5,P4,P4 / M5,5,gaussian,sample,997,30,4,7000,0.9966641867496611,58.93196188022892,39.232514964670955,0.0,0.24893139538083195
5,P4,P4 / M5,5,gaussian,sample,1035,31,5,1000,0.9943810031709742,79.52605250010582,47.33755760749317,0.0,0.3082002110218704
5,P4,P4 / M5,5,gaussian,sample,1054,31,6,9000,0.9873767121748319,111.49932646165814,65.15335811629596,1.0,0.2226376336220003
5,P4,P4 / M5,5,gaussian,sample,1056,32,4,0,0.9798770445900884,151.81652551835188,96.39077706716444,0.0,0.08415087930224857
5,P4,P4 / M5,5,gaussian,sample,1070,32,5,3000,0.98610193672037,120.30945184071238,71.9056476814216,1.0,0.2105230776689121
5,P4,P4 / M5,5,gaussian,sample,1107,33,5,7000,0.9836880767368134,121.02243732785499,76.35401303176772,0.0,0.2632860800349114
5,P4,P4 / M5,5,gaussian,sample,1168,35,5,2000,0.9834140016967605,128.04244245867866,78.29318029597357,0.0,0.1778055260074798
5,P4,P4 / M5,5,gaussian,sample,1224,37,4,3000,0.9304053399065475,267.2096753700773,146.08922263712162,1.0,0.05533537829774369
5,P4,P4 / M5,5,gaussian,sample,1273,38,5,8000,0.9694766134790888,162.06800379802186,94.41266887460206,1.0,0.24135972685823293
5,P4,P4 / M5,5,gaussian,sample,1296,39,4,9000,0.9968683986920058,57.434608767302215,32.40671677477801,1.0,0.2983238918452481
5,P4,P4 / M5,5,gaussian,sample,1389,42,4,3000,0.9980878477774786,46.22237656640417,30.556683406168062,0.0,0.09419830421205934
5,P4,P4 / M5,5,gaussian,sample,1442,43,6,1000,0.9909664789652095,105.32457128650246,69.2285208723643,0.0,0.24790273900824691
5,P4,P4 / M5,5,gaussian,sample,1467,44,5,4000,0.9930724015638756,80.26670565912356,47.34085341043442,0.0,0.30909267785606376
5,P4,P4 / M5,5,gaussian,sample,1576,47,6,3000,0.9917999537656583,96.50834017772313,49.973001752547574,0.0,0.10511345993454117
5,P4,P4 / M5,5,gaussian,sample,1632,49,5,4000,0.9885540898072837,105.98356863608869,64.60381519803347,0.0,0.20933185114419703
5,P4,P4 / M5,5,gaussian,sample,1736,52,5,9000,0.9754868933226833,141.8366051886252,80.99051432246299,0.0,0.48713800310396405
5,P4,P4 / M5,5,gaussian,sample,1867,56,5,8000,0.9844941063809179,117.40955456105635,74.03797753684061,0.0,0.3108221383013667
5,P4,P4 / M5,5,gaussian,sample,2061,62,5,4000,0.9769216513172934,145.43473533963854,79.98567865684626,0.0,0.12175244979065364
5,P4,P4 / M5,5,gaussian,sample,2192,66,5,3000,0.9832374818417664,126.31081564759785,68.36546731512617,0.0,0.21014154066114335
5,P4,P4 / M5,5,gaussian,sample,2237,67,6,4000,0.9975307512869735,50.68355556827198,30.71661591908121,0.0,0.47576144923173724
5,P4,P4 / M5,5,gaussian,sample,2276,68,6,10000,0.9890885901350516,104.46074397544155,54.3579055050358,0.0,0.2732464280885942
5,P4,P4 / M5,5,gaussian,sample,2296,69,5,8000,0.9898049524997101,93.92461003764984,49.67890357223201,0.0,0.2911145975753426
5,P4,P4 / M5,5,gaussian,sample,2319,70,4,9000,0.995504215383308,68.53621570192458,38.95188791494967,0.0,0.18305680945566144
5,P4,P4 / M5,5,gaussian,sample,2345,71,4,2000,0.9922387130971099,94.64901350710514,57.18219569097486,1.0,0.21762109843001665
5,P4,P4 / M5,5,gaussian,sample,2388,72,5,1000,0.9959342312894834,69.31122135738143,42.458428069461945,1.0,0.24235905893387535
5,P4,P4 / M5,5,gaussian,sample,2424,73,5,4000,0.9820611182562569,133.00870106421706,80.99713564951952,0.0,0.3077373150212396
5,P4,P4 / M5,5,gaussian,sample,2508,76,4,0,0.9911873081836842,103.88970750841396,54.04834865977153,0.0,0.05776314798862917
5,P4,P4 / M5,5,gaussian,sample,2546,77,4,5000,0.9909595084631286,99.37164505950736,54.065049780259855,0.0,0.10586954182093465
5,P4,P4 / M5,5,gaussian,sample,2573,77,6,10000,0.991668347742452,94.13432933201508,57.3222655724111,0.0,0.21409017468869335
5,P4,P4 / M5,5,gaussian,sample,2692,81,5,8000,0.9855245230703846,114.32274015169995,59.88985164402497,0.0,0.3089466684533268
5,P4,P4 / M5,5,gaussian,sample,2711,82,4,5000,0.9974011900156836,55.809834413289536,34.41096292832597,0.0,0.36652687688179864
5,P4,P4 / M5,5,gaussian,sample,2720,82,5,3000,0.9855278672476812,119.69541322145085,65.59704679489212,0.0,0.21908864782835985
5,P4,P4 / M5,5,gaussian,sample,2747,83,4,8000,0.9777121846522021,150.90664764908828,78.99498926723098,0.0,0.14196018961171153
5,P4,P4 / M5,5,gaussian,sample,2857,86,5,8000,0.9780681022555431,138.71925504267722,73.59900843641496,0.0,0.2664838545580466
5,P4,P4 / M5,5,gaussian,sample,2858,86,5,9000,0.987819435559085,100.68388112608231,56.779212969240824,0.0,0.24117692649305084
5,P4,P4 / M5,5,gaussian,sample,3158,95,6,1000,0.9920696975968205,99.05929023098099,52.94155999223868,0.0,0.07688014887644266
5,P4,P4 / M5,5,gaussian,sample,3159,95,6,2000,0.9900382650802356,111.32646486754194,73.10855675617748,0.0,0.14989736290002886
5,P4,P4 / M5,5,gaussian,sample,3236,98,4,2000,0.9737219712526164,173.59060716165908,92.31011704362308,1.0,0.10281524605725142
5,P4,P4 / M5,5,gaussian,sample,3266,98,6,10000,0.97035764654254,179.9718389094112,102.5094830855634,1.0,0.4833110889613191
5,P4,P4 / M5,5,gaussian,sample,3331,100,6,9000,0.9786843005152709,152.6928578740754,90.78659022991695,1.0,0.4357123286571337
5,P4,P4 / M5,5,gaussian,sample,3332,100,6,10000,0.9731509293248505,174.74063804844718,102.42963212258033,0.0,0.44039240496865306
5,P4,P4 / M5,5,gaussian,sample,3337,101,4,4000,0.9793939946411546,144.2684565667552,73.44200488363536,1.0,0.11878555089595116
5,P4,P4 / M5,5,gaussian,sample,3474,105,4,9000,0.986149429861155,117.30351604652242,67.11114981432563,1.0,0.1493785612671578
5,P4,P4 / M5,5,gaussian,sample,3485,105,5,9000,0.9895246156843063,93.26703107736027,54.76042767647257,0.0,0.2953878401240496
5,P4,P4 / M5,5,gaussian,sample,3492,105,6,5000,0.9882647542254439,113.37610635426738,65.09050691423296,1.0,0.17957612753754335
5,P4,P4 / M5,5,gaussian,sample,3500,106,4,2000,0.9641908842473924,195.99536148266137,102.04034067445683,1.0,0.11946926863869534
5,P4,P4 / M5,5,gaussian,sample,3514,106,5,5000,0.9899748227144064,100.13443098243737,56.70644748644923,0.0,0.24250899257178532
5,P4,P4 / M5,5,gaussian,sample,3519,106,5,10000,0.9921543888526645,80.89385693459202,46.590924420561926,0.0,0.41593332115593024
5,P4,P4 / M5,5,gaussian,sample,3566,108,4,2000,0.9866698577980139,118.32248678175976,67.94876751706649,1.0,0.10451334128249937
5,P4,P4 / M5,5,gaussian,sample,3751,113,6,0,0.9888637371393774,120.5897362401378,62.71207267747782,0.0,0.1218898068622631
5,P4,P4 / M5,5,gaussian,sample,3772,114,4,10000,0.9790391076342316,144.72725277295808,82.318864736503,0.0,0.08486724967689961
5,P4,P4 / M5,5,gaussian,sample,3805,115,4,10000,0.9876279949521911,114.63507728503919,69.63891082731028,0.0,0.24856690520681649
5,P4,P4 / M5,5,gaussian,sample,3828,116,4,0,0.9756652661075025,174.36125192341768,98.46915388908917,0.0,0.1974393947657985
5,P4,P4 / M5,5,gaussian,sample,3858,116,6,8000,0.9663635643091194,195.59753153611112,129.70738648001313,0.0,0.6381645417636806
5,P4,P4 / M5,5,gaussian,sample,3919,118,6,3000,0.9690572706528726,189.3198177674812,110.93092017843459,1.0,0.3625494599835428
5,P4,P4 / M5,5,gaussian,sample,4048,122,6,0,0.9546787907557838,235.57842804032344,123.37646584510028,0.0,0.2029676506533677
5,P4,P4 / M5,5,gaussian,sample,4188,126,6,8000,0.9731265276148426,170.66493146300883,109.56248683357144,1.0,0.366552897920424
5,P4,P4 / M5,5,gaussian,sample,4189,126,6,9000,0.9902890006410955,102.35666825049823,58.78663676994134,0.0,0.30201749093478647
5,P4,P4 / M5,5,gaussian,sample,4193,127,4,2000,0.9787927469213268,145.48255323599716,77.88801915814179,0.0,0.10142732119168044
5,P4,P4 / M5,5,gaussian,sample,4225,128,4,1000,0.9949274443095341,79.42904779779026,49.768855542869495,0.0,0.35163875658286897
5,P4,P4 / M5,5,gaussian,sample,4448,134,6,4000,0.9911262576598474,96.38176117515452,52.813663702260904,0.0,0.2161872071825447
5,P4,P4 / M5,5,gaussian,sample,4461,135,4,6000,0.9923027051595844,88.01081818996843,49.2905356384062,0.0,0.2708666676097362
5,P4,P4 / M5,5,gaussian,sample,4524,137,4,3000,0.9862408063932856,120.38539660483019,67.77355276065745,1.0,0.19896273031479927
5,P4,P4 / M5,5,gaussian,sample,4565,138,5,0,0.9958680444220117,67.1500307062562,39.655642042366274,0.0,0.4313191431044841
5,P4,P4 / M5,5,gaussian,sample,4607,139,5,9000,0.9808031844066093,123.82343583727459,65.34849117944051,0.0,0.24956415148140723
5,P4,P4 / M5,5,gaussian,sample,4647,140,6,5000,0.9818209538507863,136.2708156727833,80.12408376029137,0.0,0.12982724036938714
5,P4,P4 / M5,5,gaussian,sample,4717,142,6,9000,0.9650551822037798,186.0707693461459,94.03326344503634,1.0,0.18706923664620909
5,P4,P4 / M5,5,gaussian,sample,4776,144,6,2000,0.9623695640740904,197.0747636958846,116.00880962442902,0.0,0.06463312498266138
5,P4,P4 / M5,5,gaussian,sample,4792,145,4,7000,0.9641410632786007,190.63068085162539,99.67603925159304,1.0,0.23045134648181934
5,P4,P4 / M5,5,gaussian,sample,4826,146,4,8000,0.9782401491841491,145.11404445767621,82.82586583326072,1.0,0.1998510999534015
5,P4,P4 / M5,5,gaussian,sample,4849,146,6,9000,0.9727985462018427,165.94105458959922,106.42331323105442,1.0,0.38315694245065324
5,P4,P4 / M5,5,gaussian,sample,4869,147,5,7000,0.9713190283521987,154.47834270647726,86.35352402527712,0.0,0.16047153008388748
5,P4,P4 / M5,5,gaussian,sample,4877,147,6,4000,0.9780356578782848,159.37206191741504,82.8717112892761,1.0,0.1993451312739092
5,P4,P4 / M5,5,gaussian,sample,4929,149,5,1000,0.9600371127531004,199.26535413260314,107.93333750844494,0.0,0.19745366832828753
5,P4,P4 / M5,5,gaussian,sample,4949,149,6,10000,0.8463811242858216,409.48165927632255,230.62190329717043,2.0,0.8068655298633776
5,P4,P4 / M5,5,gaussian,sample,5043,152,6,5000,0.9744626481712677,157.16740261760376,85.81194760492232,0.0,0.2039741167203174
5,P4,P4 / M5,5,gaussian,sample,5101,154,5,8000,0.8712483143285292,311.5829788116318,175.981186730789,0.0,0.1900011207697298
5,P4,P4 / M5,5,gaussian,sample,5112,154,6,8000,0.9851378829761825,122.48108571980165,64.65016337066581,1.0,0.3874583169939341
5,P4,P4 / M5,5,gaussian,sample,5144,155,6,7000,0.9722662277185343,169.84768340915406,90.62083831536513,1.0,0.19258830144485853
5,P4,P4 / M5,5,gaussian,sample,5316,161,4,3000,0.9714712712523208,166.19792187442613,86.25652379231445,1.0,0.0729157594775768
5,P4,P4 / M5,5,gaussian,sample,5381,163,4,2000,0.9946951482866817,78.87095852964787,47.62851592283397,0.0,0.15874304897785216
5,P4,P4 / M5,5,gaussian,sample,5384,163,4,5000,0.9860073829127031,116.45280966869264,65.37732880095143,1.0,0.19805128723544776
5,P4,P4 / M5,5,gaussian,sample,5414,164,4,2000,0.9911920552956112,99.29566109438824,59.97238453187195,0.0,0.20311865640472807
5,P4,P4 / M5,5,gaussian,sample,5534,167,6,1000,0.9683811581252654,198.10768132708046,123.93279494421397,1.0,0.4694533110419885
5,P4,P4 / M5,5,gaussian,sample,5617,170,4,7000,0.987573223675491,114.8577351145938,74.0096075558151,0.0,0.20485880900403852
5,P4,P4 / M5,5,gaussian,sample,5658,171,5,4000,0.9709849719383546,161.4840303309013,101.15439640969745,0.0,0.1359599728345434
5,P4,P4 / M5,5,gaussian,sample,5694,172,5,7000,0.9915830672467517,85.17495114362917,48.310608753655934,0.0,0.1769524962186045
5,P4,P4 / M5,5,gaussian,sample,5816,176,4,8000,0.9769727175747444,148.05723598069773,76.64009372504214,1.0,0.271610202988803
5,P4,P4 / M5,5,gaussian,sample,5841,177,4,0,0.9867466585050084,130.91666290330488,86.40864200333077,1.0,0.3335177365978322
5,P4,P4 / M5,5,gaussian,sample,5843,177,4,2000,0.9733838461942209,167.2819489567777,94.7579825162887,0.0,0.12159956210706314
5,P4,P4 / M5,5,gaussian,sample,5858,177,5,6000,0.9778500405373691,140.92648169856488,86.68948444342644,0.0,0.2435498915911123
5,P4,P4 / M5,5,gaussian,sample,5887,178,5,2000,0.9983152727932431,41.824945874790444,29.275189882910023,0.0,0.33690335109936126
5,P4,P4 / M5,5,gaussian,sample,6248,189,5,0,0.982358138975607,141.57312207162903,78.9109330593777,1.0,0.2193734367037322
5,P4,P4 / M5,5,gaussian,sample,6299,190,6,7000,0.9439158771860822,237.2796224229921,123.86188984935399,1.0,0.24822421346695386
5,P4,P4 / M5,5,gaussian,sample,6359,192,6,1000,0.9722415768740847,176.41274040443417,100.58096449275428,1.0,0.5371328586666663
5,P4,P4 / M5,5,gaussian,sample,6407,194,4,5000,0.978020967894012,141.39557311029583,67.02977750258167,1.0,0.16531599267523506
5,P4,P4 / M5,5,gaussian,sample,6425,194,6,1000,0.9401425466499261,259.86320874684424,142.0201363370256,1.0,0.16884524528231523
5,P4,P4 / M5,5,gaussian,sample,6466,195,6,9000,0.9882631005908028,110.11264022795612,72.74518784786434,0.0,0.5988804866065791
5,P4,P4 / M5,5,gaussian,sample,6743,204,5,0,0.9925024376517565,90.28432906431892,54.41030228054316,1.0,0.3293539787207573
5,P4,P4 / M5,5,gaussian,sample,6752,204,5,9000,0.9900667812527174,87.94716546325525,51.78283784473096,0.0,0.5618571384505135
5,P4,P4 / M5,5,gaussian,sample,6762,204,6,8000,0.9750473316506127,162.269643031956,91.99531730478061,0.0,0.32821697476245215
5,P4,P4 / M5,5,gaussian,sample,6839,207,4,8000,0.9834039462618764,129.33518355864726,79.54829420940254,1.0,0.22092723344632273
5,P4,P4 / M5,5,gaussian,sample,6878,208,5,3000,0.9952549607612355,67.27206297756275,42.42509063006872,0.0,0.3452399724127778
5,P4,P4 / M5,5,gaussian,sample,6970,211,4,7000,0.9817884208406515,132.92338211294637,82.94360149324879,1.0,0.12964518244798842
5,P4,P4 / M5,5,gaussian,sample,6983,211,5,9000,0.995651195169798,59.37969887301842,34.84681979476867,0.0,0.5848189641863466
5,P4,P4 / M5,5,gaussian,sample,6987,211,6,2000,0.9759300692930536,158.5034370481819,102.99582279604672,1.0,0.19572589957596614
5,P4,P4 / M5,5,gaussian,sample,7035,213,4,6000,0.9766450198952374,151.63100876813252,82.08144375875578,1.0,0.20566737507319985
5,P4,P4 / M5,5,gaussian,sample,7063,214,4,1000,0.9816560908481371,132.69909142545856,70.04280550668084,0.0,0.1358939854503994
5,P4,P4 / M5,5,gaussian,sample,7090,214,6,6000,0.9799617483881125,145.2031524058849,98.40426011131652,0.0,0.2599143287405573
5,P4,P4 / M5,5,gaussian,sample,7141,216,5,2000,0.9912570017476463,91.62030609223171,55.36607858142842,0.0,0.14530429362722644
5,P4,P4 / M5,5,gaussian,sample,7214,218,5,9000,0.9841949627072933,107.91827490978946,64.67128759827763,0.0,0.33828968494890277
5,P4,P4 / M5,5,gaussian,sample,7257,219,6,8000,0.9770207269350552,152.46258366317704,87.09876917187793,1.0,0.20458603129413605
5,P4,P4 / M5,5,gaussian,sample,7309,221,5,5000,0.9909433286782526,86.35101509206251,52.69903442459989,0.0,0.4976607958702913
5,P4,P4 / M5,5,gaussian,sample,7333,222,4,7000,0.9602739693984683,196.35065691007085,107.74363892291954,1.0,0.12383204394099066
5,P4,P4 / M5,5,gaussian,sample,7411,224,5,8000,0.9861027811020927,107.67320301542524,65.38809150788613,0.0,0.534333737312592
5,P4,P4 / M5,5,gaussian,sample,7422,224,6,8000,0.9760825498311867,160.74433454933188,102.1737949439292,0.0,0.6384409167808147
5,P4,P4 / M5,5,gaussian,sample,7439,225,5,3000,0.9751182375187166,152.64634855247402,94.31071694837496,1.0,0.30343048588004023
5,P4,P4 / M5,5,gaussian,sample,7451,225,6,4000,0.9916818245976995,95.4125745944368,54.889523654280936,0.0,0.2595546995436202
5,P4,P4 / M5,5,gaussian,sample,7578,229,5,10000,0.9678783391802568,155.56820016526694,97.88883742798622,0.0,0.8401179001810234
5,P4,P4 / M5,5,gaussian,sample,7764,235,4,9000,0.9666232512114348,177.62377025898667,92.82036147547723,1.0,0.15046389471950297
5,P4,P4 / M5,5,gaussian,sample,7785,235,6,8000,0.9824431334371668,136.45278626819217,89.32937633145087,0.0,0.2193974867574858
5,P4,P4 / M5,5,gaussian,sample,7869,238,5,4000,0.9729601870114093,152.04560284643048,98.06600532650795,0.0,0.17747823551876493
5,P4,P4 / M5,5,gaussian,sample,7884,238,6,8000,0.9885982053796339,109.11384292242735,60.48990986663184,0.0,0.21047649745718075
5,P4,P4 / M5,5,gaussian,sample,7923,240,4,3000,0.9838379001829599,125.99262362056015,74.10206411472124,0.0,0.15606452999186501
5,P4,P4 / M5,5,gaussian,sample,7931,240,5,0,0.9831697665405952,139.66014708019247,86.95738589725849,0.0,0.2151583823055826
5,P4,P4 / M5,5,gaussian,sample,7948,240,6,6000,0.9032082427812901,322.5716656316922,194.27186042917532,1.0,0.4358490285316239
5,P4,P4 / M5,5,gaussian,sample,7971,241,5,7000,0.9842306602848593,111.50434343913797,59.379497178810205,0.0,0.5323774907356333
5,P4,P4 / M5,5,gaussian,sample,8015,242,6,7000,0.981571064288184,140.86526367848492,85.59281828265004,0.0,0.408490237006413
5,P4,P4 / M5,5,gaussian,sample,8259,250,4,9000,0.9830679619770624,125.75528858352364,66.58082359123989,1.0,0.17199976375131043
5,P4,P4 / M5,5,gaussian,sample,8325,252,4,9000,0.9893424445942842,105.02863657979597,51.35060783892674,0.0,0.33625261964012043
5,P4,P4 / M5,5,gaussian,sample,8330,252,5,3000,0.6799929764595913,542.1590259786075,314.23623385777506,1.0,0.07554915345749799
5,P4,P4 / M5,5,gaussian,sample,8407,254,6,3000,0.9856636837139918,125.47223535977399,76.71830810007599,0.0,0.30670346244253543
5,P4,P4 / M5,5,gaussian,sample,8441,255,6,4000,0.9853016946156158,134.59061362548275,69.062649820651,0.0,0.2659528967524907
5,P4,P4 / M5,5,spline,sample,33,1,4,0,0.717057304122647,535.7450330698293,315.11777560049643,1.0,0.8441614135378589
5,P4,P4 / M5,5,spline,sample,34,1,4,1000,0.6853496431941957,568.4113216681158,336.1991087344028,1.0,0.4183620270913338
5,P4,P4 / M5,5,spline,sample,107,3,4,8000,0.8380546147540012,404.57196299302024,240.76347780970627,0.0,0.5991169000983566
5,P4,P4 / M5,5,spline,sample,117,3,5,7000,0.5134085090849537,610.9284829775188,349.1203766451367,1.0,1.0352477906807795
5,P4,P4 / M5,5,spline,sample,166,5,4,1000,0.6578313054873868,591.4883800379785,352.0201092430978,1.0,1.3588075883739346
5,P4,P4 / M5,5,spline,sample,279,8,5,4000,0.9338141567559101,253.2901775336702,185.98800295311912,0.0,1.1966891112535287
5,P4,P4 / M5,5,spline,sample,281,8,5,6000,0.8038786194042079,408.98942936277336,238.9789415031511,0.0,1.3972401877370482
5,P4,P4 / M5,5,spline,sample,363,11,4,0,0.9477867813378205,256.9178512736211,186.5120431235432,0.0,1.4874257501440984
5,P4,P4 / M5,5,spline,sample,389,11,6,4000,0.8332305207597076,441.80592694326907,238.2863690064261,0.0,1.0904394240002113
5,P4,P4 / M5,5,spline,sample,423,12,6,5000,0.8233593042499552,441.83235406971653,262.2689579139106,0.0,0.37289582778450525
5,P4,P4 / M5,5,spline,sample,621,18,6,5000,0.8613228789718546,390.2346934637896,253.53205589109376,0.0,0.843903670375594
5,P4,P4 / M5,5,spline,sample,642,19,5,4000,0.706941967232324,520.4337532597617,305.65772196155245,0.0,0.8579973270597976
5,P4,P4 / M5,5,spline,sample,694,21,4,1000,0.8970444905265997,353.3789897341988,220.97198757292503,0.0,0.8654059825291561
5,P4,P4 / M5,5,spline,sample,695,21,4,2000,0.9584850098771595,228.30452191160254,153.59160256410254,0.0,1.9127764773770568
5,P4,P4 / M5,5,spline,sample,782,23,6,1000,0.8499070069270263,439.46463602422784,249.46904314080984,0.0,1.355616020725758
5,P4,P4 / M5,5,spline,sample,881,26,6,1000,0.9542963623914182,238.37181365830682,175.30271008403372,0.0,1.011528325633484
5,P4,P4 / M5,5,spline,sample,990,30,4,0,0.901439981686666,346.15941029743936,248.98543435860265,0.0,0.7956758970543356
5,P4,P4 / M5,5,spline,sample,997,30,4,7000,0.7706677118696262,488.6328231065491,275.58448432944596,0.0,1.1060296760626567
5,P4,P4 / M5,5,spline,sample,1035,31,5,1000,0.9483435766950524,241.12497642906132,175.10836134453777,0.0,1.3513193732889253
5,P4,P4 / M5,5,spline,sample,1054,31,6,9000,0.7258403143852129,519.6223207946896,294.43662199846244,0.0,1.4058751465135686
5,P4,P4 / M5,5,spline,sample,1056,32,4,0,0.7360540899324342,549.8327873567061,354.3058541306319,0.0,0.6402535161125447
5,P4,P4 / M5,5,spline,sample,1070,32,5,3000,0.9233888193024227,282.46762829076033,185.95622543032704,0.0,0.6901463713008978
5,P4,P4 / M5,5,spline,sample,1107,33,5,7000,0.907656750947472,287.9492062812943,213.0795742753623,0.0,0.7254641528223627
5,P4,P4 / M5,5,spline,sample,1168,35,5,2000,0.858971136423125,373.3680441223065,247.56100478468906,0.0,1.1161204714487418
5,P4,P4 / M5,5,spline,sample,1224,37,4,3000,0.21261198607758858,898.7908036464185,519.2659220389805,1.0,1.2622570428253816
5,P4,P4 / M5,5,spline,sample,1273,38,5,8000,0.7455417903209285,467.9389092740765,278.3311152761991,0.0,1.0511354262366763
5,P4,P4 / M5,5,spline,sample,1296,39,4,9000,0.9148694556722475,299.4560828581773,182.98472102387126,0.0,1.3834831369689784
5,P4,P4 / M5,5,spline,sample,1389,42,4,3000,0.8292375767633029,436.80459128634936,276.6193016248856,1.0,1.283770899235511
5,P4,P4 / M5,5,spline,sample,1442,43,6,1000,0.9481088652082836,252.43394480278423,182.7209427660544,0.0,1.4584429593512134
5,P4,P4 / M5,5,spline,sample,1467,44,5,4000,0.8769284225755081,338.3163366988652,226.9217629559088,0.0,0.6690786322339075
5,P4,P4 / M5,5,spline,sample,1576,47,6,3000,0.7547235076971834,527.8185620367957,288.0865231974786,1.0,0.5956114950499036
5,P4,P4 / M5,5,spline,sample,1632,49,5,4000,0.8843049436062452,336.9541214928899,209.10534420289855,0.0,0.5507222424511744
5,P4,P4 / M5,5,spline,sample,1736,52,5,9000,0.8707207382380036,325.72686706886964,213.09480594355077,0.0,0.6988435548903442
5,P4,P4 / M5,5,spline,sample,1867,56,5,8000,0.9149845798669121,274.9184540240439,184.61823430798333,0.0,1.0658681023209806
5,P4,P4 / M5,5,spline,sample,2061,62,5,4000,0.7041328158931749,520.7318945387706,281.89406710415176,0.0,1.2074758817708529
5,P4,P4 / M5,5,spline,sample,2192,66,5,3000,0.7258225508946743,510.84220955522204,293.61408966180653,0.0,1.281768917463453
5,P4,P4 / M5,5,spline,sample,2237,67,6,4000,0.7524266265966699,507.50067377512875,268.4345910030281,1.0,1.880446721134472
5,P4,P4 / M5,5,spline,sample,2276,68,6,10000,0.8436059586594392,395.4784114227362,267.1497314487019,0.0,0.6657474324998669
5,P4,P4 / M5,5,spline,sample,2296,69,5,8000,0.8940576784470214,302.77465406839514,190.45131674069037,0.0,0.9312261314501964
5,P4,P4 / M5,5,spline,sample,2319,70,4,9000,0.8263728287907416,425.9182183198456,246.54212343931482,0.0,1.1023863132734057
5,P4,P4 / M5,5,spline,sample,2345,71,4,2000,0.9124754802210107,317.84405388857493,204.33054278747963,0.0,0.5781102396357303
5,P4,P4 / M5,5,spline,sample,2388,72,5,1000,0.9314212060815719,284.66045462756904,181.49668200634835,0.0,1.5718308675524069
5,P4,P4 / M5,5,spline,sample,2424,73,5,4000,0.7436694994226699,502.78523045486975,291.2621017919363,0.0,1.262517861283078
5,P4,P4 / M5,5,spline,sample,2508,76,4,0,0.9041955743069571,342.5397827930344,224.1232473000184,0.0,0.3680050315830917
5,P4,P4 / M5,5,spline,sample,2546,77,4,5000,0.917900101194331,299.45927470652055,203.67626882007713,0.0,0.518184696367313
5,P4,P4 / M5,5,spline,sample,2573,77,6,10000,0.8580247935308127,388.58740463268407,245.77205040653297,1.0,1.643935410638115
5,P4,P4 / M5,5,spline,sample,2692,81,5,8000,0.8985883601543491,302.5938431751373,182.073550852932,0.0,1.0170021666750007
5,P4,P4 / M5,5,spline,sample,2711,82,4,5000,0.9750941934715427,172.77216512935044,131.14220855472905,0.0,2.477741792421504
5,P4,P4 / M5,5,spline,sample,2720,82,5,3000,0.8505271643270425,384.6735951519259,237.66075424931677,0.0,0.6133451105686929
5,P4,P4 / M5,5,spline,sample,2747,83,4,8000,0.8307855337118519,415.8085021444042,280.69155346618027,1.0,0.41866373786169464
5,P4,P4 / M5,5,spline,sample,2857,86,5,8000,0.8985781966754576,298.3075915892544,189.68330472244477,0.0,1.0584259918398655
5,P4,P4 / M5,5,spline,sample,2858,86,5,9000,0.8590116993776594,342.54511564918596,228.62535995224053,0.0,0.39928476310879296
5,P4,P4 / M5,5,spline,sample,3158,95,6,1000,0.928232334704365,297.99895889881816,191.96673363298797,0.0,0.7775148106664794
5,P4,P4 / M5,5,spline,sample,3159,95,6,2000,0.9606868183737023,221.15666095991605,155.98418531468533,0.0,1.5705056064358285
5,P4,P4 / M5,5,spline,sample,3236,98,4,2000,0.8793825358625914,371.90749205384276,264.40066393690824,0.0,0.6212331606641817
5,P4,P4 / M5,5,spline,sample,3266,98,6,10000,0.9302208628143289,276.1283583965228,184.11978474306406,0.0,0.8425879326358569
5,P4,P4 / M5,5,spline,sample,3331,100,6,9000,0.9308901730820965,274.9405720215811,178.1478847222303,1.0,0.5243705368151211
5,P4,P4 / M5,5,spline,sample,3332,100,6,10000,0.9183426527053253,304.7382167357112,201.90844400681766,0.0,1.734375000888568
5,P4,P4 / M5,5,spline,sample,3337,101,4,4000,0.8461399545015345,394.2188708190946,255.64045071784264,1.0,0.5865890326471802
5,P4,P4 / M5,5,spline,sample,3474,105,4,9000,0.8343953930963448,405.6144435705148,234.0795839271291,0.0,1.2356796541448702
5,P4,P4 / M5,5,spline,sample,3485,105,5,9000,0.9217956594972359,254.83472030175685,161.65468665769626,0.0,1.3289483572700207
5,P4,P4 / M5,5,spline,sample,3492,105,6,5000,0.8697337749330806,377.73859210655206,234.7237907088123,0.0,0.3628393937101371
5,P4,P4 / M5,5,spline,sample,3500,106,4,2000,0.7701769682124691,496.53031570548643,339.9118558798766,1.0,0.27234176452704895
5,P4,P4 / M5,5,spline,sample,3514,106,5,5000,0.8919563525052393,328.7282457963014,207.16447834446464,0.0,1.4768249166941274
5,P4,P4 / M5,5,spline,sample,3519,106,5,10000,0.9395510325654042,224.54148801464234,143.38653992864548,0.0,1.225893326636881
5,P4,P4 / M5,5,spline,sample,3566,108,4,2000,0.6552122958133137,601.7634171828335,360.5607318893402,0.0,0.8050167908982917
5,P4,P4 / M5,5,spline,sample,3751,113,6,0,0.912620590159259,337.7887350061753,238.66640860215054,0.0,0.6254684136178613
5,P4,P4 / M5,5,spline,sample,3772,114,4,10000,0.8616484348403092,371.82404635711816,237.2668466249401,1.0,0.4734277217148582
5,P4,P4 / M5,5,spline,sample,3805,115,4,10000,0.9333399541251016,266.0910626753341,181.11715593628887,0.0,1.1475921062989165
5,P4,P4 / M5,5,spline,sample,3828,116,4,0,0.8984290578329308,356.22255834142885,256.3778846153848,0.0,1.4494957820166352
5,P4,P4 / M5,5,spline,sample,3858,116,6,8000,0.9113206344886644,317.59208729965394,220.50986433305712,0.0,2.262382826705766
5,P4,P4 / M5,5,spline,sample,3919,118,6,3000,0.8754280781444977,379.862874910619,228.82768896190368,0.0,1.484062878959849
5,P4,P4 / M5,5,spline,sample,4048,122,6,0,0.8832108959045846,378.16901159138644,280.8941386554622,0.0,0.705931109295198
5,P4,P4 / M5,5,spline,sample,4188,126,6,8000,0.9551076660998364,220.58119732214547,168.0749059306821,0.0,1.7582963772785651
5,P4,P4 / M5,5,spline,sample,4189,126,6,9000,0.94206972902854,249.9982440321009,175.06824925654647,0.0,1.5864750014060156
5,P4,P4 / M5,5,spline,sample,4193,127,4,2000,0.7173915955653803,531.081583337666,342.50915337126713,0.0,0.6447509714811531
5,P4,P4 / M5,5,spline,sample,4225,128,4,1000,0.9254146687278237,304.5738799823513,191.24949849462365,0.0,1.0285107553200188
5,P4,P4 / M5,5,spline,sample,4448,134,6,4000,0.8233661212613583,430.0098992818295,281.18076376993633,0.0,0.6598282403142282
5,P4,P4 / M5,5,spline,sample,4461,135,4,6000,0.8766157472875274,352.36832728263914,235.74873271889396,1.0,1.6896297040844466
5,P4,P4 / M5,5,spline,sample,4524,137,4,3000,0.9469640534517497,236.3537401538865,165.94461820509167,0.0,0.5920314209933578
5,P4,P4 / M5,5,spline,sample,4565,138,5,0,0.7144259712993827,558.2487352839537,343.24486923127495,1.0,1.6980394510412191
5,P4,P4 / M5,5,spline,sample,4607,139,5,9000,0.7971747723606628,402.4845742501374,270.67450191853595,0.0,0.31930802184633644
5,P4,P4 / M5,5,spline,sample,4647,140,6,5000,0.834035948353437,411.74119791241384,236.95231661199233,0.0,0.9288032002468039
5,P4,P4 / M5,5,spline,sample,4717,142,6,9000,0.7268541979524688,520.216386696691,300.6542773473026,0.0,1.0983624162827155
5,P4,P4 / M5,5,spline,sample,4776,144,6,2000,0.8413227222552389,404.6865404711611,256.25147533361456,0.0,0.47684159293494227
5,P4,P4 / M5,5,spline,sample,4792,145,4,7000,0.8347963677617434,409.17010062448884,227.33049350218184,0.0,0.9558722085948284
5,P4,P4 / M5,5,spline,sample,4826,146,4,8000,0.7067050402425082,532.762673412798,288.1077236437557,0.0,0.941073737451235
5,P4,P4 / M5,5,spline,sample,4849,146,6,9000,0.9088877995309728,303.700883723353,189.83218146376043,0.0,1.666070640614368
5,P4,P4 / M5,5,spline,sample,4869,147,5,7000,0.788688954472048,419.30666999904,254.84792271362997,0.0,1.6420904935372989
5,P4,P4 / M5,5,spline,sample,4877,147,6,4000,0.9257975149280244,292.92896472255325,190.7411410343383,0.0,0.8398964183797907
5,P4,P4 / M5,5,spline,sample,4929,149,5,1000,0.8583413753482716,375.1672129478714,264.102660526993,0.0,0.5922244216971501
5,P4,P4 / M5,5,spline,sample,4949,149,6,10000,0.8708245482971162,375.4932701721445,219.7164522328772,1.0,0.884047758595656
5,P4,P4 / M5,5,spline,sample,5043,152,6,5000,0.7617116761267416,480.09361188779053,281.9874080186489,0.0,1.4494275723290013
5,P4,P4 / M5,5,spline,sample,5101,154,5,8000,0.21907942289475868,767.3627198102146,439.8483083500349,1.0,1.1640283521375696
5,P4,P4 / M5,5,spline,sample,5112,154,6,8000,0.8310953845599918,412.9043400025109,224.16135978119797,0.0,1.5689375766496623
5,P4,P4 / M5,5,spline,sample,5144,155,6,7000,0.9301385733781097,269.5714409928158,189.10053311247415,0.0,0.636235059242555
5,P4,P4 / M5,5,spline,sample,5316,161,4,3000,0.6980771076325089,540.6701596117175,360.0783627884143,0.0,0.10338478977931881
5,P4,P4 / M5,5,spline,sample,5381,163,4,2000,0.9318508328474812,282.6902116376967,194.6375591169565,0.0,1.1067344577375513
5,P4,P4 / M5,5,spline,sample,5384,163,4,5000,0.7448175862362179,497.30848249506977,297.8731238394883,0.0,1.2425253616072067
5,P4,P4 / M5,5,spline,sample,5414,164,4,2000,0.9294834197941098,280.95618885061475,204.65528372091978,0.0,1.2760953512386568
5,P4,P4 / M5,5,spline,sample,5534,167,6,1000,0.9633059092371186,213.41571758149894,171.17514703742177,0.0,2.311276337595974
5,P4,P4 / M5,5,spline,sample,5617,170,4,7000,0.9523260089791868,224.9685259179268,144.11023348098934,0.0,1.0117183056735286
5,P4,P4 / M5,5,spline,sample,5658,171,5,4000,0.7874700258803288,437.04703397178497,308.3176862794439,0.0,0.5997130715543041
5,P4,P4 / M5,5,spline,sample,5694,172,5,7000,0.8830120297450272,317.5452110285412,203.0848449286177,0.0,1.3173396375649313
5,P4,P4 / M5,5,spline,sample,5816,176,4,8000,0.8721267007252927,348.89779840219694,207.56798696845,0.0,0.8743132269356365
5,P4,P4 / M5,5,spline,sample,5841,177,4,0,0.911973087032677,337.3960300359128,207.56289523809525,0.0,1.2441875097709272
5,P4,P4 / M5,5,spline,sample,5843,177,4,2000,0.8249355762677373,429.0178678736076,307.03191149822914,0.0,0.5894600553584937
5,P4,P4 / M5,5,spline,sample,5858,177,5,6000,0.8562684963368451,358.98981422022393,227.44463874744397,0.0,1.1684676452308196
5,P4,P4 / M5,5,spline,sample,5887,178,5,2000,0.931899237156432,265.9172931534651,184.4481839655301,0.0,0.7990228573133855
5,P4,P4 / M5,5,spline,sample,6248,189,5,0,0.9115563289006647,316.9873941637431,224.9596420091903,0.0,1.2293304554991875
5,P4,P4 / M5,5,spline,sample,6299,190,6,7000,0.9236104892165449,276.92192449993456,188.97937823082944,0.0,0.8516998549337128
5,P4,P4 / M5,5,spline,sample,6359,192,6,1000,0.9368413523789717,266.10250427795313,194.11084183673464,0.0,1.5244087807456324
5,P4,P4 / M5,5,spline,sample,6407,194,4,5000,0.7505093213871787,476.3856742207272,293.7633239024941,0.0,0.5082681495616871
5,P4,P4 / M5,5,spline,sample,6425,194,6,1000,0.8450237891585737,418.13661391124674,307.6925757097791,1.0,1.9753236518477189
5,P4,P4 / M5,5,spline,sample,6466,195,6,9000,0.9668860204381412,184.95504116833303,141.40073334431807,0.0,2.207711860871152
5,P4,P4 / M5,5,spline,sample,6743,204,5,0,0.9375795872310656,260.50475213478865,159.56610672098293,0.0,1.2674373907250487
5,P4,P4 / M5,5,spline,sample,6752,204,5,9000,0.8999501679930912,279.11619036270105,179.8050196018574,0.0,1.6075451137229428
5,P4,P4 / M5,5,spline,sample,6762,204,6,8000,0.9274986700855323,276.59974164833807,190.0719664610031,0.0,1.4047386034460185
5,P4,P4 / M5,5,spline,sample,6839,207,4,8000,0.9638067489357174,190.99766825036124,135.52247208118573,0.0,1.317128829670599
5,P4,P4 / M5,5,spline,sample,6878,208,5,3000,0.9353988856544888,248.21890001911564,180.92238280126546,0.0,0.9943541066195097
5,P4,P4 / M5,5,spline,sample,6970,211,4,7000,0.9413476190342092,238.54504691569286,162.51103143418464,1.0,0.43625457858333627
5,P4,P4 / M5,5,spline,sample,6983,211,5,9000,0.9216516909492494,252.03905699793776,168.4557082925684,0.0,1.8098702997360643
5,P4,P4 / M5,5,spline,sample,6987,211,6,2000,0.924199698512213,281.2786250981428,181.67317354418918,0.0,1.2599300141198946
5,P4,P4 / M5,5,spline,sample,7035,213,4,6000,0.9331707378401205,256.4965963742018,196.80662011975065,0.0,1.8172452855396417
5,P4,P4 / M5,5,spline,sample,7063,214,4,1000,0.7375567276477626,501.9260382249155,346.6095133096565,0.0,0.4813316941988564
5,P4,P4 / M5,5,spline,sample,7090,214,6,6000,0.927868848455252,275.49109494221955,188.4949099005799,0.0,1.9762217657898313
5,P4,P4 / M5,5,spline,sample,7141,216,5,2000,0.8797799307817034,339.742618278895,231.5416017802013,0.0,0.8128976992706353
5,P4,P4 / M5,5,spline,sample,7214,218,5,9000,0.8657823470093664,314.48653253991785,218.04131549374915,0.0,0.703368782761247
5,P4,P4 / M5,5,spline,sample,7257,219,6,8000,0.9124725747229293,297.55497018275275,191.2549916057825,0.0,1.241810200052721
5,P4,P4 / M5,5,spline,sample,7309,221,5,5000,0.8626686191394353,336.2544474573858,203.02609865928582,0.0,1.9993941455127886
5,P4,P4 / M5,5,spline,sample,7333,222,4,7000,0.934501961632823,252.12094067118417,182.04968448015396,0.0,0.6907125132144705
5,P4,P4 / M5,5,spline,sample,7411,224,5,8000,0.9293468789383835,242.7780165485094,172.41622670807456,0.0,1.0880219357262078
5,P4,P4 / M5,5,spline,sample,7422,224,6,8000,0.9183608513032898,296.980182581741,195.7904647435898,0.0,1.6250039300914658
5,P4,P4 / M5,5,spline,sample,7439,225,5,3000,0.912903268836857,285.59248666130645,190.73608667247396,1.0,0.5149311940498554
5,P4,P4 / M5,5,spline,sample,7451,225,6,4000,0.8574735046798782,394.94751082941565,241.27547142753363,0.0,1.0663765002398795
5,P4,P4 / M5,5,spline,sample,7578,229,5,10000,0.8498959292045168,336.2931850096333,226.25221628560905,0.0,1.6395996798574124
5,P4,P4 / M5,5,spline,sample,7764,235,4,9000,0.868199500682811,352.9698391037822,232.6491330785982,0.0,1.4054252139682972
5,P4,P4 / M5,5,spline,sample,7785,235,6,8000,0.9748886642080855,163.19010116455786,123.11971866265883,0.0,1.195852393659335
5,P4,P4 / M5,5,spline,sample,7869,238,5,4000,0.8162403116697043,396.36668625969014,283.47126183230665,0.0,0.7631993859977677
5,P4,P4 / M5,5,spline,sample,7884,238,6,8000,0.9699521602080499,177.13316075711808,136.3173881524441,0.0,1.8004012108972007
5,P4,P4 / M5,5,spline,sample,7923,240,4,3000,0.9302843722453311,261.67443700327084,177.25165054645785,0.0,0.5273979613420815
5,P4,P4 / M5,5,spline,sample,7931,240,5,0,0.9125275654181746,318.39264883473055,196.46853893097637,0.0,1.8676494610021506
5,P4,P4 / M5,5,spline,sample,7948,240,6,6000,0.9527374221601288,225.4061350364063,171.21081726837252,1.0,1.823716453549723
5,P4,P4 / M5,5,spline,sample,7971,241,5,7000,0.8862428193946426,299.48456207374767,210.79585155680508,0.0,1.699335735608528
5,P4,P4 / M5,5,spline,sample,8015,242,6,7000,0.9832962054109937,134.11005955803785,100.32400038995414,0.0,1.492673347076309
5,P4,P4 / M5,5,spline,sample,8259,250,4,9000,0.9549092225698448,205.2180243286393,157.31577057511956,0.0,0.8546938965998623
5,P4,P4 / M5,5,spline,sample,8325,252,4,9000,0.8333726647282371,415.2905537921433,237.72214945820465,0.0,0.7904477874898944
5,P4,P4 / M5,5,spline,sample,8330,252,5,3000,0.4648507843958768,701.1071301095127,454.71289939762374,0.0,0.3680153956661943
5,P4,P4 / M5,5,spline,sample,8407,254,6,3000,0.6315184494346573,636.1165903895923,412.1733165295774,0.0,0.4923050653151682
5,P4,P4 / M5,5,spline,sample,8441,255,6,4000,0.847289548779494,433.82594368049683,254.98568533049553,0.0,1.3178096523268392
5,P4,P4 / M5,5,source_pretrained_mlp,sample,33,1,4,0,0.9755026789177673,157.6406463973668,86.82727939741952,0.0,0.39202453607999427
5,P4,P4 / M5,5,source_pretrained_mlp,sample,34,1,4,1000,0.9690514031222722,178.2662330271122,99.21692225933074,0.0,0.2414663248501187
5,P4,P4 / M5,5,source_pretrained_mlp,sample,107,3,4,8000,0.9066910766475784,307.0952389182189,152.83234131932258,0.0,0.4143124784757112
5,P4,P4 / M5,5,source_pretrained_mlp,sample,117,3,5,7000,0.8859651429842648,295.7514820403509,148.0557783047358,0.0,12.275037315697821
5,P4,P4 / M5,5,source_pretrained_mlp,sample,166,5,4,1000,0.9540977758009239,216.64214434800846,129.76149797439575,0.0,0.8484273001596688
5,P4,P4 / M5,5,source_pretrained_mlp,sample,279,8,5,4000,0.9890709548607798,102.92642893419443,59.39841657214694,0.0,0.2316738131423506
5,P4,P4 / M5,5,source_pretrained_mlp,sample,281,8,5,6000,0.6179032933659248,570.8687367479597,338.06795854795547,1.0,0.5773195568911074
5,P4,P4 / M5,5,source_pretrained_mlp,sample,363,11,4,0,0.9499603866868065,251.51333776638978,166.8349399715662,0.0,0.3071851456970278
5,P4,P4 / M5,5,source_pretrained_mlp,sample,389,11,6,4000,0.96177226927557,211.52539296057037,89.96429697205039,0.0,0.259104612718475
5,P4,P4 / M5,5,source_pretrained_mlp,sample,423,12,6,5000,0.8693362207425939,380.0053746483118,226.6308391282433,1.0,0.11830930390792192
5,P4,P4 / M5,5,source_pretrained_mlp,sample,621,18,6,5000,0.8834097073640602,357.8118051705285,241.0768453070992,1.0,0.5477241245718604
5,P4,P4 / M5,5,source_pretrained_mlp,sample,642,19,5,4000,0.8950073163005181,311.5072499787776,144.75840567407153,1.0,0.6972657557025321
5,P4,P4 / M5,5,source_pretrained_mlp,sample,694,21,4,1000,0.9873867563456992,123.68849961485361,84.82450962811708,0.0,0.2906127438773147
5,P4,P4 / M5,5,source_pretrained_mlp,sample,695,21,4,2000,0.9874342653782382,125.60472752152367,79.01414521038532,1.0,0.38725892311952664
5,P4,P4 / M5,5,source_pretrained_mlp,sample,782,23,6,1000,0.9886722415056655,120.73014284864128,85.69016313552856,1.0,0.706347308949132
5,P4,P4 / M5,5,source_pretrained_mlp,sample,881,26,6,1000,0.9492911157942769,251.08544858796668,137.1780234016478,0.0,0.22788563401532674
5,P4,P4 / M5,5,source_pretrained_mlp,sample,990,30,4,0,0.8765546144838707,387.4031830654091,219.39571266314562,1.0,0.3552770824500061
5,P4,P4 / M5,5,source_pretrained_mlp,sample,997,30,4,7000,0.8888973451039114,340.1044019387101,203.36978416215806,0.0,0.24404814019080395
5,P4,P4 / M5,5,source_pretrained_mlp,sample,1035,31,5,1000,0.9838506626676625,134.82095067884214,87.24375358968973,1.0,1.6381540657917602
5,P4,P4 / M5,5,source_pretrained_mlp,sample,1054,31,6,9000,0.9858984010807952,117.84744756861183,69.76812229553859,0.0,0.34290493653047255
5,P4,P4 / M5,5,source_pretrained_mlp,sample,1056,32,4,0,0.8996605194947555,339.0073307710897,152.89354126704367,1.0,0.11254069793946503
5,P4,P4 / M5,5,source_pretrained_mlp,sample,1070,32,5,3000,0.9920664439991956,90.8984654469277,54.926054791400304,1.0,0.19289608163656666
5,P4,P4 / M5,5,source_pretrained_mlp,sample,1107,33,5,7000,0.9126702299224749,280.0234929959373,168.73888181447984,0.0,0.7952847614692905
5,P4,P4 / M5,5,source_pretrained_mlp,sample,1168,35,5,2000,0.9720233236193572,166.29576953576938,104.39275934821681,0.0,0.686975647360234
5,P4,P4 / M5,5,source_pretrained_mlp,sample,1224,37,4,3000,0.8596298474696256,379.491109814151,169.39375239869824,1.0,0.12220984771717701
5,P4,P4 / M5,5,source_pretrained_mlp,sample,1273,38,5,8000,0.9271836087023382,250.31997155328648,123.84420547796333,1.0,0.28662060074885304
5,P4,P4 / M5,5,source_pretrained_mlp,sample,1296,39,4,9000,0.9865160003506921,119.17901740384072,66.6191327179733,0.0,0.14589495573690117
5,P4,P4 / M5,5,source_pretrained_mlp,sample,1389,42,4,3000,0.9835788049259567,135.45449460135217,100.79512582884894,1.0,1.2497231602150272
5,P4,P4 / M5,5,source_pretrained_mlp,sample,1442,43,6,1000,-2398.7544091508435,54285.590852252644,19360.083795905113,3.0,0.688777707961637
5,P4,P4 / M5,5,source_pretrained_mlp,sample,1467,44,5,4000,0.9970392657605592,52.47395507588785,28.78539618578824,0.0,0.253412495067032
5,P4,P4 / M5,5,source_pretrained_mlp,sample,1576,47,6,3000,0.9732858876757507,174.19154440323322,112.85106551647186,0.0,0.878503418399819
5,P4,P4 / M5,5,source_pretrained_mlp,sample,1632,49,5,4000,0.992601513072889,85.20887416982814,44.866757452487946,0.0,0.3364295808568031
5,P4,P4 / M5,5,source_pretrained_mlp,sample,1736,52,5,9000,0.979316643125346,130.28657371645266,73.79154802405316,0.0,0.47431694240846706
5,P4,P4 / M5,5,source_pretrained_mlp,sample,1867,56,5,8000,0.9612846249248905,185.52258026534966,104.7465093362899,0.0,0.33507013840493405
5,P4,P4 / M5,5,source_pretrained_mlp,sample,2061,62,5,4000,-35.38938706247388,5775.015441808071,2070.289014246153,2.0,0.4267900904426191
5,P4,P4 / M5,5,source_pretrained_mlp,sample,2192,66,5,3000,0.853696933171337,373.16218203944715,214.9110154424395,1.0,0.2677036061232736
5,P4,P4 / M5,5,source_pretrained_mlp,sample,2237,67,6,4000,-2.2983270558204794,1852.3861049665832,757.3317696614699,2.0,1.7587370999053358
5,P4,P4 / M5,5,source_pretrained_mlp,sample,2276,68,6,10000,0.848702402484691,388.981275219792,243.05889695031303,1.0,0.37397202445761146
5,P4,P4 / M5,5,source_pretrained_mlp,sample,2296,69,5,8000,0.9514160664360495,205.03646750404292,124.85919931660528,1.0,0.6260636914572759
5,P4,P4 / M5,5,source_pretrained_mlp,sample,2319,70,4,9000,0.9733493636285623,166.86727126648586,112.72186982631683,0.0,5.094403352713037
5,P4,P4 / M5,5,source_pretrained_mlp,sample,2345,71,4,2000,0.9835182860762414,137.92735527367415,81.30276201830969,1.0,4.07488579885118
5,P4,P4 / M5,5,source_pretrained_mlp,sample,2388,72,5,1000,0.9903637008419631,106.70563490119474,66.75691167046043,0.0,1.1326184142371454
5,P4,P4 / M5,5,source_pretrained_mlp,sample,2424,73,5,4000,-10.050134487122383,3301.1567807852725,1369.4455794379824,3.0,0.39496101278210893
5,P4,P4 / M5,5,source_pretrained_mlp,sample,2508,76,4,0,-0.9552473162457771,1547.4587510440863,485.1422711610794,9.0,55.83874345077052
5,P4,P4 / M5,5,source_pretrained_mlp,sample,2546,77,4,5000,0.9522097073127669,228.4737461578372,145.9505586749629,0.0,0.7300501095491452
5,P4,P4 / M5,5,source_pretrained_mlp,sample,2573,77,6,10000,0.9668355969265109,187.80993291619887,120.92885966300965,0.0,1.9837053627355161
5,P4,P4 / M5,5,source_pretrained_mlp,sample,2692,81,5,8000,0.8217385350508809,401.1852156634304,276.32312951087954,1.0,0.4997156317238746
5,P4,P4 / M5,5,source_pretrained_mlp,sample,2711,82,4,5000,0.9601746272555312,218.4758286795309,161.18156325817108,1.0,1.4836336645125805
5,P4,P4 / M5,5,source_pretrained_mlp,sample,2720,82,5,3000,-0.5044193826049599,1220.3817365032946,549.9051705031168,2.0,0.2274417020585841
5,P4,P4 / M5,5,source_pretrained_mlp,sample,2747,83,4,8000,0.9814286562872865,137.75148358370555,80.06367858499289,0.0,0.18444287880657245
5,P4,P4 / M5,5,source_pretrained_mlp,sample,2857,86,5,8000,0.9682297717418532,166.95860571234422,82.41519045829773,0.0,0.24559785527728809
5,P4,P4 / M5,5,source_pretrained_mlp,sample,2858,86,5,9000,0.41731495057082335,696.375011910249,442.03995183110237,0.0,0.18509340760314974
5,P4,P4 / M5,5,source_pretrained_mlp,sample,3158,95,6,1000,0.9910511217764051,105.22880459269939,70.12268912090974,1.0,0.19317900342884434
5,P4,P4 / M5,5,source_pretrained_mlp,sample,3159,95,6,2000,0.8367975484639709,450.60319524453405,261.4164661690593,0.0,0.6183051192947862
5,P4,P4 / M5,5,source_pretrained_mlp,sample,3236,98,4,2000,0.9065902884325343,327.2848075717703,197.01525984870062,1.0,0.16927640033901878
5,P4,P4 / M5,5,source_pretrained_mlp,sample,3266,98,6,10000,0.9916476502624133,95.53280929348689,61.85738962575009,1.0,0.27867069824869894
5,P4,P4 / M5,5,source_pretrained_mlp,sample,3331,100,6,9000,0.46194176057903236,767.1557991860408,348.74794791936876,5.0,0.1987656140652395
5,P4,P4 / M5,5,source_pretrained_mlp,sample,3332,100,6,10000,0.9874776762768833,119.33607551369874,78.50098244349162,0.0,0.3354714021885196
5,P4,P4 / M5,5,source_pretrained_mlp,sample,3337,101,4,4000,0.739831333485431,512.6275904005932,282.75805607844484,0.0,0.08107846415135991
5,P4,P4 / M5,5,source_pretrained_mlp,sample,3474,105,4,9000,0.9885960727833648,106.43989140793704,59.07529606602409,0.0,0.2962920870856749
5,P4,P4 / M5,5,source_pretrained_mlp,sample,3485,105,5,9000,0.5709777701068564,596.8745584790697,304.433049896489,2.0,0.5042715799788202
5,P4,P4 / M5,5,source_pretrained_mlp,sample,3492,105,6,5000,0.9794289419676044,150.1079721323218,90.65641888380051,0.0,0.1605217570502148
5,P4,P4 / M5,5,source_pretrained_mlp,sample,3500,106,4,2000,0.9370561925426105,259.8516624578498,145.32944427728654,0.0,0.060580644302926145
5,P4,P4 / M5,5,source_pretrained_mlp,sample,3514,106,5,5000,0.7965631750615094,451.07856288029797,320.26990894267436,1.0,2.9532817977740295
5,P4,P4 / M5,5,source_pretrained_mlp,sample,3519,106,5,10000,0.990295771664626,89.96687930264228,52.572991671769515,0.0,0.1835831294439314
5,P4,P4 / M5,5,source_pretrained_mlp,sample,3566,108,4,2000,0.9732258774398423,167.69013756292532,94.03203974451337,0.0,0.15940946392391592
5,P4,P4 / M5,5,source_pretrained_mlp,sample,3751,113,6,0,0.9687833626157825,201.8987677460957,109.71376167933145,1.0,0.23178753575409636
5,P4,P4 / M5,5,source_pretrained_mlp,sample,3772,114,4,10000,0.9108464680744977,298.47963909242554,190.2657957315445,1.0,0.16187761867391978
5,P4,P4 / M5,5,source_pretrained_mlp,sample,3805,115,4,10000,0.989627979557658,104.96129150346789,65.1737672404239,0.0,0.29440284244248066
5,P4,P4 / M5,5,source_pretrained_mlp,sample,3828,116,4,0,0.9036409102730149,346.96288653089243,164.51382358372211,1.0,0.6757991140758934
5,P4,P4 / M5,5,source_pretrained_mlp,sample,3858,116,6,8000,0.9855773072899978,128.0800711849753,99.05206995851853,0.0,1.6895749836791984
5,P4,P4 / M5,5,source_pretrained_mlp,sample,3919,118,6,3000,0.975307976743325,169.120053413115,87.67329266492058,0.0,0.4116562358683181
5,P4,P4 / M5,5,source_pretrained_mlp,sample,4048,122,6,0,0.8768573120234724,388.31940146890713,192.4448933005333,1.0,0.06739288138024865
5,P4,P4 / M5,5,source_pretrained_mlp,sample,4188,126,6,8000,0.9766163699927932,159.19827692869114,102.77640508641215,0.0,0.45581052529222726
5,P4,P4 / M5,5,source_pretrained_mlp,sample,4189,126,6,9000,0.9432408799727512,247.45828863088576,163.41951073540582,0.0,0.5010142029179956
5,P4,P4 / M5,5,source_pretrained_mlp,sample,4193,127,4,2000,0.9764591481749626,153.27798823434384,100.90652217183795,0.0,0.39655490034561147
5,P4,P4 / M5,5,source_pretrained_mlp,sample,4225,128,4,1000,0.8598012415489849,417.57840219766763,275.0817044079304,1.0,1.7949134842970238
5,P4,P4 / M5,5,source_pretrained_mlp,sample,4448,134,6,4000,0.9642002822136976,193.58925666305547,104.84071050371442,0.0,0.15950239021732326
5,P4,P4 / M5,5,source_pretrained_mlp,sample,4461,135,4,6000,0.8533317650373129,384.1802458156656,231.36114069074392,0.0,0.39466816336863486
5,P4,P4 / M5,5,source_pretrained_mlp,sample,4524,137,4,3000,0.9877066567247469,113.79215481063281,66.60324468110737,0.0,0.47657025779738366
5,P4,P4 / M5,5,source_pretrained_mlp,sample,4565,138,5,0,0.8531393074084969,400.33280513619263,231.22768681927732,1.0,1.2713662795558347
5,P4,P4 / M5,5,source_pretrained_mlp,sample,4607,139,5,9000,0.9726921657480844,147.68346833390572,106.03686820983887,1.0,3.8802282485975237
5,P4,P4 / M5,5,source_pretrained_mlp,sample,4647,140,6,5000,0.8887630501250591,337.0868769131006,181.61420488357544,0.0,0.11794830237760075
5,P4,P4 / M5,5,source_pretrained_mlp,sample,4717,142,6,9000,0.9272889996041842,268.4026646336349,135.07767248153687,1.0,1.2716143991342341
5,P4,P4 / M5,5,source_pretrained_mlp,sample,4776,144,6,2000,0.932741583985616,263.47214512087027,150.22513856671074,0.0,0.1852144946134572
5,P4,P4 / M5,5,source_pretrained_mlp,sample,4792,145,4,7000,0.966443661485089,184.4086882151243,106.05509188061669,1.0,0.2945126418800371
5,P4,P4 / M5,5,source_pretrained_mlp,sample,4826,146,4,8000,0.9708884524191304,167.84721372870223,90.85237307133882,1.0,0.6437472582537642
5,P4,P4 / M5,5,source_pretrained_mlp,sample,4849,146,6,9000,0.9097788652824785,302.21215685019104,198.63563495090133,0.0,0.45803077370505957
5,P4,P4 / M5,5,source_pretrained_mlp,sample,4869,147,5,7000,0.9291388463250932,242.81459121297667,128.76268348486528,0.0,0.5466078374030673
5,P4,P4 / M5,5,source_pretrained_mlp,sample,4877,147,6,4000,0.9969975991946829,58.92334938882804,34.07900356102295,1.0,0.4457009629253954
5,P4,P4 / M5,5,source_pretrained_mlp,sample,4929,149,5,1000,0.9704386094304764,171.38223265398102,100.56031932328877,0.0,0.25506707286696817
5,P4,P4 / M5,5,source_pretrained_mlp,sample,4949,149,6,10000,0.9815683290724533,141.8386265676353,97.0173444888171,1.0,0.7758105320328588
5,P4,P4 / M5,5,source_pretrained_mlp,sample,5043,152,6,5000,0.9415950849320106,237.68361515263814,114.51337491382252,0.0,0.47012750796047953
5,P4,P4 / M5,5,source_pretrained_mlp,sample,5101,154,5,8000,0.8505768329441262,335.6651331090867,180.39435132026674,1.0,0.2446768814653239
5,P4,P4 / M5,5,source_pretrained_mlp,sample,5112,154,6,8000,0.9670874735363787,182.2675264513488,99.0878153528486,0.0,0.2833885593753891
5,P4,P4 / M5,5,source_pretrained_mlp,sample,5144,155,6,7000,0.773434673252616,485.45824166985204,318.58131673461514,1.0,0.74086825206514
5,P4,P4 / M5,5,source_pretrained_mlp,sample,5316,161,4,3000,0.8218476103247828,415.31747533884976,241.639208505551,1.0,0.4335507956741272
5,P4,P4 / M5,5,source_pretrained_mlp,sample,5381,163,4,2000,0.9981367081384225,46.74346882309013,32.013587825438556,0.0,0.4809075953176422
5,P4,P4 / M5,5,source_pretrained_mlp,sample,5384,163,4,5000,0.9343409037230098,252.25974178921248,134.94247204607183,1.0,0.6595585886449001
5,P4,P4 / M5,5,source_pretrained_mlp,sample,5414,164,4,2000,0.8907177371326762,349.75813255347805,206.11840344877805,1.0,0.32628866338222096
5,P4,P4 / M5,5,source_pretrained_mlp,sample,5534,167,6,1000,0.9555167922274732,234.97755708947676,159.38732542310441,0.0,1.9335002193604223
5,P4,P4 / M5,5,source_pretrained_mlp,sample,5617,170,4,7000,0.9808459199795522,142.59741614884328,82.24186656210158,1.0,0.148020539832625
5,P4,P4 / M5,5,source_pretrained_mlp,sample,5658,171,5,4000,0.9220483387450149,264.68587764903026,161.50631801287332,1.0,0.33873949423599564
5,P4,P4 / M5,5,source_pretrained_mlp,sample,5694,172,5,7000,0.9455851360032529,216.56772702628936,120.87617785590035,0.0,0.2917317658157638
5,P4,P4 / M5,5,source_pretrained_mlp,sample,5816,176,4,8000,0.9834203076303084,125.6309164142602,87.52136181649708,0.0,0.9005845637274544
5,P4,P4 / M5,5,source_pretrained_mlp,sample,5841,177,4,0,0.9402622019463579,277.943701861325,186.80041065216065,0.0,0.17700794783910112
5,P4,P4 / M5,5,source_pretrained_mlp,sample,5843,177,4,2000,0.9332614750558206,264.88949340517,129.54779350600745,1.0,0.26103888637457
5,P4,P4 / M5,5,source_pretrained_mlp,sample,5858,177,5,6000,-6.091986608522252,2521.6807041726074,942.3533582825214,5.0,0.5663099182007902
5,P4,P4 / M5,5,source_pretrained_mlp,sample,5887,178,5,2000,0.9567400584487521,211.94030603073998,118.10388408209148,1.0,0.26018359093686333
5,P4,P4 / M5,5,source_pretrained_mlp,sample,6248,189,5,0,0.98946716899995,109.39089339837021,69.69450581774993,0.0,1.5076085514044453
5,P4,P4 / M5,5,source_pretrained_mlp,sample,6299,190,6,7000,0.9701401948186261,173.134637389129,111.19832086170975,0.0,1.0160220821641837
5,P4,P4 / M5,5,source_pretrained_mlp,sample,6359,192,6,1000,0.8112016201043937,460.07822836359844,250.3900182247162,0.0,0.7328517400783098
5,P4,P4 / M5,5,source_pretrained_mlp,sample,6407,194,4,5000,0.86951183707018,344.52210283785223,195.19798324419105,1.0,0.4091014075633273
5,P4,P4 / M5,5,source_pretrained_mlp,sample,6425,194,6,1000,0.8690173650664053,384.40810883053865,207.5696812947591,1.0,0.3266363810858695
5,P4,P4 / M5,5,source_pretrained_mlp,sample,6466,195,6,9000,0.9944068305506126,76.01328005807021,47.361656581654266,0.0,0.5263317473428011
5,P4,P4 / M5,5,source_pretrained_mlp,sample,6743,204,5,0,0.9717831410289772,175.14859819804528,111.71160500248273,1.0,0.14658636496916394
5,P4,P4 / M5,5,source_pretrained_mlp,sample,6752,204,5,9000,-3.8068752146542195,1934.6761194147316,980.2175525256565,3.0,1.1025104709420135
5,P4,P4 / M5,5,source_pretrained_mlp,sample,6762,204,6,8000,0.9668120403987664,187.14104919429272,119.64144402162896,1.0,0.8132943075773233
5,P4,P4 / M5,5,source_pretrained_mlp,sample,6839,207,4,8000,0.990581280850579,97.43392348889135,63.32729482650757,0.0,0.34591831614897484
5,P4,P4 / M5,5,source_pretrained_mlp,sample,6878,208,5,3000,0.8346098230256216,397.1638371486342,264.3713072977568,1.0,0.4906291983961482
5,P4,P4 / M5,5,source_pretrained_mlp,sample,6970,211,4,7000,0.37204671948165446,780.5329597119008,460.84087946414945,11.0,11.36207974911515
5,P4,P4 / M5,5,source_pretrained_mlp,sample,6983,211,5,9000,-6266.787700281739,71286.97251543979,33799.84997951417,13.0,2923.300472277871
5,P4,P4 / M5,5,source_pretrained_mlp,sample,6987,211,6,2000,0.7862620843606641,472.32621344228653,270.9593422369737,1.0,0.24159147834761296
5,P4,P4 / M5,5,source_pretrained_mlp,sample,7035,213,4,6000,0.9918215214722614,89.72935218692173,53.123928645077875,0.0,0.31035222540985635
5,P4,P4 / M5,5,source_pretrained_mlp,sample,7063,214,4,1000,0.9344533769632002,250.8402152288057,123.3710526738848,0.0,0.2076117738801919
5,P4,P4 / M5,5,source_pretrained_mlp,sample,7090,214,6,6000,0.9954136215039933,69.46740544579956,43.53658230164472,0.0,0.4357084407849896
5,P4,P4 / M5,5,source_pretrained_mlp,sample,7141,216,5,2000,0.9662598463997578,179.98448522397388,102.83584867715835,0.0,0.09051864596854105
5,P4,P4 / M5,5,source_pretrained_mlp,sample,7214,218,5,9000,-15175.19637213883,105749.59206371386,71457.41835659246,5.0,3248.1127097636772
5,P4,P4 / M5,5,source_pretrained_mlp,sample,7257,219,6,8000,-3997.393711529708,63597.18750952688,36534.91671334373,9.0,2721.9048443249803
5,P4,P4 / M5,5,source_pretrained_mlp,sample,7309,221,5,5000,0.9621141637098881,176.61255888122648,116.5294161493128,0.0,1.3628430590001952
5,P4,P4 / M5,5,source_pretrained_mlp,sample,7333,222,4,7000,-0.1461300046345042,1054.6581504037752,785.6826203998767,0.0,35.49785464013596
5,P4,P4 / M5,5,source_pretrained_mlp,sample,7411,224,5,8000,-3201.6317729989564,51688.88777958777,18341.109638017417,12.0,2509.6212951368734
5,P4,P4 / M5,5,source_pretrained_mlp,sample,7422,224,6,8000,0.8191851057917603,441.97259067172456,262.84349033236504,1.0,2.098184129671698
5,P4,P4 / M5,5,source_pretrained_mlp,sample,7439,225,5,3000,0.7648785044271201,469.2367496033737,299.9796007037163,0.0,0.7082520547824018
5,P4,P4 / M5,5,source_pretrained_mlp,sample,7451,225,6,4000,0.9544837210022802,223.19011366623351,152.76039437686697,1.0,0.47206853436334273
5,P4,P4 / M5,5,source_pretrained_mlp,sample,7578,229,5,10000,-1.472970709275614,1364.995807427959,477.0712165605454,5.0,2.439995705654783
5,P4,P4 / M5,5,source_pretrained_mlp,sample,7764,235,4,9000,-8448.123301499734,89368.58737049981,53899.130634508634,12.0,3256.7767453782417
5,P4,P4 / M5,5,source_pretrained_mlp,sample,7785,235,6,8000,-1386.6197614339594,38361.37293264037,9225.603391223483,10.0,1629.1780117982519
5,P4,P4 / M5,5,source_pretrained_mlp,sample,7869,238,5,4000,0.600613362447339,584.3442679825985,378.0936240241641,1.0,1.1603378285969403
5,P4,P4 / M5,5,source_pretrained_mlp,sample,7884,238,6,8000,0.49157263697949605,728.631097328549,544.2209476022159,1.0,7.901642997846515
5,P4,P4 / M5,5,source_pretrained_mlp,sample,7923,240,4,3000,0.846167104423877,388.7056333063105,227.5961776532625,1.0,0.2231576361182478
5,P4,P4 / M5,5,source_pretrained_mlp,sample,7931,240,5,0,0.9801629339412294,151.62336986240373,92.84031996130943,1.0,0.29783161321568175
5,P4,P4 / M5,5,source_pretrained_mlp,sample,7948,240,6,6000,0.9513742476677873,228.63367461896286,148.71587382157642,0.0,0.5265203326951275
5,P4,P4 / M5,5,source_pretrained_mlp,sample,7971,241,5,7000,0.9734506819143979,144.68107122331605,84.73919573660136,0.0,0.4613151555907006
5,P4,P4 / M5,5,source_pretrained_mlp,sample,8015,242,6,7000,0.995517067695754,69.47601102098373,46.996152372921216,0.0,0.5621386519778392
5,P4,P4 / M5,5,source_pretrained_mlp,sample,8259,250,4,9000,0.9567897856788157,200.8930215432392,143.07354395013107,1.0,1.6481041002946046
5,P4,P4 / M5,5,source_pretrained_mlp,sample,8325,252,4,9000,0.9742793531745294,163.1623197521555,87.77926075458527,0.0,0.1751921680215212
5,P4,P4 / M5,5,source_pretrained_mlp,sample,8330,252,5,3000,0.8600233467169075,358.570651318481,178.47717439804387,1.0,0.16269049120170873
5,P4,P4 / M5,5,source_pretrained_mlp,sample,8407,254,6,3000,0.6929805183104172,580.6465038933496,311.6222707600821,2.0,0.22169104476956422
5,P4,P4 / M5,5,source_pretrained_mlp,sample,8441,255,6,4000,0.987630642682842,123.4680836791217,83.57539243168301,0.0,0.8203093645007912
5,P4,P4 / M5,5,proposed_prior_regularized,sample,33,1,4,0,0.9401801317434831,246.33812750517757,148.57346627825783,1.0,0.06948844842899685
5,P4,P4 / M5,5,proposed_prior_regularized,sample,34,1,4,1000,0.9613412895403606,199.23805203559385,121.73021466732025,0.0,0.17187029740436852
5,P4,P4 / M5,5,proposed_prior_regularized,sample,107,3,4,8000,0.9399331160753066,246.39338588460112,131.75856078863143,1.0,0.06804931518331529
5,P4,P4 / M5,5,proposed_prior_regularized,sample,117,3,5,7000,0.9851532387215362,106.71463448752594,53.21468277772268,0.0,0.31443997382376127
5,P4,P4 / M5,5,proposed_prior_regularized,sample,166,5,4,1000,0.9552086183128641,214.0046995125114,116.79640090465546,1.0,0.16766554694968483
5,P4,P4 / M5,5,proposed_prior_regularized,sample,279,8,5,4000,0.9567285023108769,204.80320971975385,114.62713649537828,0.0,0.49159859828775937
5,P4,P4 / M5,5,proposed_prior_regularized,sample,281,8,5,6000,0.9642356738605492,174.65243136254793,96.10140398570469,0.0,0.27048755371208244
5,P4,P4 / M5,5,proposed_prior_regularized,sample,363,11,4,0,0.9714088482733623,190.1165275153797,106.11935052275658,1.0,0.3560006297179944
5,P4,P4 / M5,5,proposed_prior_regularized,sample,389,11,6,4000,0.9495389055115622,243.0253540216199,133.6151007203495,1.0,0.2174943293703316
5,P4,P4 / M5,5,proposed_prior_regularized,sample,423,12,6,5000,0.9887629826303524,111.43911579628464,68.72802268831353,1.0,0.1505746196311542
5,P4,P4 / M5,5,proposed_prior_regularized,sample,621,18,6,5000,0.9224981838811508,291.72886920220094,175.62299397117212,1.0,0.24090646223204756
5,P4,P4 / M5,5,proposed_prior_regularized,sample,642,19,5,4000,0.967164473049796,174.20500790076315,102.16816480954488,0.0,0.08799083352481886
5,P4,P4 / M5,5,proposed_prior_regularized,sample,694,21,4,1000,0.9834218000697257,141.8027375790031,84.33541248738766,0.0,0.1631934421734134
5,P4,P4 / M5,5,proposed_prior_regularized,sample,695,21,4,2000,0.9890995708145336,116.98598683248481,73.16142289340496,0.0,0.20146583907538237
5,P4,P4 / M5,5,proposed_prior_regularized,sample,782,23,6,1000,0.9286184175557196,303.06571567904155,208.63681316375732,1.0,0.6583849648111655
5,P4,P4 / M5,5,proposed_prior_regularized,sample,881,26,6,1000,0.9983167091779305,45.74662876442632,31.6544521600008,0.0,0.20224933018524097
5,P4,P4 / M5,5,proposed_prior_regularized,sample,990,30,4,0,0.9693885182724081,192.9158587428729,110.77955401644988,1.0,0.07009482078377993
5,P4,P4 / M5,5,proposed_prior_regularized,sample,997,30,4,7000,0.9237401038807256,281.7721976444115,165.76751970109484,1.0,0.6016306142808239
5,P4,P4 / M5,5,proposed_prior_regularized,sample,1035,31,5,1000,0.9900240333780199,105.96380036035856,61.84299436211586,1.0,0.1603509342659648
5,P4,P4 / M5,5,proposed_prior_regularized,sample,1054,31,6,9000,0.9941327597630205,76.01563662832905,40.24581304050627,1.0,0.26092080685740693
5,P4,P4 / M5,5,proposed_prior_regularized,sample,1056,32,4,0,0.9739190238935984,172.83634996932142,90.1423455664986,1.0,0.1336894142178935
5,P4,P4 / M5,5,proposed_prior_regularized,sample,1070,32,5,3000,0.9778214503219158,151.98095779392895,91.63100429585106,0.0,0.07370386702594889
5,P4,P4 / M5,5,proposed_prior_regularized,sample,1107,33,5,7000,0.9148561126897089,276.4967605567743,189.89556311368943,0.0,0.3851737543598003
5,P4,P4 / M5,5,proposed_prior_regularized,sample,1168,35,5,2000,0.96409781538907,188.38381144927513,123.18301326350162,1.0,0.10953200003605416
5,P4,P4 / M5,5,proposed_prior_regularized,sample,1224,37,4,3000,0.9525129394315252,220.72517217850216,122.37153723965521,0.0,0.32966475675164164
5,P4,P4 / M5,5,proposed_prior_regularized,sample,1273,38,5,8000,0.9560711644951206,194.42663968005522,114.71310267241105,1.0,0.7523332733756021
5,P4,P4 / M5,5,proposed_prior_regularized,sample,1296,39,4,9000,0.9875534117466526,114.5026652142121,66.71580610777202,1.0,0.3918321271102663
5,P4,P4 / M5,5,proposed_prior_regularized,sample,1389,42,4,3000,0.9205782635172006,297.89329569026296,195.06463375356464,0.0,0.7134519490267408
5,P4,P4 / M5,5,proposed_prior_regularized,sample,1442,43,6,1000,0.9821018686469969,148.25352061859175,98.29338401556015,0.0,0.5143148997670227
5,P4,P4 / M5,5,proposed_prior_regularized,sample,1467,44,5,4000,0.995065663212116,67.7420726578303,35.724394191395156,0.0,0.3074090460744008
5,P4,P4 / M5,5,proposed_prior_regularized,sample,1576,47,6,3000,0.9131291110704773,314.1187268952232,193.57140340805054,1.0,0.0867302288231748
5,P4,P4 / M5,5,proposed_prior_regularized,sample,1632,49,5,4000,0.9751629392115729,156.12177200062393,89.45875445604324,0.0,0.19859951813839735
5,P4,P4 / M5,5,proposed_prior_regularized,sample,1736,52,5,9000,0.9840275243631142,114.49203314037916,67.39514238938041,0.0,0.36682868536486557
5,P4,P4 / M5,5,proposed_prior_regularized,sample,1867,56,5,8000,0.9128746979260695,278.3089602239938,173.17904198737372,1.0,0.4292919518713012
5,P4,P4 / M5,5,proposed_prior_regularized,sample,2061,62,5,4000,0.9361078676848983,241.98557096497998,147.5101692158243,1.0,0.20656828599685345
5,P4,P4 / M5,5,proposed_prior_regularized,sample,2192,66,5,3000,0.9476546001958084,223.20821248991496,130.11962095896402,0.0,0.31637411420448364
5,P4,P4 / M5,5,proposed_prior_regularized,sample,2237,67,6,4000,0.9429361605545459,243.649290204488,152.90178962187335,1.0,1.0244695534223343
5,P4,P4 / M5,5,proposed_prior_regularized,sample,2276,68,6,10000,0.848594582976065,389.11985078676474,237.20429807617552,1.0,0.28210113075632315
5,P4,P4 / M5,5,proposed_prior_regularized,sample,2296,69,5,8000,0.9911194369829224,87.66071810719914,43.29880826369576,0.0,0.26565179941499034
5,P4,P4 / M5,5,proposed_prior_regularized,sample,2319,70,4,9000,0.9701102301356357,176.71713332367554,106.74618779420852,1.0,0.3592980977656959
5,P4,P4 / M5,5,proposed_prior_regularized,sample,2345,71,4,2000,0.9931533473742908,88.89725888649531,50.80041366153293,1.0,0.3740975095508158
5,P4,P4 / M5,5,proposed_prior_regularized,sample,2388,72,5,1000,0.9843083984966043,136.16511348667146,74.57143205754898,0.0,0.2814707429765074
5,P4,P4 / M5,5,proposed_prior_regularized,sample,2424,73,5,4000,0.9668013834764653,180.9432396287554,90.59235673859006,1.0,0.24661227767859784
5,P4,P4 / M5,5,proposed_prior_regularized,sample,2508,76,4,0,0.9886421153510387,117.9415847351255,59.73220386770036,0.0,0.1496320241175304
5,P4,P4 / M5,5,proposed_prior_regularized,sample,2546,77,4,5000,0.9716015192568549,176.12216316510174,93.96642321034481,0.0,0.06308994056620998
5,P4,P4 / M5,5,proposed_prior_regularized,sample,2573,77,6,10000,0.9616258929893573,202.02336762397871,122.18272929191589,0.0,0.16223631195564156
5,P4,P4 / M5,5,proposed_prior_regularized,sample,2692,81,5,8000,0.9456272243652389,221.56794837450605,129.02880973815917,0.0,0.33356323844519736
5,P4,P4 / M5,5,proposed_prior_regularized,sample,2711,82,4,5000,0.9958381711636375,70.6261574330028,42.44733017683029,0.0,0.26580164538616446
5,P4,P4 / M5,5,proposed_prior_regularized,sample,2720,82,5,3000,0.9338265048600611,255.9489053161327,136.4611957300277,0.0,0.24991013908784548
5,P4,P4 / M5,5,proposed_prior_regularized,sample,2747,83,4,8000,0.8893651108956901,336.2177778061717,205.20610835552216,1.0,0.1249827469819343
5,P4,P4 / M5,5,proposed_prior_regularized,sample,2857,86,5,8000,0.9497099075564244,210.058305920398,109.42238479310817,1.0,0.20228540935312145
5,P4,P4 / M5,5,proposed_prior_regularized,sample,2858,86,5,9000,0.9623620885511722,176.98603480497454,108.29426742593448,0.0,0.16428593085654355
5,P4,P4 / M5,5,proposed_prior_regularized,sample,3158,95,6,1000,0.9513233268770613,245.4204690126436,155.06144195444443,0.0,0.20050662054666998
5,P4,P4 / M5,5,proposed_prior_regularized,sample,3159,95,6,2000,0.994010263510866,86.3246420476325,57.90223906934261,0.0,0.5580270817821184
5,P4,P4 / M5,5,proposed_prior_regularized,sample,3236,98,4,2000,0.94359400192966,254.32700360131713,142.53176282511816,1.0,0.046021688510238155
5,P4,P4 / M5,5,proposed_prior_regularized,sample,3266,98,6,10000,0.9916942990176761,95.26565533650822,53.84151649475098,1.0,0.2981801410108768
5,P4,P4 / M5,5,proposed_prior_regularized,sample,3331,100,6,9000,0.9781511106788443,154.59078823631287,91.17675874233245,1.0,0.32314805880269715
5,P4,P4 / M5,5,proposed_prior_regularized,sample,3332,100,6,10000,0.9605946840811407,211.6930962208398,125.53159150812361,0.0,0.43100662397469924
5,P4,P4 / M5,5,proposed_prior_regularized,sample,3337,101,4,4000,0.9791513215934224,145.11548128662267,86.19366968761791,0.0,0.15106953923311972
5,P4,P4 / M5,5,proposed_prior_regularized,sample,3474,105,4,9000,0.9127188630421477,294.46752209724383,146.2910200357437,1.0,0.3094365771086553
5,P4,P4 / M5,5,proposed_prior_regularized,sample,3485,105,5,9000,0.9888436310354423,96.25085680140766,49.30699604490529,0.0,0.3400544475767846
5,P4,P4 / M5,5,proposed_prior_regularized,sample,3492,105,6,5000,0.8877766531768955,350.6041492643596,211.26882554292678,1.0,0.09893236173327569
5,P4,P4 / M5,5,proposed_prior_regularized,sample,3500,106,4,2000,0.9010362542505341,325.82699060414285,197.79013047218322,1.0,0.05013638781094374
5,P4,P4 / M5,5,proposed_prior_regularized,sample,3514,106,5,5000,0.8855161367254885,338.3837832770539,220.03251483565882,0.0,0.604522762056714
5,P4,P4 / M5,5,proposed_prior_regularized,sample,3519,106,5,10000,0.9952836934929095,62.719583221035045,38.58855250607366,0.0,0.3436047260654376
5,P4,P4 / M5,5,proposed_prior_regularized,sample,3566,108,4,2000,0.9876156432108673,114.04772465265323,73.26587948345002,0.0,0.2554139640346785
5,P4,P4 / M5,5,proposed_prior_regularized,sample,3751,113,6,0,0.9951042222021581,79.95607335393778,49.34560704231262,0.0,0.3439640576629472
5,P4,P4 / M5,5,proposed_prior_regularized,sample,3772,114,4,10000,0.872154304300754,357.4279331754661,214.45602889060973,1.0,0.35872274915444874
5,P4,P4 / M5,5,proposed_prior_regularized,sample,3805,115,4,10000,0.9469754916105996,237.32080302330684,153.04436875644484,1.0,0.296074094611052
5,P4,P4 / M5,5,proposed_prior_regularized,sample,3828,116,4,0,0.988935326713881,117.57256019544674,72.0056740641594,0.0,0.14459560381689393
5,P4,P4 / M5,5,proposed_prior_regularized,sample,3858,116,6,8000,0.8935192336838266,348.01179939176455,232.00179725534775,1.0,0.6757318327360206
5,P4,P4 / M5,5,proposed_prior_regularized,sample,3919,118,6,3000,0.9473976868512584,246.84207563492913,136.58456735049978,1.0,0.1953528978383239
5,P4,P4 / M5,5,proposed_prior_regularized,sample,4048,122,6,0,0.9522765172260073,241.74129266586766,157.0091851502657,0.0,0.1583356275505461
5,P4,P4 / M5,5,proposed_prior_regularized,sample,4188,126,6,8000,0.8299379670372125,429.3249032738536,267.6790733758141,1.0,0.5755184599674098
5,P4,P4 / M5,5,proposed_prior_regularized,sample,4189,126,6,9000,0.9378842011709781,258.8720814472364,159.46369381745657,0.0,0.6997355414017046
5,P4,P4 / M5,5,proposed_prior_regularized,sample,4193,127,4,2000,0.9546905122443492,212.6489687725408,129.97433128811065,1.0,0.18742143023738186
5,P4,P4 / M5,5,proposed_prior_regularized,sample,4225,128,4,1000,0.938512431305195,276.54104824371393,162.70127320289612,0.0,0.14405373647744918
5,P4,P4 / M5,5,proposed_prior_regularized,sample,4448,134,6,4000,0.9656228541024316,189.70394368353064,104.13444172768365,0.0,0.20956207970231788
5,P4,P4 / M5,5,proposed_prior_regularized,sample,4461,135,4,6000,0.9877897753274112,110.8482458472623,65.81128166913986,0.0,0.21088134085088545
5,P4,P4 / M5,5,proposed_prior_regularized,sample,4524,137,4,3000,0.9921102873715882,91.16075418265245,52.35549951854505,1.0,0.25714174395086925
5,P4,P4 / M5,5,proposed_prior_regularized,sample,4565,138,5,0,0.9944112298145271,78.09559164095869,44.014382249430604,0.0,0.29856903014528874
5,P4,P4 / M5,5,proposed_prior_regularized,sample,4607,139,5,9000,0.9099405766550274,268.19633266952803,133.4920162296295,0.0,0.20757741039963182
5,P4,P4 / M5,5,proposed_prior_regularized,sample,4647,140,6,5000,0.9238730517898778,278.8601903214455,169.97573041915894,1.0,0.07304604448412987
5,P4,P4 / M5,5,proposed_prior_regularized,sample,4717,142,6,9000,0.8660394960043278,364.3134033324495,218.2378178715706,1.0,0.15787440405439174
5,P4,P4 / M5,5,proposed_prior_regularized,sample,4776,144,6,2000,0.8824225451766948,348.35609794707204,214.06001420454547,1.0,0.09110929610776605
5,P4,P4 / M5,5,proposed_prior_regularized,sample,4792,145,4,7000,0.9826655404639009,132.54069630204438,71.97034467969623,1.0,0.17460681680131138
5,P4,P4 / M5,5,proposed_prior_regularized,sample,4826,146,4,8000,0.978032914131918,145.80342083782747,89.10353480214658,1.0,0.40605111012033923
5,P4,P4 / M5,5,proposed_prior_regularized,sample,4849,146,6,9000,0.9592269840830269,203.16280776627062,104.11413866595218,1.0,0.4864116995809609
5,P4,P4 / M5,5,proposed_prior_regularized,sample,4869,147,5,7000,0.9392455910523552,224.83274950005452,117.89700170185255,1.0,0.3868162777694002
5,P4,P4 / M5,5,proposed_prior_regularized,sample,4877,147,6,4000,0.9616682470155715,210.53893997210713,115.80066208044688,1.0,0.18564208733668322
5,P4,P4 / M5,5,proposed_prior_regularized,sample,4929,149,5,1000,0.93011246593189,263.5137157876165,171.08834703345048,0.0,0.17397290962186118
5,P4,P4 / M5,5,proposed_prior_regularized,sample,4949,149,6,10000,0.6885519039264519,583.0489310116766,333.6386122002321,2.0,1.4060424345110827
5,P4,P4 / M5,5,proposed_prior_regularized,sample,5043,152,6,5000,0.9665938059638924,179.7579247919231,99.47415032170035,0.0,0.2753805605155306
5,P4,P4 / M5,5,proposed_prior_regularized,sample,5101,154,5,8000,0.9285532850144815,232.1070841551235,144.96422918319703,0.0,0.5475735540060889
5,P4,P4 / M5,5,proposed_prior_regularized,sample,5112,154,6,8000,0.8744996969393721,355.91892124695806,216.41571869168962,1.0,0.31476909028563244
5,P4,P4 / M5,5,proposed_prior_regularized,sample,5144,155,6,7000,0.9423114817853203,244.96263618450286,143.08476179524473,1.0,0.19364472198163568
5,P4,P4 / M5,5,proposed_prior_regularized,sample,5316,161,4,3000,0.9525530346264032,214.33278132353936,118.54287993907928,0.0,0.5056318523096144
5,P4,P4 / M5,5,proposed_prior_regularized,sample,5381,163,4,2000,0.9554029238074572,228.6828985010142,125.53908726748298,1.0,0.20218875110621343
5,P4,P4 / M5,5,proposed_prior_regularized,sample,5384,163,4,5000,0.8867511649911116,331.29689683286784,187.48415180769834,1.0,0.30093987488903834
5,P4,P4 / M5,5,proposed_prior_regularized,sample,5414,164,4,2000,0.9737768413273192,171.33081598607322,108.44992357141831,0.0,0.1815971603321516
5,P4,P4 / M5,5,proposed_prior_regularized,sample,5534,167,6,1000,0.8429295422904497,441.5456293858703,279.87969405310497,1.0,0.5986641412424615
5,P4,P4 / M5,5,proposed_prior_regularized,sample,5617,170,4,7000,0.9860404290716223,121.73544351500746,76.28335829575856,0.0,0.13797769863882403
5,P4,P4 / M5,5,proposed_prior_regularized,sample,5658,171,5,4000,0.9642198032460806,179.32442409816025,101.53013448488144,0.0,0.10882438995192521
5,P4,P4 / M5,5,proposed_prior_regularized,sample,5694,172,5,7000,0.9803658451555382,130.08914828094044,72.33831630434308,0.0,0.253597131045211
5,P4,P4 / M5,5,proposed_prior_regularized,sample,5816,176,4,8000,0.9806218094380869,135.82036863760817,72.33806145758857,1.0,0.1302955555422659
5,P4,P4 / M5,5,proposed_prior_regularized,sample,5841,177,4,0,0.9693295125303318,199.1556224095137,126.5593965212504,1.0,0.4325106880447429
5,P4,P4 / M5,5,proposed_prior_regularized,sample,5843,177,4,2000,0.9123047906566842,303.643763417252,175.39006127809225,1.0,0.07823773215912609
5,P4,P4 / M5,5,proposed_prior_regularized,sample,5858,177,5,6000,0.9834658753707008,121.75778678766643,78.88512849807739,0.0,0.3057496324583143
5,P4,P4 / M5,5,proposed_prior_regularized,sample,5887,178,5,2000,0.991821935670698,92.15010918822516,58.949733884711016,0.0,0.2636111350062977
5,P4,P4 / M5,5,proposed_prior_regularized,sample,6248,189,5,0,0.8921517474777871,350.0379788713442,232.23407056752373,1.0,0.4913427193835265
5,P4,P4 / M5,5,proposed_prior_regularized,sample,6299,190,6,7000,0.9650573039019632,187.29176497813097,101.99903980054353,1.0,0.15489932581592236
5,P4,P4 / M5,5,proposed_prior_regularized,sample,6359,192,6,1000,0.9417232149034582,255.61147318153536,150.26712003350258,1.0,0.39966475218382946
5,P4,P4 / M5,5,proposed_prior_regularized,sample,6407,194,4,5000,0.9911709820824085,89.61644872670023,46.357578723326974,0.0,0.19298882444232912
5,P4,P4 / M5,5,proposed_prior_regularized,sample,6425,194,6,1000,0.8391686917889478,425.9621163747135,237.84978799819947,1.0,0.5299567793361989
5,P4,P4 / M5,5,proposed_prior_regularized,sample,6466,195,6,9000,0.9734154219764763,165.72017010078264,107.98812661451451,0.0,0.9446580049127498
5,P4,P4 / M5,5,proposed_prior_regularized,sample,6743,204,5,0,0.996575871186286,61.01370235953125,33.26039961973826,1.0,0.12346121049041413
5,P4,P4 / M5,5,proposed_prior_regularized,sample,6752,204,5,9000,0.955384442842858,186.3888837179164,96.98238899594261,1.0,0.4979199752163625
5,P4,P4 / M5,5,proposed_prior_regularized,sample,6762,204,6,8000,0.9280495805411955,275.5468487718499,170.68691272205777,0.0,0.41219489890245886
5,P4,P4 / M5,5,proposed_prior_regularized,sample,6839,207,4,8000,0.972656720228017,166.0120340037566,106.02226293087006,1.0,0.4450061267814442
5,P4,P4 / M5,5,proposed_prior_regularized,sample,6878,208,5,3000,0.9872451630971272,110.29410395734828,76.19954267301057,0.0,0.3566536378477025
5,P4,P4 / M5,5,proposed_prior_regularized,sample,6970,211,4,7000,0.9504978099559122,219.14914801540954,127.96276204586029,0.0,0.18790173888650621
5,P4,P4 / M5,5,proposed_prior_regularized,sample,6983,211,5,9000,0.987052482263659,102.45809798926045,63.385982854025706,0.0,0.5443620648146635
5,P4,P4 / M5,5,proposed_prior_regularized,sample,6987,211,6,2000,0.9031273807422374,317.9814498978951,208.23712537163183,1.0,0.2679531745440573
5,P4,P4 / M5,5,proposed_prior_regularized,sample,7035,213,4,6000,0.9350990402005457,252.76901330820775,137.08882724537568,1.0,0.24221847484048548
5,P4,P4 / M5,5,proposed_prior_regularized,sample,7063,214,4,1000,0.9835008979347263,125.84969241486985,73.29513943763007,0.0,0.22377669672967054
5,P4,P4 / M5,5,proposed_prior_regularized,sample,7090,214,6,6000,0.87773831300728,358.66692081522666,228.5285399240606,1.0,0.3981161280267517
5,P4,P4 / M5,5,proposed_prior_regularized,sample,7141,216,5,2000,0.9833461615804663,126.44996571364203,71.2496603488922,0.0,0.1702205365707933
5,P4,P4 / M5,5,proposed_prior_regularized,sample,7214,218,5,9000,0.9741345660069873,138.05658198435827,86.34786182641983,0.0,0.2849019583781219
5,P4,P4 / M5,5,proposed_prior_regularized,sample,7257,219,6,8000,0.9759877274351318,155.8517791455708,93.98274070686765,1.0,0.22213752429636027
5,P4,P4 / M5,5,proposed_prior_regularized,sample,7309,221,5,5000,0.9863117348296703,106.15912950277458,61.547773090275854,0.0,0.7003279910425458
5,P4,P4 / M5,5,proposed_prior_regularized,sample,7333,222,4,7000,0.899971086232249,311.57137332164746,170.3937161345231,1.0,0.14888011946054344
5,P4,P4 / M5,5,proposed_prior_regularized,sample,7411,224,5,8000,0.9538466114249062,196.2209976698459,127.6772391319275,1.0,0.508720376545609
5,P4,P4 / M5,5,proposed_prior_regularized,sample,7422,224,6,8000,0.9232305951186273,287.9866282880936,156.42899051308632,0.0,0.3699767226338551
5,P4,P4 / M5,5,proposed_prior_regularized,sample,7439,225,5,3000,0.9812412172350972,132.54036951677102,71.9549111366272,1.0,0.2706154837919407
5,P4,P4 / M5,5,proposed_prior_regularized,sample,7451,225,6,4000,0.9543039652252694,223.63039767430377,160.19142279905432,1.0,0.5019692442661278
5,P4,P4 / M5,5,proposed_prior_regularized,sample,7578,229,5,10000,0.9676126267486344,156.21031005465696,98.49787081990924,1.0,0.7115211338748125
5,P4,P4 / M5,5,proposed_prior_regularized,sample,7764,235,4,9000,0.9140074971339813,285.1079739926732,156.69134662025854,1.0,0.5313066500734781
5,P4,P4 / M5,5,proposed_prior_regularized,sample,7785,235,6,8000,0.9818237051909017,138.83903387634192,77.18584373262193,0.0,0.25511580542008244
5,P4,P4 / M5,5,proposed_prior_regularized,sample,7869,238,5,4000,0.9783772904304001,135.96498545907951,79.34256748926072,0.0,0.18902513881001815
5,P4,P4 / M5,5,proposed_prior_regularized,sample,7884,238,6,8000,0.9841443882813035,128.67220570674698,66.84612011909485,0.0,0.3382970168212293
5,P4,P4 / M5,5,proposed_prior_regularized,sample,7923,240,4,3000,0.9428866632080752,236.84542184597623,130.35101701083937,1.0,0.15349572577797505
5,P4,P4 / M5,5,proposed_prior_regularized,sample,7931,240,5,0,0.9718034517090707,180.7696005723721,108.77678975462914,0.0,0.23488134568014657
5,P4,P4 / M5,5,proposed_prior_regularized,sample,7948,240,6,6000,0.8447822079439982,408.4865677769071,255.84285980860392,2.0,0.7292083921573826
5,P4,P4 / M5,5,proposed_prior_regularized,sample,7971,241,5,7000,0.9843283493170142,111.15842934750094,58.815246961333536,0.0,0.3957236312543043
5,P4,P4 / M5,5,proposed_prior_regularized,sample,8015,242,6,7000,0.9504238943297096,231.04149678145015,137.80521318491768,1.0,0.5618273853925676
5,P4,P4 / M5,5,proposed_prior_regularized,sample,8259,250,4,9000,0.9460841103190609,224.40370790602952,154.42363854458458,0.0,0.3119560923701235
5,P4,P4 / M5,5,proposed_prior_regularized,sample,8325,252,4,9000,0.8593352840152109,381.5676216462763,233.12832584835235,1.0,0.3411328035215103
5,P4,P4 / M5,5,proposed_prior_regularized,sample,8330,252,5,3000,-0.2036599679411133,1051.474744042836,638.1432486202406,2.0,0.5017299056583348
5,P4,P4 / M5,5,proposed_prior_regularized,sample,8407,254,6,3000,0.945752048441335,244.0734388589892,148.09734075410026,0.0,0.27585321876076413
5,P4,P4 / M5,5,proposed_prior_regularized,sample,8441,255,6,4000,0.9606506291157919,220.21659161709877,131.76126941045126,1.0,0.342586280730059
5,P4,P4 / M5,7,gaussian,sample,33,1,4,0,0.995563014937718,68.9294496542834,36.46845524221018,0.0,0.32750736415122866
5,P4,P4 / M5,7,gaussian,sample,34,1,4,1000,0.9960669463101446,66.27804834676218,37.24462898957857,0.0,0.11057643424437441
5,P4,P4 / M5,7,gaussian,sample,107,3,4,8000,0.9880769620723976,113.30093036754184,65.10927563911294,1.0,0.21923886564422404
5,P4,P4 / M5,7,gaussian,sample,117,3,5,7000,0.976773108946008,137.81921259197642,70.77556476526831,0.0,0.09609400305846799
5,P4,P4 / M5,7,gaussian,sample,166,5,4,1000,0.9899128205961198,103.82462527190172,61.01928382367584,0.0,0.24261679827203944
5,P4,P4 / M5,7,gaussian,sample,279,8,5,4000,0.9815563831975264,138.34650930747023,82.06263027549528,0.0,0.389325511697337
5,P4,P4 / M5,7,gaussian,sample,281,8,5,6000,0.9912620658537105,89.10889861053343,54.22264461890308,1.0,0.33642392290810014
5,P4,P4 / M5,7,gaussian,sample,363,11,4,0,0.9971471868662278,62.20306199934999,35.045910422808724,0.0,0.19224320045567045
5,P4,P4 / M5,7,gaussian,sample,389,11,6,4000,0.9739974555876568,173.5281254956784,114.04112937277172,1.0,0.8800812018616262
5,P4,P4 / M5,7,gaussian,sample,423,12,6,5000,0.9909865949789689,104.00039049083625,47.600597738408915,1.0,0.11606231384245011
5,P4,P4 / M5,7,gaussian,sample,621,18,6,5000,0.995888802010524,70.4716586837333,44.837448104957,0.0,0.2777553561834419
5,P4,P4 / M5,7,gaussian,sample,642,19,5,4000,0.982024421009187,133.58208664876946,71.65162366121494,0.0,0.1830005810448923
5,P4,P4 / M5,7,gaussian,sample,694,21,4,1000,0.9880261687171612,126.0960617506637,74.46787026724856,1.0,0.16725983769037633
5,P4,P4 / M5,7,gaussian,sample,695,21,4,2000,0.9988029812622665,39.7459590316152,24.921772400081217,0.0,0.338501566505674
5,P4,P4 / M5,7,gaussian,sample,782,23,6,1000,0.9783698160269519,167.11262724290765,106.8428619478967,1.0,0.5485231626710224
5,P4,P4 / M5,7,gaussian,sample,881,26,6,1000,0.9987786430404609,40.7631271967727,31.050493021336933,0.0,0.2640394336892066
5,P4,P4 / M5,7,gaussian,sample,990,30,4,0,0.9930078882667106,97.02961132791876,55.507586071559025,0.0,0.19271745218609937
5,P4,P4 / M5,7,gaussian,sample,997,30,4,7000,0.9962486975882359,64.74558147368677,38.027554431924735,1.0,0.371853992682627
5,P4,P4 / M5,7,gaussian,sample,1035,31,5,1000,0.9947576782793569,80.27150845767981,49.21906288695436,0.0,0.35593371744746505
5,P4,P4 / M5,7,gaussian,sample,1054,31,6,9000,0.9897956441083374,103.58413991154116,48.14345851669038,1.0,0.3846792928651976
5,P4,P4 / M5,7,gaussian,sample,1056,32,4,0,0.9868390587317097,128.43433179583457,72.84468243414261,0.0,0.2117112153734335
5,P4,P4 / M5,7,gaussian,sample,1070,32,5,3000,0.9894821859677126,108.06258355393587,64.96977810112138,1.0,0.23714978712782328
5,P4,P4 / M5,7,gaussian,sample,1107,33,5,7000,0.9924195753411963,85.52328576700081,57.07085239147617,0.0,0.3517933941799239
5,P4,P4 / M5,7,gaussian,sample,1168,35,5,2000,0.9869221454062059,118.36643193598027,60.18709382688967,0.0,0.16734795376071696
5,P4,P4 / M5,7,gaussian,sample,1224,37,4,3000,0.9976060097740893,50.752886957699154,27.815706589943147,0.0,0.18829338800643602
5,P4,P4 / M5,7,gaussian,sample,1273,38,5,8000,0.9847112782826322,115.591308459917,69.23203965778647,1.0,0.19006472339462235
5,P4,P4 / M5,7,gaussian,sample,1296,39,4,9000,0.9976153211339495,52.39496635730287,29.82946182264078,0.0,0.2615771357290596
5,P4,P4 / M5,7,gaussian,sample,1389,42,4,3000,0.9984413052903728,43.679777485217926,23.807066518570718,0.0,0.23150532592698247
5,P4,P4 / M5,7,gaussian,sample,1442,43,6,1000,0.9930141687613041,95.50191775416124,67.07316141559504,0.0,0.4204935308069194
5,P4,P4 / M5,7,gaussian,sample,1467,44,5,4000,0.9965164993124118,59.211067356415896,32.56471259496686,0.0,0.3134201404779248
5,P4,P4 / M5,7,gaussian,sample,1576,47,6,3000,0.9897275181371239,112.58573532881407,54.0863778764908,0.0,0.13260867037413832
5,P4,P4 / M5,7,gaussian,sample,1632,49,5,4000,0.9951054941133122,71.81378214456325,49.31354717348469,0.0,0.250549002960189
5,P4,P4 / M5,7,gaussian,sample,1736,52,5,9000,0.9930765715814978,77.91907197801171,48.58586949119355,0.0,0.48848232136433706
5,P4,P4 / M5,7,gaussian,sample,1867,56,5,8000,0.997121300568859,52.578198675927744,29.971716042157762,0.0,0.28803156465479945
5,P4,P4 / M5,7,gaussian,sample,2061,62,5,4000,0.9876548632815251,109.00280458170676,63.634005442128824,1.0,0.10666553180098379
5,P4,P4 / M5,7,gaussian,sample,2192,66,5,3000,0.989448602951138,103.76545658802219,57.20145082774275,1.0,0.2542912370431945
5,P4,P4 / M5,7,gaussian,sample,2237,67,6,4000,0.992665189931524,90.25417747699893,53.53913394569165,0.0,0.2489944407769321
5,P4,P4 / M5,7,gaussian,sample,2276,68,6,10000,0.991547014279341,95.9693175490045,52.611126544692674,0.0,0.2741199504340704
5,P4,P4 / M5,7,gaussian,sample,2296,69,5,8000,0.9972334560590778,50.604803607238956,33.90780119629418,0.0,0.2606590689731667
5,P4,P4 / M5,7,gaussian,sample,2319,70,4,9000,0.9940466383349438,82.00076775147421,46.93988041571948,0.0,0.21416560338022692
5,P4,P4 / M5,7,gaussian,sample,2345,71,4,2000,0.995338958568727,76.67727455563606,46.30465728881083,1.0,0.2789813295804912
5,P4,P4 / M5,7,gaussian,sample,2388,72,5,1000,0.9935598575686199,88.88325580142215,58.04868036981224,0.0,0.4688777124219857
5,P4,P4 / M5,7,gaussian,sample,2424,73,5,4000,0.9905676194180428,99.46698094988643,58.0923278508505,1.0,0.2716046339219813
5,P4,P4 / M5,7,gaussian,sample,2508,76,4,0,0.991394387644115,106.73066457237145,56.81375330031004,0.0,0.08522380229409537
5,P4,P4 / M5,7,gaussian,sample,2546,77,4,5000,0.9941206027383198,83.39188971994969,45.27800908430672,0.0,0.17013161686933873
5,P4,P4 / M5,7,gaussian,sample,2573,77,6,10000,0.993475275331108,86.2763644842222,56.938805583881305,0.0,0.749085757367391
5,P4,P4 / M5,7,gaussian,sample,2692,81,5,8000,0.9969634447916469,54.21382477331585,39.432651841533485,0.0,0.2372289309570858
5,P4,P4 / M5,7,gaussian,sample,2711,82,4,5000,0.9973710510281701,57.67332644502947,37.01030546998434,0.0,0.4329680445824604
5,P4,P4 / M5,7,gaussian,sample,2720,82,5,3000,0.9910755761958795,97.19442137273667,53.41594213108151,1.0,0.2878669183434758
5,P4,P4 / M5,7,gaussian,sample,2747,83,4,8000,0.9899073340962595,105.68339379805059,61.96789318569131,0.0,0.19959065132892223
5,P4,P4 / M5,7,gaussian,sample,2857,86,5,8000,0.9920424351739172,86.55148535640873,50.02381450056716,0.0,0.30352713196017855
5,P4,P4 / M5,7,gaussian,sample,2858,86,5,9000,0.9966378011769033,54.84143604582314,35.795484406442455,0.0,0.2546195516764663
5,P4,P4 / M5,7,gaussian,sample,3158,95,6,1000,0.9957600210310185,75.61587223035463,46.18382924767454,0.0,0.18695981508441484
5,P4,P4 / M5,7,gaussian,sample,3159,95,6,2000,0.9959960892879413,72.38736219631684,51.448513483013365,0.0,0.4966273880649299
5,P4,P4 / M5,7,gaussian,sample,3236,98,4,2000,0.9841535827231186,140.95602317229717,75.29692853969972,0.0,0.1488206218172392
5,P4,P4 / M5,7,gaussian,sample,3266,98,6,10000,0.9901934339452673,107.28930710726365,56.37329107753365,1.0,0.3585584392883995
5,P4,P4 / M5,7,gaussian,sample,3331,100,6,9000,0.9950854701102532,75.7378548867961,48.853619395386666,1.0,0.4390556027710586
5,P4,P4 / M5,7,gaussian,sample,3332,100,6,10000,0.9881666918909155,119.58868456301774,63.65499514562011,0.0,0.5512858842123347
5,P4,P4 / M5,7,gaussian,sample,3337,101,4,4000,0.9862747908637048,122.28400020820251,63.84408660307654,1.0,0.08985162831294966
5,P4,P4 / M5,7,gaussian,sample,3474,105,4,9000,0.9937124192653435,81.64021379681479,43.07160845472023,0.0,0.3719703071108575
5,P4,P4 / M5,7,gaussian,sample,3485,105,5,9000,0.9965856045179726,55.04118029444797,36.571035308626946,0.0,0.27567519959917125
5,P4,P4 / M5,7,gaussian,sample,3492,105,6,5000,0.99478525770198,78.9006217292792,49.790356923758296,0.0,0.16170359456896613
5,P4,P4 / M5,7,gaussian,sample,3500,106,4,2000,0.980454706146953,150.80835082912503,88.38855715265169,1.0,0.15954823630939519
5,P4,P4 / M5,7,gaussian,sample,3514,106,5,5000,0.9975604785429484,51.45752232365343,34.463917889606286,0.0,0.36245367122354805
5,P4,P4 / M5,7,gaussian,sample,3519,106,5,10000,0.9977731376097814,44.59639919089474,32.395217951776274,0.0,0.38518481905715674
5,P4,P4 / M5,7,gaussian,sample,3566,108,4,2000,0.9922038451997246,94.1359819782435,50.81250087770185,1.0,0.3081271039972521
5,P4,P4 / M5,7,gaussian,sample,3751,113,6,0,0.9901996725477484,117.39064557044803,60.4651725719197,0.0,0.12554015873291066
5,P4,P4 / M5,7,gaussian,sample,3772,114,4,10000,0.9939977628195847,80.5146068356559,42.460124172838285,0.0,0.07792014289821904
5,P4,P4 / M5,7,gaussian,sample,3805,115,4,10000,0.9948100425643327,77.80395564589402,42.67231650986502,0.0,0.3860719931801161
5,P4,P4 / M5,7,gaussian,sample,3828,116,4,0,0.9878499678409159,127.61399072498153,84.62424444903968,0.0,0.5110073536721156
5,P4,P4 / M5,7,gaussian,sample,3858,116,6,8000,0.9914673441540361,100.71681598332867,64.67519775394246,0.0,1.0730833180896442
5,P4,P4 / M5,7,gaussian,sample,3919,118,6,3000,0.9805168172671826,157.48990917858873,105.08296402515315,1.0,0.7041368418973254
5,P4,P4 / M5,7,gaussian,sample,4048,122,6,0,0.9757934409951086,180.4184532187439,95.5360764182498,0.0,0.32590924638525315
5,P4,P4 / M5,7,gaussian,sample,4188,126,6,8000,0.9930120749272404,90.90318433583779,56.54826130618178,1.0,0.3244278113362595
5,P4,P4 / M5,7,gaussian,sample,4189,126,6,9000,0.9963224031518672,65.47040315434802,41.26708215615987,0.0,0.5974221944753245
5,P4,P4 / M5,7,gaussian,sample,4193,127,4,2000,0.9931230882667131,86.44052334571127,46.415936480107405,0.0,0.19669696066603143
5,P4,P4 / M5,7,gaussian,sample,4225,128,4,1000,0.9959966824672204,72.34685032101889,45.37805910604452,1.0,0.3177832139916061
5,P4,P4 / M5,7,gaussian,sample,4448,134,6,4000,0.9925513864759293,92.34421271819122,51.91783587567306,0.0,0.2565118098462939
5,P4,P4 / M5,7,gaussian,sample,4461,135,4,6000,0.9978084755606954,48.67278426169618,33.50641630809243,0.0,0.6471623785216827
5,P4,P4 / M5,7,gaussian,sample,4524,137,4,3000,0.9964009378640868,63.84347052772665,42.51345433078253,1.0,0.22045506150424662
5,P4,P4 / M5,7,gaussian,sample,4565,138,5,0,0.9968644303622963,60.531580906807775,39.66604018989363,0.0,0.563253687274106
5,P4,P4 / M5,7,gaussian,sample,4607,139,5,9000,0.9920785997321695,82.38473740407824,49.322995247480776,0.0,0.2295877284896668
5,P4,P4 / M5,7,gaussian,sample,4647,140,6,5000,0.9862678291667644,122.86603112465984,69.2389052463115,0.0,0.727747771567582
5,P4,P4 / M5,7,gaussian,sample,4717,142,6,9000,0.9812003668141939,141.58319622599504,74.48061439723492,0.0,0.4460377548148703
5,P4,P4 / M5,7,gaussian,sample,4776,144,6,2000,0.9844104716807325,131.93592340914265,67.23369652341461,0.0,0.16169068213346102
5,P4,P4 / M5,7,gaussian,sample,4792,145,4,7000,0.97448637403651,163.2834125958879,87.15034604034571,1.0,0.4003673614940559
5,P4,P4 / M5,7,gaussian,sample,4826,146,4,8000,0.9811740851336259,136.49354491691705,67.7416879270392,1.0,0.43138180847988683
5,P4,P4 / M5,7,gaussian,sample,4849,146,6,9000,0.988865197533376,110.99301386687446,72.97203949557878,0.0,0.7171164564749452
5,P4,P4 / M5,7,gaussian,sample,4869,147,5,7000,0.9798902525981268,132.65909535301063,73.08324129318069,0.0,0.29108819791536394
5,P4,P4 / M5,7,gaussian,sample,4877,147,6,4000,0.991088556852146,105.28347161607228,60.10370865577665,1.0,0.2879698427058038
5,P4,P4 / M5,7,gaussian,sample,4929,149,5,1000,0.9789280384447628,150.5291843743876,87.70860987807836,0.0,0.234444118944907
5,P4,P4 / M5,7,gaussian,sample,4949,149,6,10000,0.9526101522321235,233.13646082372452,158.41540641167012,1.0,1.427492461710127
5,P4,P4 / M5,7,gaussian,sample,5043,152,6,5000,0.9709713025081099,172.68513943459388,91.16499866234079,0.0,0.5080703636516009
5,P4,P4 / M5,7,gaussian,sample,5101,154,5,8000,0.9681090462643833,157.79680757919488,88.30748651177599,0.0,0.09300703356909171
5,P4,P4 / M5,7,gaussian,sample,5112,154,6,8000,0.9816745779153981,140.93353800640412,81.16107238662558,1.0,0.9150984305643556
5,P4,P4 / M5,7,gaussian,sample,5144,155,6,7000,0.984881113438912,129.97803613176518,72.75035211175712,0.0,0.19840869344031065
5,P4,P4 / M5,7,gaussian,sample,5316,161,4,3000,0.9913633470979138,95.08611723780554,47.64628619525885,0.0,0.06590360485139737
5,P4,P4 / M5,7,gaussian,sample,5381,163,4,2000,0.9977880994239043,53.221529078446494,31.249639272169393,0.0,0.24750264026709143
5,P4,P4 / M5,7,gaussian,sample,5384,163,4,5000,0.9889325080662675,106.60619952953493,53.48942769548272,1.0,0.3537331874606031
5,P4,P4 / M5,7,gaussian,sample,5414,164,4,2000,0.9966051310927947,64.40465044459941,38.448665755050556,0.0,0.31675572738301916
5,P4,P4 / M5,7,gaussian,sample,5534,167,6,1000,0.9895548561812462,117.67501849287294,84.2426978065414,0.0,0.6546996775619643
5,P4,P4 / M5,7,gaussian,sample,5617,170,4,7000,0.9915935471459009,97.7069543023656,62.082726315586456,0.0,0.24054965855549515
5,P4,P4 / M5,7,gaussian,sample,5658,171,5,4000,0.978966344032449,143.1687470672257,87.37920562413066,0.0,0.22462871698924353
5,P4,P4 / M5,7,gaussian,sample,5694,172,5,7000,0.9964061917470195,57.72595629350168,33.9691147887169,0.0,0.18435067833383967
5,P4,P4 / M5,7,gaussian,sample,5816,176,4,8000,0.9843210607737825,125.25574542087692,71.01619000691241,1.0,0.3404645414114393
5,P4,P4 / M5,7,gaussian,sample,5841,177,4,0,0.9943631499575385,87.09056974994853,62.52544975253261,1.0,0.4410528115750318
5,P4,P4 / M5,7,gaussian,sample,5843,177,4,2000,0.9887235225667315,114.05887469942384,68.64192970554775,0.0,0.2984694141469401
5,P4,P4 / M5,7,gaussian,sample,5858,177,5,6000,0.990706599306065,94.63571111258841,62.67855617342267,0.0,0.2942763723881294
5,P4,P4 / M5,7,gaussian,sample,5887,178,5,2000,0.9969262868621542,59.056046753568275,35.73576453910033,0.0,0.3206304817735206
5,P4,P4 / M5,7,gaussian,sample,6248,189,5,0,0.9921338343848921,99.2216771367274,61.686710320333326,1.0,0.36316930477734033
5,P4,P4 / M5,7,gaussian,sample,6299,190,6,7000,0.9763038215331264,158.39668916024544,84.92222399734196,1.0,0.3934071588238826
5,P4,P4 / M5,7,gaussian,sample,6359,192,6,1000,0.9825458685015636,146.33255699933568,88.29577024505828,1.0,0.6613056575140812
5,P4,P4 / M5,7,gaussian,sample,6407,194,4,5000,0.9872770419927397,110.65589879311652,57.115277235841006,0.0,0.2267880673154987
5,P4,P4 / M5,7,gaussian,sample,6425,194,6,1000,0.9630174055578371,215.00890466346905,128.99197639816452,0.0,0.3655876585597198
5,P4,P4 / M5,7,gaussian,sample,6466,195,6,9000,0.9912982214432978,97.29615367502258,73.64181725347915,0.0,1.2485621344985527
5,P4,P4 / M5,7,gaussian,sample,6743,204,5,0,0.9956605507221037,71.06522394446228,47.39882723213415,1.0,0.35233750659059
5,P4,P4 / M5,7,gaussian,sample,6752,204,5,9000,0.9952453163778071,62.68578331679574,43.46494418727874,0.0,0.5766879288879558
5,P4,P4 / M5,7,gaussian,sample,6762,204,6,8000,0.9836763682752663,135.10481831280774,86.51335952187603,1.0,0.7014834226793709
5,P4,P4 / M5,7,gaussian,sample,6839,207,4,8000,0.9934132321487423,84.47898583774234,59.75921369597444,1.0,0.3442107504799993
5,P4,P4 / M5,7,gaussian,sample,6878,208,5,3000,0.9968013053589582,57.64171056776736,38.937624358053306,0.0,0.3369219001253458
5,P4,P4 / M5,7,gaussian,sample,6970,211,4,7000,0.9981439855857164,43.901978731670766,29.650140800880042,1.0,0.16809852136470838
5,P4,P4 / M5,7,gaussian,sample,6983,211,5,9000,0.998568539028763,35.244718836467975,26.502149988266265,0.0,0.5584448024187577
5,P4,P4 / M5,7,gaussian,sample,6987,211,6,2000,0.9904352583320293,104.5411828066345,64.88948813761287,0.0,0.4436535705423019
5,P4,P4 / M5,7,gaussian,sample,7035,213,4,6000,0.9861515343220929,121.41051308078174,67.55646994005372,0.0,0.36690880064612774
5,P4,P4 / M5,7,gaussian,sample,7063,214,4,1000,0.9884233983382452,110.14933544693282,56.90161532979919,0.0,0.15599534797581677
5,P4,P4 / M5,7,gaussian,sample,7090,214,6,6000,0.9925386239684347,91.83627244254174,59.462391018885846,0.0,0.4283180033381407
5,P4,P4 / M5,7,gaussian,sample,7141,216,5,2000,0.9939556963829368,79.11489715036946,45.21950696941494,0.0,0.25498920737481023
5,P4,P4 / M5,7,gaussian,sample,7214,218,5,9000,0.9876726337407892,98.30514792293121,60.40082220358681,0.0,0.30585020859112455
5,P4,P4 / M5,7,gaussian,sample,7257,219,6,8000,0.9793893684257692,148.9133503256008,77.00425157789242,1.0,0.4473246614947405
5,P4,P4 / M5,7,gaussian,sample,7309,221,5,5000,0.9919465717086747,84.17681566539986,54.78989570885557,0.0,0.33264290860739615
5,P4,P4 / M5,7,gaussian,sample,7333,222,4,7000,0.9836648313265929,129.527255160738,78.25852443211815,1.0,0.19159236803998073
5,P4,P4 / M5,7,gaussian,sample,7411,224,5,8000,0.9894365439748734,96.6635729794785,56.99839353941536,0.0,0.50589992558452
5,P4,P4 / M5,7,gaussian,sample,7422,224,6,8000,0.9885858185142943,110.61798221738987,71.8540700565036,1.0,0.4922026310332182
5,P4,P4 / M5,7,gaussian,sample,7439,225,5,3000,0.987152149256729,112.32047945199022,70.90281657394397,1.0,0.32347394839997995
5,P4,P4 / M5,7,gaussian,sample,7451,225,6,4000,0.9965086127102359,63.726567961692666,42.13242145138637,0.0,0.5895123094584236
5,P4,P4 / M5,7,gaussian,sample,7578,229,5,10000,0.9845102196363071,111.41487723456589,65.31326418033403,0.0,0.7785732902249132
5,P4,P4 / M5,7,gaussian,sample,7764,235,4,9000,0.9796761233230066,143.68016566784505,79.85024537032007,1.0,0.4691289518834217
5,P4,P4 / M5,7,gaussian,sample,7785,235,6,8000,0.9964656433968722,63.395725480115544,45.89802141197457,0.0,0.3139783021150189
5,P4,P4 / M5,7,gaussian,sample,7869,238,5,4000,0.9845063598638787,119.76527991290133,76.55321599258025,0.0,0.2725527399058143
5,P4,P4 / M5,7,gaussian,sample,7884,238,6,8000,0.9891609611805334,110.54345124442331,74.5975451936408,0.0,0.710182687609591
5,P4,P4 / M5,7,gaussian,sample,7923,240,4,3000,0.9943569998426086,77.36071940949505,44.05297772771159,0.0,0.18658409825124533
5,P4,P4 / M5,7,gaussian,sample,7931,240,5,0,0.9909144506961066,103.73729377697603,71.6096502079261,1.0,0.5577915817407461
5,P4,P4 / M5,7,gaussian,sample,7948,240,6,6000,0.967168632615426,196.34037714889112,114.57656202243372,1.0,0.9721676200055979
5,P4,P4 / M5,7,gaussian,sample,7971,241,5,7000,0.9843435298645152,115.0345023625281,75.84538083686857,0.0,0.8366163352620333
5,P4,P4 / M5,7,gaussian,sample,8015,242,6,7000,0.9879820171079763,116.70642752370813,76.39261678612179,0.0,0.6580676652003098
5,P4,P4 / M5,7,gaussian,sample,8259,250,4,9000,0.9904624115944096,97.15786138520033,62.621496100976415,1.0,0.2621040953978065
5,P4,P4 / M5,7,gaussian,sample,8325,252,4,9000,0.9940402422793352,81.88893317994197,35.963199793442584,0.0,0.3143719777320695
5,P4,P4 / M5,7,gaussian,sample,8330,252,5,3000,0.9810427176745289,137.25807603497407,75.92837287114438,1.0,0.32947233908562423
5,P4,P4 / M5,7,gaussian,sample,8407,254,6,3000,0.9877723795426414,121.22659462943977,56.25615481159441,0.0,0.2769622624755707
5,P4,P4 / M5,7,gaussian,sample,8441,255,6,4000,0.9909900725954923,109.07393165361513,66.83783910699084,0.0,0.36750093207681367
5,P4,P4 / M5,7,spline,sample,33,1,4,0,0.956593155942123,215.59561986168177,140.9948371637028,0.0,1.7662300974274627
5,P4,P4 / M5,7,spline,sample,34,1,4,1000,0.9867971267739504,121.43363645926576,92.77024520799156,0.0,1.7718631839599617
5,P4,P4 / M5,7,spline,sample,107,3,4,8000,0.9739435882546088,167.4932530567991,124.21734412728408,0.0,1.0416033735216605
5,P4,P4 / M5,7,spline,sample,117,3,5,7000,0.9532185853308699,195.59191474886043,120.8494173411931,0.0,1.1688702956759813
5,P4,P4 / M5,7,spline,sample,166,5,4,1000,0.9376709216550285,258.08386403553556,167.16656645005094,0.0,1.7703694581156801
5,P4,P4 / M5,7,spline,sample,279,8,5,4000,0.9787941982125116,148.34486214928174,86.40025007073845,0.0,0.3138920679009841
5,P4,P4 / M5,7,spline,sample,281,8,5,6000,0.9814299846858112,129.90408944509534,96.78734705343821,0.0,1.2697016890391921
5,P4,P4 / M5,7,spline,sample,363,11,4,0,0.9954253245351752,78.76898441840015,58.13785196410871,0.0,0.4515266634256774
5,P4,P4 / M5,7,spline,sample,389,11,6,4000,0.9376978482102389,268.6046181652433,184.3276207370018,0.0,2.5185735996006415
5,P4,P4 / M5,7,spline,sample,423,12,6,5000,0.9712195031085742,185.84020268335593,115.32903883705188,0.0,0.7244203825250797
5,P4,P4 / M5,7,spline,sample,621,18,6,5000,0.9915665732969074,100.93280313596908,68.68592966274414,0.0,0.7898879333270094
5,P4,P4 / M5,7,spline,sample,642,19,5,4000,0.9337977792336156,256.3557472447798,163.5392958295779,0.0,2.293165217121235
5,P4,P4 / M5,7,spline,sample,694,21,4,1000,0.9905379652419293,112.09267288002334,66.06617094523541,0.0,0.27984289412839297
5,P4,P4 / M5,7,spline,sample,695,21,4,2000,0.9928904565059251,96.8642151464479,61.65435519813061,0.0,1.220389974885079
5,P4,P4 / M5,7,spline,sample,782,23,6,1000,0.9800122887572773,160.64258856673848,132.3181047907504,1.0,0.6995686205524577
5,P4,P4 / M5,7,spline,sample,881,26,6,1000,0.9978129138633243,54.54803772969459,37.49192382014203,0.0,0.7275691574652726
5,P4,P4 / M5,7,spline,sample,990,30,4,0,0.9966300369017861,67.36164504030296,47.72648453825436,0.0,0.4516795952333025
5,P4,P4 / M5,7,spline,sample,997,30,4,7000,0.9679304043438988,189.30663663981338,130.62578307132128,0.0,2.0589543589704964
5,P4,P4 / M5,7,spline,sample,1035,31,5,1000,0.9962749603749489,67.66514826031072,37.448946129167176,0.0,0.32325999896201457
5,P4,P4 / M5,7,spline,sample,1054,31,6,9000,0.9807437710505427,142.29383566590346,102.79700847765696,0.0,1.1149680920760043
5,P4,P4 / M5,7,spline,sample,1056,32,4,0,0.9653311627949719,208.4525887007823,137.04481410091063,0.0,2.184498666668964
5,P4,P4 / M5,7,spline,sample,1070,32,5,3000,0.9793922204989041,151.26143005739002,103.48954218585042,0.0,0.5773182824499437
5,P4,P4 / M5,7,spline,sample,1107,33,5,7000,0.992608233990109,84.45234542780565,57.50411016949152,0.0,0.18375333750388
5,P4,P4 / M5,7,spline,sample,1168,35,5,2000,0.9810517915894224,142.47687486512103,110.26532503796437,0.0,1.2139487636658388
5,P4,P4 / M5,7,spline,sample,1224,37,4,3000,0.944197516596819,245.03398786270787,160.73235887416809,1.0,3.613346807748177
5,P4,P4 / M5,7,spline,sample,1273,38,5,8000,0.9255325773889274,255.1072218945488,176.55635700975884,0.0,1.9410228982756756
5,P4,P4 / M5,7,spline,sample,1296,39,4,9000,0.9938747335929441,83.97250435298618,60.90890621452131,0.0,0.6016030698290598
5,P4,P4 / M5,7,spline,sample,1389,42,4,3000,0.9968871204548373,61.72783491356964,52.10881171822952,0.0,1.031977414600407
5,P4,P4 / M5,7,spline,sample,1442,43,6,1000,0.9911974762815232,107.2029285953138,75.0319349640365,0.0,0.974137567228871
5,P4,P4 / M5,7,spline,sample,1467,44,5,4000,0.9917380578378419,91.18764813683353,69.8534150541486,0.0,1.2541496155463678
5,P4,P4 / M5,7,spline,sample,1576,47,6,3000,0.98879441696225,117.58797360018359,82.17373792458382,0.0,2.909552771155369
5,P4,P4 / M5,7,spline,sample,1632,49,5,4000,0.986352061734005,119.91869590301023,81.95058401067321,0.0,0.8551104942685657
5,P4,P4 / M5,7,spline,sample,1736,52,5,9000,0.9811907169353693,128.4308300373881,97.5538495624112,0.0,1.4946858468395163
5,P4,P4 / M5,7,spline,sample,1867,56,5,8000,0.9923114145500166,85.92722070294968,63.22549810606459,0.0,0.9780162987052602
5,P4,P4 / M5,7,spline,sample,2061,62,5,4000,0.932028595978336,255.7719064936723,151.21627142107528,0.0,2.0001446643661294
5,P4,P4 / M5,7,spline,sample,2192,66,5,3000,0.9709383016283913,172.2099790700561,107.1599709958446,0.0,0.9767842269763464
5,P4,P4 / M5,7,spline,sample,2237,67,6,4000,0.9742848004858053,168.9926536096979,106.13103361221476,0.0,2.02475685557358
5,P4,P4 / M5,7,spline,sample,2276,68,6,10000,0.9892123343453535,108.41542526835062,72.5577258686171,0.0,1.0258993662094567
5,P4,P4 / M5,7,spline,sample,2296,69,5,8000,0.9884880637532647,103.22791258959651,74.25344787475619,0.0,1.9260506120123202
5,P4,P4 / M5,7,spline,sample,2319,70,4,9000,0.9951564756515633,73.96351274767841,60.454025299657914,0.0,0.8853166735554173
5,P4,P4 / M5,7,spline,sample,2345,71,4,2000,0.9927297967075386,95.76315891047649,63.42824606921877,0.0,0.4510011497140906
5,P4,P4 / M5,7,spline,sample,2388,72,5,1000,0.9741382511844198,178.11527383222685,129.41364570230613,0.0,1.1191481845090134
5,P4,P4 / M5,7,spline,sample,2424,73,5,4000,0.9813223192584214,139.96832079724413,93.819824212607,0.0,1.0626393309537625
5,P4,P4 / M5,7,spline,sample,2508,76,4,0,0.9843529089069583,143.91800477864626,104.48767404797113,0.0,1.4106727287285379
5,P4,P4 / M5,7,spline,sample,2546,77,4,5000,0.9947869649871314,78.52405768096575,49.80287424682756,0.0,0.24487634668253508
5,P4,P4 / M5,7,spline,sample,2573,77,6,10000,0.9909531174355406,101.59216556276142,88.34743577395272,0.0,2.44667724367029
5,P4,P4 / M5,7,spline,sample,2692,81,5,8000,0.996780145107055,55.826140854112815,44.761814636032014,0.0,0.48709543700967933
5,P4,P4 / M5,7,spline,sample,2711,82,4,5000,0.9953725503375149,76.51644327302552,60.59667533298938,0.0,0.6965010814327641
5,P4,P4 / M5,7,spline,sample,2720,82,5,3000,0.9771939406887293,155.3732930213588,95.49529329325297,0.0,1.39707102603326
5,P4,P4 / M5,7,spline,sample,2747,83,4,8000,0.98829241073051,113.82496926020502,87.60822225340988,0.0,0.6861410258264096
5,P4,P4 / M5,7,spline,sample,2857,86,5,8000,0.9860419760720966,114.62950104816773,71.4471390703517,0.0,0.8492753866801087
5,P4,P4 / M5,7,spline,sample,2858,86,5,9000,0.9906980916275163,91.21854720593194,75.38857533311474,0.0,1.082114839864771
5,P4,P4 / M5,7,spline,sample,3158,95,6,1000,0.9939862154902702,90.05442258694559,55.89420788558429,0.0,0.3392119155434968
5,P4,P4 / M5,7,spline,sample,3159,95,6,2000,0.989490448942488,117.27694420072953,80.69517812350696,0.0,1.2139339560456803
5,P4,P4 / M5,7,spline,sample,3236,98,4,2000,0.9896470872419622,113.93295765013409,68.01196430497151,0.0,0.4910082697031711
5,P4,P4 / M5,7,spline,sample,3266,98,6,10000,0.9937215768119275,85.84663061040457,63.59992112533888,0.0,0.767160670179488
5,P4,P4 / M5,7,spline,sample,3331,100,6,9000,0.9859950344228775,127.85362117200863,96.47423591587706,0.0,0.6865463405368186
5,P4,P4 / M5,7,spline,sample,3332,100,6,10000,0.980635760582587,152.98090448190942,105.63257390614842,0.0,1.2189610658113612
5,P4,P4 / M5,7,spline,sample,3337,101,4,4000,0.9790828678976986,150.95976857700515,123.9413588699379,0.0,2.950961435789171
5,P4,P4 / M5,7,spline,sample,3474,105,4,9000,0.9841113210777669,129.77954300306828,92.35831153443749,0.0,2.1759009197246186
5,P4,P4 / M5,7,spline,sample,3485,105,5,9000,0.9923845303015184,82.20139237695406,63.855640489939475,0.0,1.010767720911715
5,P4,P4 / M5,7,spline,sample,3492,105,6,5000,0.9927616340388218,92.95746420740288,63.70382552554793,0.0,1.413591887247991
5,P4,P4 / M5,7,spline,sample,3500,106,4,2000,0.9790104815551253,156.2807641355877,116.24827785578572,0.0,1.0592621878394592
5,P4,P4 / M5,7,spline,sample,3514,106,5,5000,0.9862873712291018,121.99917937603949,93.53259152644239,0.0,0.9392549305286622
5,P4,P4 / M5,7,spline,sample,3519,106,5,10000,0.9948219560659817,68.00423657088699,56.569611537932005,0.0,0.9630968480649081
5,P4,P4 / M5,7,spline,sample,3566,108,4,2000,0.9809851914895686,147.01491882704858,92.96496676125945,0.0,1.6528042787219133
5,P4,P4 / M5,7,spline,sample,3751,113,6,0,0.9930540588929707,98.82771313427041,76.06505335613133,0.0,0.2334449467907682
5,P4,P4 / M5,7,spline,sample,3772,114,4,10000,0.9957924795602768,67.41106949541894,46.867864133244005,0.0,0.5146793441773063
5,P4,P4 / M5,7,spline,sample,3805,115,4,10000,0.9961656202210954,66.87554624495137,42.58736362071057,0.0,0.26008395381581506
5,P4,P4 / M5,7,spline,sample,3828,116,4,0,0.990697714693869,111.66174333823518,62.424189028532574,0.0,0.2122352007034267
5,P4,P4 / M5,7,spline,sample,3858,116,6,8000,0.977317615351167,164.2117496929149,111.62966106386747,0.0,1.6139141419809053
5,P4,P4 / M5,7,spline,sample,3919,118,6,3000,0.9874075754392571,126.61275520590983,88.33795395074961,1.0,1.5095663378619855
5,P4,P4 / M5,7,spline,sample,4048,122,6,0,0.9743597051831664,185.68462001764698,105.61442548386901,0.0,0.6211354206574982
5,P4,P4 / M5,7,spline,sample,4188,126,6,8000,0.9956394257304231,71.80865972342869,57.40336749884349,0.0,0.4581880819225162
5,P4,P4 / M5,7,spline,sample,4189,126,6,9000,0.994188607114176,82.30061388826641,51.99092735691283,0.0,0.2415177683434139
5,P4,P4 / M5,7,spline,sample,4193,127,4,2000,0.9886801547924966,110.90239028918963,81.59497786017884,0.0,1.2037352878452223
5,P4,P4 / M5,7,spline,sample,4225,128,4,1000,0.9914798650579597,105.54382900182553,76.09579405724111,0.0,0.6140060673819677
5,P4,P4 / M5,7,spline,sample,4448,134,6,4000,0.9897387428834521,108.38576503302339,82.76576900416549,0.0,1.1632094264479924
5,P4,P4 / M5,7,spline,sample,4461,135,4,6000,0.9946776766297327,75.85141028389256,63.37532878121811,0.0,1.2145427999240999
5,P4,P4 / M5,7,spline,sample,4524,137,4,3000,0.9961774841351604,65.7955411465516,46.84194165471065,0.0,0.7218008845344689
5,P4,P4 / M5,7,spline,sample,4565,138,5,0,0.9900684058333638,107.72916004409336,83.45657848665778,0.0,1.5844080296917324
5,P4,P4 / M5,7,spline,sample,4607,139,5,9000,0.9724492740737313,153.64283270026888,104.23771845090428,0.0,1.432498632029852
5,P4,P4 / M5,7,spline,sample,4647,140,6,5000,0.9867892340930848,120.51087213046566,92.39380704794023,0.0,2.9085124398566906
5,P4,P4 / M5,7,spline,sample,4717,142,6,9000,0.9855466114331141,124.14289353458584,90.84628535214927,0.0,1.7109871163406531
5,P4,P4 / M5,7,spline,sample,4776,144,6,2000,0.983944893562874,133.8915495967535,111.57550827044724,0.0,2.3182225903937836
5,P4,P4 / M5,7,spline,sample,4792,145,4,7000,0.9707901969471047,174.71101656134672,125.81156615899307,1.0,1.5620876668655728
5,P4,P4 / M5,7,spline,sample,4826,146,4,8000,0.934643361608736,254.31906663192822,166.98690921062,0.0,2.2602595754156445
5,P4,P4 / M5,7,spline,sample,4849,146,6,9000,0.9901539880131246,104.37213463930357,71.30322768536081,0.0,0.7615510616687218
5,P4,P4 / M5,7,spline,sample,4869,147,5,7000,0.9539201518681271,200.8118065520142,133.59074075593858,0.0,1.2630011069808351
5,P4,P4 / M5,7,spline,sample,4877,147,6,4000,0.9946806669026375,81.34198566767232,66.96301737869535,1.0,0.7696659165923689
5,P4,P4 / M5,7,spline,sample,4929,149,5,1000,0.9746864728609007,164.98503658290417,108.44424064181761,0.0,0.31047334654189196
5,P4,P4 / M5,7,spline,sample,4949,149,6,10000,0.9805017468963166,149.54276084330965,104.79005066298943,1.0,1.129149887541159
5,P4,P4 / M5,7,spline,sample,5043,152,6,5000,0.9714945819673895,171.12162588013524,117.77436746451615,0.0,2.206252171747376
5,P4,P4 / M5,7,spline,sample,5101,154,5,8000,0.8883017645271358,295.3164336984212,198.13701176832728,0.0,2.869398429419926
5,P4,P4 / M5,7,spline,sample,5112,154,6,8000,0.9816649647449704,140.97049869637252,104.68539224446927,0.0,1.8756649446292375
5,P4,P4 / M5,7,spline,sample,5144,155,6,7000,0.988935870520754,111.19075811896963,68.80958654690419,0.0,0.3131901665354491
5,P4,P4 / M5,7,spline,sample,5316,161,4,3000,0.9772489530749052,154.32812285483092,127.25190311816154,0.0,3.253841173549723
5,P4,P4 / M5,7,spline,sample,5381,163,4,2000,0.9971406269847924,60.511783611993735,39.84043972315728,0.0,0.5067201371769061
5,P4,P4 / M5,7,spline,sample,5384,163,4,5000,0.958480228463877,206.48348981787325,130.72531867977528,0.0,1.453440416771563
5,P4,P4 / M5,7,spline,sample,5414,164,4,2000,0.9971881139091544,58.61443524196661,37.31956394347242,0.0,0.4699784172917272
5,P4,P4 / M5,7,spline,sample,5534,167,6,1000,0.9960965557774207,71.9367895936922,55.3588023059685,0.0,0.3904443923063973
5,P4,P4 / M5,7,spline,sample,5617,170,4,7000,0.9876669620724515,118.34614572644011,80.30218871223317,0.0,0.3188732823829616
5,P4,P4 / M5,7,spline,sample,5658,171,5,4000,0.9652455399967397,184.0331728509409,136.13076281517263,0.0,1.0098110828551337
5,P4,P4 / M5,7,spline,sample,5694,172,5,7000,0.9868635650733539,110.3652737318796,77.02300199833384,0.0,0.9866396329718361
5,P4,P4 / M5,7,spline,sample,5816,176,4,8000,0.9845745054684732,124.23926275060377,96.01582303577398,0.0,1.5206617755755811
5,P4,P4 / M5,7,spline,sample,5841,177,4,0,0.9908050093498887,111.23169032814707,73.47642800576449,0.0,0.36469687713200843
5,P4,P4 / M5,7,spline,sample,5843,177,4,2000,0.9828953576079621,140.47510143676033,106.58255897362312,0.0,1.3867331334173845
5,P4,P4 / M5,7,spline,sample,5858,177,5,6000,0.9893887517329129,101.12323543431573,70.3620861955397,0.0,0.5700412744283369
5,P4,P4 / M5,7,spline,sample,5887,178,5,2000,0.994135443616052,81.57372378766992,51.61902411172688,0.0,0.30503895160508193
5,P4,P4 / M5,7,spline,sample,6248,189,5,0,0.9939337605073232,87.13342726925958,66.30144179248987,0.0,0.8604962019114959
5,P4,P4 / M5,7,spline,sample,6299,190,6,7000,0.9821253730659489,137.570538337886,100.74306394718054,0.0,0.7343474206798914
5,P4,P4 / M5,7,spline,sample,6359,192,6,1000,0.9926001936583697,95.28005885015818,61.047194559320225,0.0,0.2488398005629323
5,P4,P4 / M5,7,spline,sample,6407,194,4,5000,0.959025275547348,198.5813889643077,123.35218244084714,0.0,1.945990083141357
5,P4,P4 / M5,7,spline,sample,6425,194,6,1000,0.9687356454571779,197.68899463121255,121.89438402971872,0.0,0.34142220429204634
5,P4,P4 / M5,7,spline,sample,6466,195,6,9000,0.9924944205490125,90.36157077149437,57.36024025476266,0.0,0.3114649954056746
5,P4,P4 / M5,7,spline,sample,6743,204,5,0,0.9818831022898934,145.20505540419197,99.47159754343416,0.0,0.9585286532657269
5,P4,P4 / M5,7,spline,sample,6752,204,5,9000,0.993806943755486,71.54194732297307,51.76598269283812,0.0,0.8261221469399925
5,P4,P4 / M5,7,spline,sample,6762,204,6,8000,0.968075583715415,188.94000665193207,122.6927286504003,0.0,0.5284451073779176
5,P4,P4 / M5,7,spline,sample,6839,207,4,8000,0.9948456548072818,74.73073663507483,51.93333791491584,0.0,0.25902451424773715
5,P4,P4 / M5,7,spline,sample,6878,208,5,3000,0.9961928072967373,62.88584468432137,43.25415043516119,0.0,0.4017342247572396
5,P4,P4 / M5,7,spline,sample,6970,211,4,7000,0.9957649928076273,66.31633225639841,47.24688104082596,0.0,0.10687379303497749
5,P4,P4 / M5,7,spline,sample,6983,211,5,9000,0.998593741551858,34.933079067183655,25.328773821995235,0.0,0.5964362068832346
5,P4,P4 / M5,7,spline,sample,6987,211,6,2000,0.9965511940342282,62.774775420516335,46.8325106369123,0.0,1.412768980562025
5,P4,P4 / M5,7,spline,sample,7035,213,4,6000,0.9912617790677468,96.44217039071458,57.12586639277742,0.0,0.47776071346641
5,P4,P4 / M5,7,spline,sample,7063,214,4,1000,0.9805312335802194,142.8435232743504,107.6434916905027,0.0,1.0546666002368326
5,P4,P4 / M5,7,spline,sample,7090,214,6,6000,0.9885589550674743,113.7202038486545,77.98547366352203,0.0,0.7107435879032415
5,P4,P4 / M5,7,spline,sample,7141,216,5,2000,0.991298704284467,94.92423290874322,59.36435906781206,0.0,0.4057425359699335
5,P4,P4 / M5,7,spline,sample,7214,218,5,9000,0.9771674829927465,133.78826020550227,89.27927590520189,0.0,1.119307485222661
5,P4,P4 / M5,7,spline,sample,7257,219,6,8000,0.9785249889716742,152.00388303485627,114.15883368169163,1.0,0.6522993737289378
5,P4,P4 / M5,7,spline,sample,7309,221,5,5000,0.9812915556717813,128.2983091105879,96.84935674708285,0.0,1.419032256217032
5,P4,P4 / M5,7,spline,sample,7333,222,4,7000,0.9846345797248768,125.62369768777286,75.49674568637596,0.0,0.3299175264826621
5,P4,P4 / M5,7,spline,sample,7411,224,5,8000,0.9906498195556783,90.94311500370917,69.36059951911797,0.0,0.5289690265014054
5,P4,P4 / M5,7,spline,sample,7422,224,6,8000,0.9800033003498497,146.413966830604,104.44675276163045,0.0,1.7098650377569289
5,P4,P4 / M5,7,spline,sample,7439,225,5,3000,0.9703354869692956,170.67201621044347,117.61299076035772,0.0,1.3293403658598402
5,P4,P4 / M5,7,spline,sample,7451,225,6,4000,0.9883538242246638,116.389335025005,94.79318233787126,0.0,1.7273673129820581
5,P4,P4 / M5,7,spline,sample,7578,229,5,10000,0.9823738891978488,118.8498954813101,75.83273666952152,0.0,0.9629576097951204
5,P4,P4 / M5,7,spline,sample,7764,235,4,9000,0.9808914020390592,139.31823253514258,103.02511065164686,0.0,0.993874258015314
5,P4,P4 / M5,7,spline,sample,7785,235,6,8000,0.9986210290964919,39.598829097270404,29.95077528116671,0.0,0.31646744349260325
5,P4,P4 / M5,7,spline,sample,7869,238,5,4000,0.9739279033383416,155.36106167047893,116.92744662669384,0.0,0.8865175674526838
5,P4,P4 / M5,7,spline,sample,7884,238,6,8000,0.9874751534802969,118.82938239936374,88.88261618911778,0.0,1.074376973388297
5,P4,P4 / M5,7,spline,sample,7923,240,4,3000,0.9951272729966646,71.88719017426537,47.556863661285526,0.0,0.2031682728622919
5,P4,P4 / M5,7,spline,sample,7931,240,5,0,0.9777926627826896,162.18383412307753,118.78551605619364,0.0,1.7853170405393883
5,P4,P4 / M5,7,spline,sample,7948,240,6,6000,0.972946160421982,178.22950078701524,118.70590963478139,1.0,0.748562729109138
5,P4,P4 / M5,7,spline,sample,7971,241,5,7000,0.9814348716355252,125.26512303964094,91.77306860664541,0.0,0.9201231089211969
5,P4,P4 / M5,7,spline,sample,8015,242,6,7000,0.9939731032787925,82.64676504388572,52.29722957348683,0.0,0.7790608945436726
5,P4,P4 / M5,7,spline,sample,8259,250,4,9000,0.9953931289473557,67.52454813031906,44.346451302455854,0.0,0.23612449615494155
5,P4,P4 / M5,7,spline,sample,8325,252,4,9000,0.9925710283653858,91.4271666144046,70.42662173070899,0.0,1.2456704307816833
5,P4,P4 / M5,7,spline,sample,8330,252,5,3000,0.9608181145963076,197.32973520093958,142.8346839234577,0.0,1.9734628996370807
5,P4,P4 / M5,7,spline,sample,8407,254,6,3000,0.9797667435613101,155.94082359166825,123.42733386496543,0.0,2.2103016799347923
5,P4,P4 / M5,7,spline,sample,8441,255,6,4000,0.9874004649593013,128.98451688917314,97.64852737286726,0.0,1.3523850682260714
5,P4,P4 / M5,7,source_pretrained_mlp,sample,33,1,4,0,0.9893299184894615,106.89187527617057,66.33668850872077,0.0,1.1908264164394766
5,P4,P4 / M5,7,source_pretrained_mlp,sample,34,1,4,1000,0.9898267580232754,106.59441765576052,69.50013323128223,0.0,0.1487400588706265
5,P4,P4 / M5,7,source_pretrained_mlp,sample,107,3,4,8000,0.974324480872163,166.26453803028105,87.39951410558488,0.0,0.1777925069838439
5,P4,P4 / M5,7,source_pretrained_mlp,sample,117,3,5,7000,0.9735515770571657,147.0666207548798,97.17286495728926,0.0,0.5646476797260511
5,P4,P4 / M5,7,source_pretrained_mlp,sample,166,5,4,1000,0.9879389281088519,113.52942882387889,70.6855527361234,0.0,0.8136776561020485
5,P4,P4 / M5,7,source_pretrained_mlp,sample,279,8,5,4000,0.9643685281258835,192.29236543277585,102.12483805418015,0.0,0.21936341839600054
5,P4,P4 / M5,7,source_pretrained_mlp,sample,281,8,5,6000,0.5660705165334274,627.9517453191621,407.7300828256105,1.0,2.4253052131096973
5,P4,P4 / M5,7,source_pretrained_mlp,sample,363,11,4,0,0.9907984523664509,111.71346962591039,80.3978669984,0.0,0.9094623301209674
5,P4,P4 / M5,7,source_pretrained_mlp,sample,389,11,6,4000,0.951560267749167,236.84423549037572,106.88447589874268,0.0,0.25673174670480553
5,P4,P4 / M5,7,source_pretrained_mlp,sample,423,12,6,5000,0.905109810983955,337.44358973750224,202.72881785561057,1.0,0.25246458378298675
5,P4,P4 / M5,7,source_pretrained_mlp,sample,621,18,6,5000,0.9615862167551043,215.41395683943097,151.81436234361985,0.0,0.12334376384166554
5,P4,P4 / M5,7,source_pretrained_mlp,sample,642,19,5,4000,0.9810508019350496,137.15201637330506,56.72579856922752,0.0,0.14463527148621036
5,P4,P4 / M5,7,source_pretrained_mlp,sample,694,21,4,1000,0.9835975542612597,147.58399440974858,85.42420727866036,0.0,0.49462741996081216
5,P4,P4 / M5,7,source_pretrained_mlp,sample,695,21,4,2000,0.9986375754973463,42.40320944070382,28.264522859028407,0.0,0.15171586961659006
5,P4,P4 / M5,7,source_pretrained_mlp,sample,782,23,6,1000,0.9871145123936926,128.9821432293643,79.52817003543561,1.0,0.08146295945621615
5,P4,P4 / M5,7,source_pretrained_mlp,sample,881,26,6,1000,0.9937079241679017,92.5216059392267,57.542083212307524,0.0,0.42265306138226577
5,P4,P4 / M5,7,source_pretrained_mlp,sample,990,30,4,0,0.9497707656639047,260.0628939028706,138.8305131117503,1.0,0.41102626796070696
5,P4,P4 / M5,7,source_pretrained_mlp,sample,997,30,4,7000,0.9597722963918511,212.0223863518025,126.74110073792308,1.0,0.42453816813299927
5,P4,P4 / M5,7,source_pretrained_mlp,sample,1035,31,5,1000,0.9770046466271709,168.1200974963812,92.65388682910374,1.0,0.4346611512465545
5,P4,P4 / M5,7,source_pretrained_mlp,sample,1054,31,6,9000,0.9815302458713742,139.3577169916462,79.51122415693183,1.0,0.31245067210631394
5,P4,P4 / M5,7,source_pretrained_mlp,sample,1056,32,4,0,0.814125643848933,482.66676277985533,229.7095439714544,1.0,0.44447683381391573
5,P4,P4 / M5,7,source_pretrained_mlp,sample,1070,32,5,3000,0.953750572820419,226.60306598263853,112.26274431453032,0.0,0.09649832323170396
5,P4,P4 / M5,7,source_pretrained_mlp,sample,1107,33,5,7000,0.9624522576087033,190.33976328711697,117.18341788980696,1.0,3.3957943012905534
5,P4,P4 / M5,7,source_pretrained_mlp,sample,1168,35,5,2000,0.9723722148070542,172.04154717041453,95.35313819436466,1.0,0.10407159542848514
5,P4,P4 / M5,7,source_pretrained_mlp,sample,1224,37,4,3000,0.9803734274629985,145.31879784402147,68.31390084361746,1.0,0.2425972179247593
5,P4,P4 / M5,7,source_pretrained_mlp,sample,1273,38,5,8000,0.9628750678664365,180.12434981005754,112.85996106692723,1.0,0.5119019397629461
5,P4,P4 / M5,7,source_pretrained_mlp,sample,1296,39,4,9000,0.9969194982893315,59.55049030496692,34.25660800933838,0.0,0.12028583440423395
5,P4,P4 / M5,7,source_pretrained_mlp,sample,1389,42,4,3000,0.987339044894621,124.48961419820915,73.0805968940258,0.0,0.11777350812282382
5,P4,P4 / M5,7,source_pretrained_mlp,sample,1442,43,6,1000,0.9074652511884115,347.5805554453674,199.24804275376457,1.0,0.5568040174900148
5,P4,P4 / M5,7,source_pretrained_mlp,sample,1467,44,5,4000,0.8079105811118515,439.6900733905382,253.07816601991652,1.0,0.5163737331513054
5,P4,P4 / M5,7,source_pretrained_mlp,sample,1576,47,6,3000,0.9186959099321758,316.7392426356115,185.27642051378885,1.0,0.08904084115730823
5,P4,P4 / M5,7,source_pretrained_mlp,sample,1632,49,5,4000,0.9743989657791953,164.24120676445798,86.47191953659058,0.0,0.21364984163140135
5,P4,P4 / M5,7,source_pretrained_mlp,sample,1736,52,5,9000,0.957351628457198,193.39016980607803,132.95553759237131,0.0,1.0230167567410577
5,P4,P4 / M5,7,source_pretrained_mlp,sample,1867,56,5,8000,0.9843728635702917,122.50314657740886,79.59777377781116,0.0,0.7984605440969815
5,P4,P4 / M5,7,source_pretrained_mlp,sample,2061,62,5,4000,-8.741958895493717,3062.054150545179,1227.4315778982073,1.0,1.5658995727618774
5,P4,P4 / M5,7,source_pretrained_mlp,sample,2192,66,5,3000,0.9777518350702057,150.67628924948747,73.17915134680898,0.0,0.10702246182335039
5,P4,P4 / M5,7,source_pretrained_mlp,sample,2237,67,6,4000,-0.4954041654985031,1288.7010116777299,696.4123734235764,2.0,1.4356699549818868
5,P4,P4 / M5,7,source_pretrained_mlp,sample,2276,68,6,10000,0.9842355425889283,131.0590008169481,78.3078338848917,1.0,0.6034774298555897
5,P4,P4 / M5,7,source_pretrained_mlp,sample,2296,69,5,8000,0.969375249182174,168.36787837943896,101.61416085561116,1.0,0.43664229258286996
5,P4,P4 / M5,7,source_pretrained_mlp,sample,2319,70,4,9000,0.9967994173216598,60.12447684590156,41.86199593544006,0.0,0.09505878810063856
5,P4,P4 / M5,7,source_pretrained_mlp,sample,2345,71,4,2000,0.9588542547426037,227.81779944402777,147.56315141916275,0.0,0.356703816998493
5,P4,P4 / M5,7,source_pretrained_mlp,sample,2388,72,5,1000,0.9909205116098981,105.53655343659626,64.52091576258341,0.0,0.25389145839853167
5,P4,P4 / M5,7,source_pretrained_mlp,sample,2424,73,5,4000,-2.4387777690505716,1899.1983913854435,816.4006240618857,2.0,0.69669077860097
5,P4,P4 / M5,7,source_pretrained_mlp,sample,2508,76,4,0,-1.3236167989120942,1753.8020680066838,614.1309062242508,6.0,0.04776756793946065
5,P4,P4 / M5,7,source_pretrained_mlp,sample,2546,77,4,5000,0.9958408147737259,70.13931875459599,38.97625529064852,0.0,0.3863785739890946
5,P4,P4 / M5,7,source_pretrained_mlp,sample,2573,77,6,10000,0.9880948963484353,116.54062208121019,62.737503661049736,0.0,0.17223350697992815
5,P4,P4 / M5,7,source_pretrained_mlp,sample,2692,81,5,8000,0.9762081504039418,151.75169820683286,101.64863295025296,0.0,0.35393416535571415
5,P4,P4 / M5,7,source_pretrained_mlp,sample,2711,82,4,5000,0.998273138257617,46.74258289282926,33.677153076444355,0.0,0.415549892593916
5,P4,P4 / M5,7,source_pretrained_mlp,sample,2720,82,5,3000,-0.8916180835761909,1415.0375813116095,631.2209935313776,2.0,0.6064122476760766
5,P4,P4 / M5,7,source_pretrained_mlp,sample,2747,83,4,8000,0.9789237467691283,152.7216145535078,102.43282439973619,0.0,0.8054376183937524
5,P4,P4 / M5,7,source_pretrained_mlp,sample,2857,86,5,8000,0.5837322637770164,625.9949192988418,415.09868516921995,0.0,0.343278583116498
5,P4,P4 / M5,7,source_pretrained_mlp,sample,2858,86,5,9000,0.9782073861050063,139.62133452739124,84.61522274667567,0.0,0.2669621221915677
5,P4,P4 / M5,7,source_pretrained_mlp,sample,3158,95,6,1000,0.9875902108306545,129.36396450811372,65.71531586647033,1.0,0.14991890455999
5,P4,P4 / M5,7,source_pretrained_mlp,sample,3159,95,6,2000,0.9873970393433841,128.42715130300527,75.54113343783787,1.0,0.6773092455463068
5,P4,P4 / M5,7,source_pretrained_mlp,sample,3236,98,4,2000,0.9886818884542438,119.1255940504425,67.46883964538574,0.0,0.11565623666418459
5,P4,P4 / M5,7,source_pretrained_mlp,sample,3266,98,6,10000,0.9864370115420524,126.1756810705307,80.33292722702026,0.0,0.35587705964259797
5,P4,P4 / M5,7,source_pretrained_mlp,sample,3331,100,6,9000,0.9716857584725184,181.7918780689535,101.18278125921886,0.0,0.20000342650105427
5,P4,P4 / M5,7,source_pretrained_mlp,sample,3332,100,6,10000,0.9893531293597664,113.43523921336092,71.18107560276985,0.0,0.3710189873468352
5,P4,P4 / M5,7,source_pretrained_mlp,sample,3337,101,4,4000,0.025923214394839578,1030.164899982868,387.3994556203485,2.0,0.05016093888910557
5,P4,P4 / M5,7,source_pretrained_mlp,sample,3474,105,4,9000,0.9909178562300608,98.11977243831731,57.852291198074816,0.0,0.6222666832485712
5,P4,P4 / M5,7,source_pretrained_mlp,sample,3485,105,5,9000,0.9553666552882075,199.00342143595986,126.30785201844715,1.0,0.20590170991518691
5,P4,P4 / M5,7,source_pretrained_mlp,sample,3492,105,6,5000,0.9960286478443422,68.85463801596238,38.965444246927895,0.0,0.36043307294192933
5,P4,P4 / M5,7,source_pretrained_mlp,sample,3500,106,4,2000,0.9847161100190478,133.35866522766065,63.18562193711599,0.0,0.01186198335656218
5,P4,P4 / M5,7,source_pretrained_mlp,sample,3514,106,5,5000,0.996063986524359,65.36192559980577,41.79141316694372,0.0,0.8280372807717348
5,P4,P4 / M5,7,source_pretrained_mlp,sample,3519,106,5,10000,0.996387182798954,56.803631059019416,37.77403494289943,0.0,0.21869631068218087
5,P4,P4 / M5,7,source_pretrained_mlp,sample,3566,108,4,2000,0.9936922644872741,84.67440776672728,37.37002049768834,0.0,0.048966158752542954
5,P4,P4 / M5,7,source_pretrained_mlp,sample,3751,113,6,0,0.9917268125432912,107.85732126843767,66.85540632101205,0.0,0.10401338906768175
5,P4,P4 / M5,7,source_pretrained_mlp,sample,3772,114,4,10000,0.9639913730257039,197.20657072754662,96.39019853062928,1.0,0.05656578844206541
5,P4,P4 / M5,7,source_pretrained_mlp,sample,3805,115,4,10000,0.9957402541797066,70.4874212320807,37.18183484498192,0.0,0.1580348255075362
5,P4,P4 / M5,7,source_pretrained_mlp,sample,3828,116,4,0,0.9546153213471994,246.6403958409169,130.45912086963654,1.0,0.2677385420886302
5,P4,P4 / M5,7,source_pretrained_mlp,sample,3858,116,6,8000,0.995243105150856,75.20065941637314,50.56464694341024,1.0,0.3353407748040178
5,P4,P4 / M5,7,source_pretrained_mlp,sample,3919,118,6,3000,0.9492189531335771,254.25740226997019,141.4474172592163,0.0,0.19132316713905878
5,P4,P4 / M5,7,source_pretrained_mlp,sample,4048,122,6,0,0.8850886785258746,393.09347551025127,197.74592464310783,0.0,0.1659477081599338
5,P4,P4 / M5,7,source_pretrained_mlp,sample,4188,126,6,8000,0.980854653460902,150.46538226534952,101.60948118368785,0.0,0.4268626298127081
5,P4,P4 / M5,7,source_pretrained_mlp,sample,4189,126,6,9000,0.9828498056310342,141.38309326069339,91.06349883973598,1.0,2.2678209083400893
5,P4,P4 / M5,7,source_pretrained_mlp,sample,4193,127,4,2000,0.9714040669453621,176.26772462352668,78.00479215069821,0.0,0.07122666649030399
5,P4,P4 / M5,7,source_pretrained_mlp,sample,4225,128,4,1000,0.8469390548751862,447.3441934564024,261.0003749040457,1.0,0.2729480082736142
5,P4,P4 / M5,7,source_pretrained_mlp,sample,4448,134,6,4000,0.9218306420692323,299.1508456313785,162.6969088723785,0.0,0.23262754527363882
5,P4,P4 / M5,7,source_pretrained_mlp,sample,4461,135,4,6000,0.9745312093873408,165.92705023194952,112.28393633498087,0.0,0.41673202400563025
5,P4,P4 / M5,7,source_pretrained_mlp,sample,4524,137,4,3000,0.9953470650354719,72.59142235982323,45.15840038131265,0.0,0.21464625447798452
5,P4,P4 / M5,7,source_pretrained_mlp,sample,4565,138,5,0,0.9598122569506145,216.70583225447575,113.18645722725812,1.0,4.595731784489846
5,P4,P4 / M5,7,source_pretrained_mlp,sample,4607,139,5,9000,0.8352160740340892,375.75364766827863,190.921029365581,1.0,1.2857180954357132
5,P4,P4 / M5,7,source_pretrained_mlp,sample,4647,140,6,5000,0.9908792947523863,100.1328186630163,61.18103824791155,0.0,0.23171639583355422
5,P4,P4 / M5,7,source_pretrained_mlp,sample,4717,142,6,9000,0.9914298856196743,95.59393378663711,56.81451344490051,0.0,0.1152041527561456
5,P4,P4 / M5,7,source_pretrained_mlp,sample,4776,144,6,2000,0.8851263873987382,358.1432026931238,188.5542806521058,0.0,0.12071116934618042
5,P4,P4 / M5,7,source_pretrained_mlp,sample,4792,145,4,7000,0.9859443295479149,121.19417854804402,85.78040937373513,1.0,0.7415283138175441
5,P4,P4 / M5,7,source_pretrained_mlp,sample,4826,146,4,8000,0.9605948607836731,197.47426270048356,101.99344209262303,1.0,0.028766892705062493
5,P4,P4 / M5,7,source_pretrained_mlp,sample,4849,146,6,9000,0.9875800715444859,117.22329719110168,71.91476381876889,0.0,0.19112412937904608
5,P4,P4 / M5,7,source_pretrained_mlp,sample,4869,147,5,7000,0.9745351575622455,149.28089160732245,88.16289835884457,0.0,0.13264350132900918
5,P4,P4 / M5,7,source_pretrained_mlp,sample,4877,147,6,4000,0.9973657095732007,57.24242230515324,35.094738744199276,1.0,0.09872351059100211
5,P4,P4 / M5,7,source_pretrained_mlp,sample,4929,149,5,1000,0.8777986091127001,362.4985722213879,167.0746821796193,1.0,0.04527349512778475
5,P4,P4 / M5,7,source_pretrained_mlp,sample,4949,149,6,10000,0.985852444434886,127.3820537546847,88.01873381932576,1.0,0.5578576675794307
5,P4,P4 / M5,7,source_pretrained_mlp,sample,5043,152,6,5000,0.9832760576690739,131.07217962006183,74.10257775783539,0.0,0.16733543783407825
5,P4,P4 / M5,7,source_pretrained_mlp,sample,5101,154,5,8000,0.9884307882095925,95.04217024209095,55.17679212922635,0.0,0.18986233040697661
5,P4,P4 / M5,7,source_pretrained_mlp,sample,5112,154,6,8000,0.9653442139674437,193.80957902133568,100.94782387582879,0.0,0.3433541360874963
5,P4,P4 / M5,7,source_pretrained_mlp,sample,5144,155,6,7000,0.9941069253885196,81.1486008922204,55.07828277700088,0.0,0.3360539640038049
5,P4,P4 / M5,7,source_pretrained_mlp,sample,5316,161,4,3000,-0.00682758079357404,1026.6488680507314,447.5621409307827,2.0,0.08433916152913865
5,P4,P4 / M5,7,source_pretrained_mlp,sample,5381,163,4,2000,0.9861263290434635,133.29082070806962,78.23024803797404,0.0,0.1756840905030222
5,P4,P4 / M5,7,source_pretrained_mlp,sample,5384,163,4,5000,0.9763798186993253,155.7397479604278,94.77155009508132,0.0,0.23922540538920678
5,P4,P4 / M5,7,source_pretrained_mlp,sample,5414,164,4,2000,0.9766876757421334,168.77126698794825,86.1577601591746,1.0,0.3694867739070815
5,P4,P4 / M5,7,source_pretrained_mlp,sample,5534,167,6,1000,0.7579198939659388,566.5087388773875,385.00595410664874,1.0,0.745992841096627
5,P4,P4 / M5,7,source_pretrained_mlp,sample,5617,170,4,7000,0.9822542253692217,141.9601879955491,78.12517684698105,1.0,0.1444637516535343
5,P4,P4 / M5,7,source_pretrained_mlp,sample,5658,171,5,4000,0.9577197766057333,202.98291162949616,128.2335102056202,0.0,0.27034197633885676
5,P4,P4 / M5,7,source_pretrained_mlp,sample,5694,172,5,7000,0.9907588279213424,92.5672184879105,52.18262125316419,0.0,0.191396323107416
5,P4,P4 / M5,7,source_pretrained_mlp,sample,5816,176,4,8000,0.987171061033235,113.30124628270949,57.69938633316442,1.0,0.26724768574120406
5,P4,P4 / M5,7,source_pretrained_mlp,sample,5841,177,4,0,0.9895541617436536,118.55627337169645,75.66738191017738,0.0,0.08110643329176377
5,P4,P4 / M5,7,source_pretrained_mlp,sample,5843,177,4,2000,0.8707655509923298,386.1281842184028,193.7973749216865,0.0,0.23223768540572767
5,P4,P4 / M5,7,source_pretrained_mlp,sample,5858,177,5,6000,0.9798037950442162,139.5091212787472,91.34282290935516,0.0,0.20259350121541572
5,P4,P4 / M5,7,source_pretrained_mlp,sample,5887,178,5,2000,0.9754135308821748,167.02473327455664,98.68877581989064,0.0,0.2102310252956132
5,P4,P4 / M5,7,source_pretrained_mlp,sample,6248,189,5,0,0.9841615457381797,140.7931151356453,88.2368659178416,0.0,0.6839229590516617
5,P4,P4 / M5,7,source_pretrained_mlp,sample,6299,190,6,7000,0.9695951552160412,179.42309296918594,106.2109465756837,1.0,0.1754929792681986
5,P4,P4 / M5,7,source_pretrained_mlp,sample,6359,192,6,1000,0.924305319309475,304.73653165020346,180.48578345775604,0.0,0.18956172987575476
5,P4,P4 / M5,7,source_pretrained_mlp,sample,6407,194,4,5000,0.9796314538241367,140.01047826606887,80.54002600624447,0.0,0.046107113960040184
5,P4,P4 / M5,7,source_pretrained_mlp,sample,6425,194,6,1000,0.9125806913969364,330.568481579298,166.54473900794983,0.0,0.25168863034620936
5,P4,P4 / M5,7,source_pretrained_mlp,sample,6466,195,6,9000,0.9928367756059762,88.27666882962315,46.88200559616089,0.0,0.1218941835587636
5,P4,P4 / M5,7,source_pretrained_mlp,sample,6743,204,5,0,0.9562271621068291,225.70551586780743,121.66673918068409,1.0,0.12323453890207434
5,P4,P4 / M5,7,source_pretrained_mlp,sample,6752,204,5,9000,0.9875532249928987,101.42304955358564,65.10157903872039,0.0,0.404524670585674
5,P4,P4 / M5,7,source_pretrained_mlp,sample,6762,204,6,8000,0.9878320551703889,116.64632472316882,77.01676452159882,1.0,0.2808077159596257
5,P4,P4 / M5,7,source_pretrained_mlp,sample,6839,207,4,8000,0.9849007287804508,127.90587883877816,78.49186569452286,0.0,0.12939295370547002
5,P4,P4 / M5,7,source_pretrained_mlp,sample,6878,208,5,3000,0.9393910694413197,250.9104674400389,159.37757803412046,1.0,0.36928651780231575
5,P4,P4 / M5,7,source_pretrained_mlp,sample,6970,211,4,7000,0.6122447436046146,634.559381988445,379.8636865615845,3.0,0.5019581470135469
5,P4,P4 / M5,7,source_pretrained_mlp,sample,6983,211,5,9000,-4818.6305206719835,64671.23693510633,26244.153413371037,13.0,2923.3803691613125
5,P4,P4 / M5,7,source_pretrained_mlp,sample,6987,211,6,2000,0.956009641533961,224.19686611079143,148.69144302255967,0.0,0.23579768297827608
5,P4,P4 / M5,7,source_pretrained_mlp,sample,7035,213,4,6000,0.9910994913287066,97.33362066142675,58.777337074279785,0.0,0.41912851050633276
5,P4,P4 / M5,7,source_pretrained_mlp,sample,7063,214,4,1000,-1332.415592270499,37382.995714409306,9277.452506115562,7.0,62.33887671805792
5,P4,P4 / M5,7,source_pretrained_mlp,sample,7090,214,6,6000,0.9807176324205744,147.63351591954134,92.54199798901875,0.0,0.5231188020162852
5,P4,P4 / M5,7,source_pretrained_mlp,sample,7141,216,5,2000,0.9782405531735072,150.10980376688602,90.2569152381685,0.0,0.19149406532248597
5,P4,P4 / M5,7,source_pretrained_mlp,sample,7214,218,5,9000,-12021.15186649253,97080.54732448568,58887.6278032823,2.0,2812.8343073556766
5,P4,P4 / M5,7,source_pretrained_mlp,sample,7257,219,6,8000,-3305.6261033029286,59645.890868263385,27341.94626379013,9.0,2358.4469907450352
5,P4,P4 / M5,7,source_pretrained_mlp,sample,7309,221,5,5000,0.9911688192707454,88.14780069916004,53.630683195590976,0.0,0.42742291419019834
5,P4,P4 / M5,7,source_pretrained_mlp,sample,7333,222,4,7000,0.8018100073192098,451.16999742986656,264.8712769396165,2.0,1.1560810595541522
5,P4,P4 / M5,7,source_pretrained_mlp,sample,7411,224,5,8000,-1704.1991001667689,38837.15219637224,11668.855325804816,12.0,1776.7324723430193
5,P4,P4 / M5,7,source_pretrained_mlp,sample,7422,224,6,8000,-8.47643822513166,3187.3218018560565,1465.9709097743034,8.0,122.71810140767309
5,P4,P4 / M5,7,source_pretrained_mlp,sample,7439,225,5,3000,0.9079527280737423,300.64166507058314,189.26735247506036,0.0,0.3534057256465533
5,P4,P4 / M5,7,source_pretrained_mlp,sample,7451,225,6,4000,0.9916116535618495,98.77787883648689,66.37121181488037,0.0,0.37649398080316226
5,P4,P4 / M5,7,source_pretrained_mlp,sample,7578,229,5,10000,-5.9017779012525935,2351.803573909217,708.9629301899358,6.0,0.787796752131476
5,P4,P4 / M5,7,source_pretrained_mlp,sample,7764,235,4,9000,-6344.478061284036,80283.392879153,44238.27961472904,12.0,2820.491820962676
5,P4,P4 / M5,7,source_pretrained_mlp,sample,7785,235,6,8000,-2.289914593629873,1934.1809653744542,843.1151877045631,2.0,49.07786128827665
5,P4,P4 / M5,7,source_pretrained_mlp,sample,7869,238,5,4000,0.9022909429767008,300.761063996446,150.43654646371542,0.0,1.1386148167000023
5,P4,P4 / M5,7,source_pretrained_mlp,sample,7884,238,6,8000,-1583.5925843714929,42266.51526692987,12608.432861806948,10.0,1724.1575028774284
5,P4,P4 / M5,7,source_pretrained_mlp,sample,7923,240,4,3000,0.9866189930078804,119.12690739977334,70.501520058688,0.0,0.280414928143605
5,P4,P4 / M5,7,source_pretrained_mlp,sample,7931,240,5,0,0.9945519925714149,80.33007363258221,42.50206582886832,1.0,0.24619913213420308
5,P4,P4 / M5,7,source_pretrained_mlp,sample,7948,240,6,6000,0.9714668539810188,183.03745343100596,112.23988168056195,1.0,0.23672927036100055
5,P4,P4 / M5,7,source_pretrained_mlp,sample,7971,241,5,7000,0.9762509583470568,141.6785931490767,95.09193444745615,0.0,0.9795362073094359
5,P4,P4 / M5,7,source_pretrained_mlp,sample,8015,242,6,7000,0.9883355593411227,114.976992241695,73.67042363484701,0.0,0.4167849004668958
5,P4,P4 / M5,7,source_pretrained_mlp,sample,8259,250,4,9000,0.9834378484524344,128.03155950380048,81.16387623899124,0.0,0.5350794778629218
5,P4,P4 / M5,7,source_pretrained_mlp,sample,8325,252,4,9000,0.9901498568782755,105.27668015988891,66.72468519210815,0.0,0.3576537226911341
5,P4,P4 / M5,7,source_pretrained_mlp,sample,8330,252,5,3000,-9.780901639054594,3273.2366849927666,1389.090593179067,2.0,0.06762350117567963
5,P4,P4 / M5,7,source_pretrained_mlp,sample,8407,254,6,3000,0.8656034821170462,401.90271402046596,235.98035147315576,1.0,0.31217805898219325
5,P4,P4 / M5,7,source_pretrained_mlp,sample,8441,255,6,4000,0.9915305540036137,105.75181348355493,64.31777235865593,0.0,0.41004166806052367
5,P4,P4 / M5,7,proposed_prior_regularized,sample,33,1,4,0,0.9864140451467496,120.61627479324054,62.49747997836063,0.0,0.1827111384595576
5,P4,P4 / M5,7,proposed_prior_regularized,sample,34,1,4,1000,0.9943247403653466,79.6155026473481,43.67924343215095,0.0,0.061888171276051354
5,P4,P4 / M5,7,proposed_prior_regularized,sample,107,3,4,8000,0.9829419605108063,135.5203676188027,65.43282993634541,1.0,0.07895478039532366
5,P4,P4 / M5,7,proposed_prior_regularized,sample,117,3,5,7000,0.9775747439428211,135.42003702133448,72.40402084047145,0.0,0.0647428022555445
5,P4,P4 / M5,7,proposed_prior_regularized,sample,166,5,4,1000,0.9797648037494241,147.05141579308312,88.71559708648257,0.0,0.23593792493112306
5,P4,P4 / M5,7,proposed_prior_regularized,sample,279,8,5,4000,0.9885411071922581,109.0476947016711,65.29354760050774,0.0,0.27780336526745664
5,P4,P4 / M5,7,proposed_prior_regularized,sample,281,8,5,6000,0.9915157926184389,87.80562325473959,49.797351724223084,1.0,0.0885185896911762
5,P4,P4 / M5,7,proposed_prior_regularized,sample,363,11,4,0,0.995324633711264,79.63113789566358,51.197915060179575,0.0,0.3339184643100604
5,P4,P4 / M5,7,proposed_prior_regularized,sample,389,11,6,4000,0.9880156372183131,117.80654671135504,65.10001565615336,1.0,0.09927923037569107
5,P4,P4 / M5,7,proposed_prior_regularized,sample,423,12,6,5000,0.9762452814192695,168.836162117755,82.78789011169883,1.0,0.07772228697804053
5,P4,P4 / M5,7,proposed_prior_regularized,sample,621,18,6,5000,0.9557108279310536,231.30183505251628,135.85400415869321,1.0,0.0758318375175896
5,P4,P4 / M5,7,proposed_prior_regularized,sample,642,19,5,4000,0.9868016000250839,114.46360557911377,58.18195777190359,0.0,0.06171994717719489
5,P4,P4 / M5,7,proposed_prior_regularized,sample,694,21,4,1000,0.9849575136837784,141.33338745296317,85.83342843396323,1.0,0.13184407360658806
5,P4,P4 / M5,7,proposed_prior_regularized,sample,695,21,4,2000,0.9981986424497266,48.75761662912226,30.066608786582947,0.0,0.24068029317900513
5,P4,P4 / M5,7,proposed_prior_regularized,sample,782,23,6,1000,0.9859611759917918,134.6308306077974,97.74800282258254,1.0,0.047509191426981866
5,P4,P4 / M5,7,proposed_prior_regularized,sample,881,26,6,1000,0.9985275761135349,44.757169712688366,30.71177761895316,0.0,0.44377851035874166
5,P4,P4 / M5,7,proposed_prior_regularized,sample,990,30,4,0,0.9980918671680878,50.6879134481146,33.77824093500773,0.0,0.08994313567670956
5,P4,P4 / M5,7,proposed_prior_regularized,sample,997,30,4,7000,0.9855149484823388,127.22695103093062,71.18795606964513,0.0,0.30722427314257883
5,P4,P4 / M5,7,proposed_prior_regularized,sample,1035,31,5,1000,0.9954120028139471,75.09502404879767,45.36266216209957,0.0,0.22826325670765196
5,P4,P4 / M5,7,proposed_prior_regularized,sample,1054,31,6,9000,0.9873371852375048,115.3893143699483,60.271955941852774,1.0,0.21046082800334992
5,P4,P4 / M5,7,proposed_prior_regularized,sample,1056,32,4,0,0.9881273001439644,121.98667657564079,67.51306021914763,0.0,0.11372880257071556
5,P4,P4 / M5,7,proposed_prior_regularized,sample,1070,32,5,3000,0.9929245096929855,88.63206599596658,55.34790703829597,0.0,0.06832749418594501
5,P4,P4 / M5,7,proposed_prior_regularized,sample,1107,33,5,7000,0.9936247147040149,78.43094039157097,55.38026767306857,0.0,0.1548389551804277
5,P4,P4 / M5,7,proposed_prior_regularized,sample,1168,35,5,2000,0.9908962164022009,98.75776823860718,53.00833421594956,1.0,0.08828221690778286
5,P4,P4 / M5,7,proposed_prior_regularized,sample,1224,37,4,3000,0.9967128626670526,59.47144475091971,31.627236366271973,0.0,0.24254953958126504
5,P4,P4 / M5,7,proposed_prior_regularized,sample,1273,38,5,8000,0.9757194193913515,145.66966643525512,80.56440460114251,1.0,0.21868462650963333
5,P4,P4 / M5,7,proposed_prior_regularized,sample,1296,39,4,9000,0.9950327036494127,75.61964772736508,41.601838757010064,0.0,0.08116858352802718
5,P4,P4 / M5,7,proposed_prior_regularized,sample,1389,42,4,3000,0.7120014884241677,593.7382228815721,345.419293358922,0.0,1.5024526074363909
5,P4,P4 / M5,7,proposed_prior_regularized,sample,1442,43,6,1000,0.9922720161281938,100.44681052931438,71.7596789768764,0.0,0.3900887762260006
5,P4,P4 / M5,7,proposed_prior_regularized,sample,1467,44,5,4000,0.9734647067406202,163.4206318841832,106.6420436501503,0.0,0.36325304396624025
5,P4,P4 / M5,7,proposed_prior_regularized,sample,1576,47,6,3000,0.9883071216905559,120.11752969719824,62.8328245083491,0.0,0.06506260389545689
5,P4,P4 / M5,7,proposed_prior_regularized,sample,1632,49,5,4000,0.9841405250932982,129.27000760255603,67.93279090192583,1.0,0.0824628129105511
5,P4,P4 / M5,7,proposed_prior_regularized,sample,1736,52,5,9000,0.9928048263356657,79.433520061546,55.71046715690976,0.0,0.9783857428089278
5,P4,P4 / M5,7,proposed_prior_regularized,sample,1867,56,5,8000,0.9601686134597395,195.5781142756135,101.08055649305645,0.0,0.2815670026274455
5,P4,P4 / M5,7,proposed_prior_regularized,sample,2061,62,5,4000,0.9856550519596186,117.50036346252404,58.669450441996254,0.0,0.10213542510692697
5,P4,P4 / M5,7,proposed_prior_regularized,sample,2192,66,5,3000,0.9925854208472088,86.98433975557444,51.50273804915579,0.0,0.11105084832364442
5,P4,P4 / M5,7,proposed_prior_regularized,sample,2237,67,6,4000,0.9772430348614358,158.97544471165745,85.12423308491707,0.0,0.32216151193913084
5,P4,P4 / M5,7,proposed_prior_regularized,sample,2276,68,6,10000,0.984333287565061,130.65206394898195,74.14789836030258,1.0,0.2573895425804409
5,P4,P4 / M5,7,proposed_prior_regularized,sample,2296,69,5,8000,0.9854333436600066,116.1188950782592,70.668692111969,0.0,0.16298823997013417
5,P4,P4 / M5,7,proposed_prior_regularized,sample,2319,70,4,9000,0.9941335698410927,81.39987493198308,45.86308111084832,0.0,0.06808990291836871
5,P4,P4 / M5,7,proposed_prior_regularized,sample,2345,71,4,2000,0.9814351788203378,153.0278833714827,91.995699852705,0.0,0.10643613644422995
5,P4,P4 / M5,7,proposed_prior_regularized,sample,2388,72,5,1000,0.9838131730111589,140.91365531171527,80.82020497322083,0.0,0.19674371498196694
5,P4,P4 / M5,7,proposed_prior_regularized,sample,2424,73,5,4000,0.9761238518985463,158.2524384424305,79.69524767524318,1.0,0.35857219419151615
5,P4,P4 / M5,7,proposed_prior_regularized,sample,2508,76,4,0,0.9826895744460649,151.37431689479416,77.43695455789566,0.0,0.0376819815203109
5,P4,P4 / M5,7,proposed_prior_regularized,sample,2546,77,4,5000,0.9882801900445717,117.73828274014917,69.1243097080904,0.0,0.04564980850331972
5,P4,P4 / M5,7,proposed_prior_regularized,sample,2573,77,6,10000,0.9956078266531533,70.7865062249408,40.71452307701111,0.0,0.24211661769762052
5,P4,P4 / M5,7,proposed_prior_regularized,sample,2692,81,5,8000,0.9909764743444455,93.45608538731092,42.261476596196495,0.0,0.11573637327353542
5,P4,P4 / M5,7,proposed_prior_regularized,sample,2711,82,4,5000,0.997015380492374,61.45092286381788,45.36663971628462,0.0,0.3989098539053402
5,P4,P4 / M5,7,proposed_prior_regularized,sample,2720,82,5,3000,0.9751136354616387,162.3050283579888,102.61209987339221,1.0,0.44411316820130964
5,P4,P4 / M5,7,proposed_prior_regularized,sample,2747,83,4,8000,0.9899204706357853,105.61459304004612,68.23337969515059,0.0,0.05728061175883974
5,P4,P4 / M5,7,proposed_prior_regularized,sample,2857,86,5,8000,0.9943968411606166,72.62746735850696,43.64891370534897,0.0,0.41202757108599003
5,P4,P4 / M5,7,proposed_prior_regularized,sample,2858,86,5,9000,0.9584930684171512,192.68922816589966,114.23200979016043,1.0,0.18513444276603613
5,P4,P4 / M5,7,proposed_prior_regularized,sample,3158,95,6,1000,0.9410379746798733,281.9793540764009,145.45861899058025,0.0,0.11395648904486988
5,P4,P4 / M5,7,proposed_prior_regularized,sample,3159,95,6,2000,0.992559750822386,98.67662780525309,64.43519221033368,0.0,0.3350854778165201
5,P4,P4 / M5,7,proposed_prior_regularized,sample,3236,98,4,2000,0.9834336350482635,144.12247337624132,76.26675355434418,1.0,0.05430856353164074
5,P4,P4 / M5,7,proposed_prior_regularized,sample,3266,98,6,10000,0.9909065174149414,103.31492892666208,68.10032606124878,0.0,0.3214602447024426
5,P4,P4 / M5,7,proposed_prior_regularized,sample,3331,100,6,9000,0.9656974447196999,200.09454387204556,141.38491576247745,0.0,0.05977611277347794
5,P4,P4 / M5,7,proposed_prior_regularized,sample,3332,100,6,10000,0.9868701277814117,125.97003565345365,81.88819724321365,0.0,0.2171040703196244
5,P4,P4 / M5,7,proposed_prior_regularized,sample,3337,101,4,4000,0.9713458152605443,176.68683043452862,102.14469361305237,1.0,0.10777197086971571
5,P4,P4 / M5,7,proposed_prior_regularized,sample,3474,105,4,9000,0.9868140325083927,118.2274564949906,62.338020825386046,0.0,0.27630804719558916
5,P4,P4 / M5,7,proposed_prior_regularized,sample,3485,105,5,9000,0.9974237144612291,47.81099969610569,28.588732140404836,0.0,0.30828521226101185
5,P4,P4 / M5,7,proposed_prior_regularized,sample,3492,105,6,5000,0.9781426007290056,161.53373781827293,80.62457156181335,1.0,0.0687802043704784
5,P4,P4 / M5,7,proposed_prior_regularized,sample,3500,106,4,2000,0.9724293119390819,179.1134053684174,105.99822172853682,0.0,0.028363652344053338
5,P4,P4 / M5,7,proposed_prior_regularized,sample,3514,106,5,5000,0.9698693576001326,180.84260133384979,100.20623050016515,0.0,0.17116095459073513
5,P4,P4 / M5,7,proposed_prior_regularized,sample,3519,106,5,10000,0.9858141447292043,112.55916595129568,70.68690041133335,0.0,0.18050041081539114
5,P4,P4 / M5,7,proposed_prior_regularized,sample,3566,108,4,2000,0.9881462206847362,116.07637828827784,61.868981555888524,0.0,0.1652330595648415
5,P4,P4 / M5,7,proposed_prior_regularized,sample,3751,113,6,0,0.9729068882938181,195.18329324459575,113.76429710021385,0.0,0.06409079711897789
5,P4,P4 / M5,7,proposed_prior_regularized,sample,3772,114,4,10000,0.9936713891746205,82.67463668605936,41.658151268959045,0.0,0.045861195403455186
5,P4,P4 / M5,7,proposed_prior_regularized,sample,3805,115,4,10000,0.9953783344652201,73.42078709482155,48.0131828364204,0.0,0.09650076822291649
5,P4,P4 / M5,7,proposed_prior_regularized,sample,3828,116,4,0,0.9880463230951546,126.57861311340419,75.14480527809688,0.0,0.13977017111082557
5,P4,P4 / M5,7,proposed_prior_regularized,sample,3858,116,6,8000,0.9920108556868182,97.45631955289515,65.50033450126648,0.0,0.305426098195338
5,P4,P4 / M5,7,proposed_prior_regularized,sample,3919,118,6,3000,0.9825646645891584,148.98341806770665,87.42426784833272,1.0,0.17378365692976225
5,P4,P4 / M5,7,proposed_prior_regularized,sample,4048,122,6,0,0.9929174359279908,97.59098064453289,59.66268590518406,0.0,0.09161992154208791
5,P4,P4 / M5,7,proposed_prior_regularized,sample,4188,126,6,8000,0.9942114682241111,82.73498410823777,55.494489908218384,0.0,0.3613385504889216
5,P4,P4 / M5,7,proposed_prior_regularized,sample,4189,126,6,9000,0.9686674534109814,191.1000510269037,108.946393892169,1.0,0.3702438004315111
5,P4,P4 / M5,7,proposed_prior_regularized,sample,4193,127,4,2000,0.9926908187721425,89.11586514723624,48.87242740078976,0.0,0.07006707790244134
5,P4,P4 / M5,7,proposed_prior_regularized,sample,4225,128,4,1000,0.9963793657477561,68.80213848415404,44.394344366513764,1.0,0.1169766867004943
5,P4,P4 / M5,7,proposed_prior_regularized,sample,4448,134,6,4000,0.9821254118721746,143.05069896574892,74.81329601689389,0.0,0.2713077346708331
5,P4,P4 / M5,7,proposed_prior_regularized,sample,4461,135,4,6000,0.9912439973396406,97.28950047247747,52.617654495769074,0.0,0.08776720475392298
5,P4,P4 / M5,7,proposed_prior_regularized,sample,4524,137,4,3000,0.9916868975829833,97.02940772661374,59.200427153531244,1.0,0.05385443451690503
5,P4,P4 / M5,7,proposed_prior_regularized,sample,4565,138,5,0,0.9853402267671038,130.8842586829671,73.65912640795989,0.0,0.37230709835636644
5,P4,P4 / M5,7,proposed_prior_regularized,sample,4607,139,5,9000,0.9949918504075748,65.50650497175431,37.948303689127385,0.0,0.08297142455106428
5,P4,P4 / M5,7,proposed_prior_regularized,sample,4647,140,6,5000,0.9958699018954831,67.38176998443228,38.59702653633921,0.0,0.43297185098124963
5,P4,P4 / M5,7,proposed_prior_regularized,sample,4717,142,6,9000,0.9875429230275932,115.25110513306507,62.14479577541351,0.0,0.14199755377759432
5,P4,P4 / M5,7,proposed_prior_regularized,sample,4776,144,6,2000,0.9694189172707631,184.78767542020668,105.07395813465118,0.0,0.1212666301573944
5,P4,P4 / M5,7,proposed_prior_regularized,sample,4792,145,4,7000,0.9826187809993893,134.7708886820731,72.33481157453437,1.0,0.1477723009316285
5,P4,P4 / M5,7,proposed_prior_regularized,sample,4826,146,4,8000,0.9519043650848131,218.16591459108946,113.78881023043678,0.0,0.10554817774475875
5,P4,P4 / M5,7,proposed_prior_regularized,sample,4849,146,6,9000,0.992436032860449,91.48064172795009,50.61631456543417,0.0,0.09481366111152531
5,P4,P4 / M5,7,proposed_prior_regularized,sample,4869,147,5,7000,0.9914990972910886,86.25141855539293,45.98172621499924,1.0,0.18379408937781927
5,P4,P4 / M5,7,proposed_prior_regularized,sample,4877,147,6,4000,0.9955251472646313,74.60630825117468,39.76987960934639,1.0,0.04351859193095163
5,P4,P4 / M5,7,proposed_prior_regularized,sample,4929,149,5,1000,0.9933274185216034,84.70619401672293,42.83567149498884,0.0,0.04103778752745133
5,P4,P4 / M5,7,proposed_prior_regularized,sample,4949,149,6,10000,0.9935849202895125,85.77654929465285,62.16729383468628,1.0,0.3675501744531065
5,P4,P4 / M5,7,proposed_prior_regularized,sample,5043,152,6,5000,0.9873940614171742,113.79646840189066,64.17687492370605,0.0,0.2738079611066703
5,P4,P4 / M5,7,proposed_prior_regularized,sample,5101,154,5,8000,0.9349751760013815,225.32223561296135,125.73211168206257,0.0,0.1015404053476279
5,P4,P4 / M5,7,proposed_prior_regularized,sample,5112,154,6,8000,0.9931059144851385,86.44217673366465,42.63585923847399,0.0,0.25493555305920274
5,P4,P4 / M5,7,proposed_prior_regularized,sample,5144,155,6,7000,0.9870320766059858,120.37749032376237,71.56006020658157,0.0,0.16916359776866674
5,P4,P4 / M5,7,proposed_prior_regularized,sample,5316,161,4,3000,0.9746309478599544,162.9658105972504,83.57136425105008,1.0,0.018169041111457052
5,P4,P4 / M5,7,proposed_prior_regularized,sample,5381,163,4,2000,0.998661372949194,41.40324165972575,27.229750426610313,0.0,0.06438666655658906
5,P4,P4 / M5,7,proposed_prior_regularized,sample,5384,163,4,5000,0.9780754946629712,150.0454242794966,81.48866094946861,0.0,0.2786793034653432
5,P4,P4 / M5,7,proposed_prior_regularized,sample,5414,164,4,2000,0.9986233339712586,41.012856734872166,24.595609299341838,0.0,0.08631286815272281
5,P4,P4 / M5,7,proposed_prior_regularized,sample,5534,167,6,1000,0.9926943466083505,98.41393454192354,62.367116928100586,0.0,0.3855993342340479
5,P4,P4 / M5,7,proposed_prior_regularized,sample,5617,170,4,7000,0.9833915556111226,137.33573725724767,76.6079763174057,0.0,0.056932764727682265
5,P4,P4 / M5,7,proposed_prior_regularized,sample,5658,171,5,4000,0.981112650836751,135.66766354547377,66.8878797606418,0.0,0.24441828335209592
5,P4,P4 / M5,7,proposed_prior_regularized,sample,5694,172,5,7000,0.9967778072023148,54.65997725702331,35.7518026577799,0.0,0.2761843377241285
5,P4,P4 / M5,7,proposed_prior_regularized,sample,5816,176,4,8000,0.9903450250872606,98.29125773568033,53.380134093134025,1.0,0.2006631423944364
5,P4,P4 / M5,7,proposed_prior_regularized,sample,5841,177,4,0,0.9960169811614841,73.20808916169842,45.77960520524245,1.0,0.050601417321145266
5,P4,P4 / M5,7,proposed_prior_regularized,sample,5843,177,4,2000,0.9926457949738666,92.1107294516622,57.49031960262972,0.0,0.10402155379280809
5,P4,P4 / M5,7,proposed_prior_regularized,sample,5858,177,5,6000,0.9934285249395947,79.57912334395861,46.85594695144229,0.0,0.1051387509581559
5,P4,P4 / M5,7,proposed_prior_regularized,sample,5887,178,5,2000,0.9760586159615889,164.81902151741232,112.16515452721539,0.0,0.13123391820918376
5,P4,P4 / M5,7,proposed_prior_regularized,sample,6248,189,5,0,0.9901591803246819,110.97896176926143,64.52849489847819,0.0,0.5937900647225353
5,P4,P4 / M5,7,proposed_prior_regularized,sample,6299,190,6,7000,0.9809156131175258,142.1497334433431,75.66542883480297,1.0,0.19811420435730528
5,P4,P4 / M5,7,proposed_prior_regularized,sample,6359,192,6,1000,0.9941953998814348,84.38747510299797,52.98145777838571,0.0,0.29487477059601264
5,P4,P4 / M5,7,proposed_prior_regularized,sample,6407,194,4,5000,0.9832871607713192,126.82522482954029,67.63014131500607,0.0,0.12308485790323907
5,P4,P4 / M5,7,proposed_prior_regularized,sample,6425,194,6,1000,0.9718785996972652,187.48918900687053,114.98707191760724,0.0,0.22803313523967259
5,P4,P4 / M5,7,proposed_prior_regularized,sample,6466,195,6,9000,0.9813956023130552,142.26545777036372,67.87525622049968,0.0,0.14047657879634198
5,P4,P4 / M5,7,proposed_prior_regularized,sample,6743,204,5,0,0.9976136798935648,52.69921802200588,33.78393733501434,1.0,0.09705204099717966
5,P4,P4 / M5,7,proposed_prior_regularized,sample,6752,204,5,9000,0.9938743555660627,71.15151261889173,42.40640283885755,1.0,0.3523949286492551
5,P4,P4 / M5,7,proposed_prior_regularized,sample,6762,204,6,8000,0.9879210590752844,116.2189299021717,67.50963713228703,1.0,0.23303183830141588
5,P4,P4 / M5,7,proposed_prior_regularized,sample,6839,207,4,8000,0.9927250185951297,88.78272216494867,63.16340510547161,0.0,0.18706286762883428
5,P4,P4 / M5,7,proposed_prior_regularized,sample,6878,208,5,3000,0.9887484383614383,108.10776050806743,75.13675491950092,0.0,0.08031685437190954
5,P4,P4 / M5,7,proposed_prior_regularized,sample,6970,211,4,7000,0.9943763101281989,76.41948454708051,48.39612755510542,0.0,0.06272010377586813
5,P4,P4 / M5,7,proposed_prior_regularized,sample,6983,211,5,9000,0.986481904780747,108.308376309146,64.44163590983341,0.0,0.21055852402627043
5,P4,P4 / M5,7,proposed_prior_regularized,sample,6987,211,6,2000,0.9870920981004945,121.4447136419579,65.19356872053707,0.0,0.18355458632928923
5,P4,P4 / M5,7,proposed_prior_regularized,sample,7035,213,4,6000,0.9872130257215764,116.66467102258211,65.84857931137086,0.0,0.1535324122749524
5,P4,P4 / M5,7,proposed_prior_regularized,sample,7063,214,4,1000,0.9786132621404607,149.7144121707263,86.78690382053978,0.0,0.11416010152323842
5,P4,P4 / M5,7,proposed_prior_regularized,sample,7090,214,6,6000,0.991305370706252,99.13575511038897,48.88458348910014,0.0,0.36774938717577305
5,P4,P4 / M5,7,proposed_prior_regularized,sample,7141,216,5,2000,0.9938931815260764,79.52297838073814,45.69719566239251,0.0,0.12468706340698844
5,P4,P4 / M5,7,proposed_prior_regularized,sample,7214,218,5,9000,0.989909120853164,88.94173841249496,55.953317457979374,0.0,0.22377448058708063
5,P4,P4 / M5,7,proposed_prior_regularized,sample,7257,219,6,8000,0.9603877040796914,206.4443454769049,99.97422884404659,1.0,0.2190087788549855
5,P4,P4 / M5,7,proposed_prior_regularized,sample,7309,221,5,5000,0.9911302461240191,88.34009850334898,47.56212668418884,0.0,0.3283783498369748
5,P4,P4 / M5,7,proposed_prior_regularized,sample,7333,222,4,7000,0.9831449646863398,131.57221442705134,74.02353230644675,0.0,0.08991235443649885
5,P4,P4 / M5,7,proposed_prior_regularized,sample,7411,224,5,8000,0.9860022362700296,111.27283649656478,63.1475842528873,1.0,0.25065296268251586
5,P4,P4 / M5,7,proposed_prior_regularized,sample,7422,224,6,8000,0.9880782788049912,113.05058811732158,84.02769844872611,1.0,0.6615406348829576
5,P4,P4 / M5,7,proposed_prior_regularized,sample,7439,225,5,3000,0.9734209744874168,161.55233307421912,91.23172238137987,1.0,0.1317936560626753
5,P4,P4 / M5,7,proposed_prior_regularized,sample,7451,225,6,4000,0.9931742601572144,89.10383213205375,50.04598995844523,0.0,0.3266793448714479
5,P4,P4 / M5,7,proposed_prior_regularized,sample,7578,229,5,10000,0.9829176361254958,117.00233810252463,76.86362213837474,1.0,0.7033032976275492
5,P4,P4 / M5,7,proposed_prior_regularized,sample,7764,235,4,9000,0.9882708596504481,109.15072785916426,62.421407503240246,0.0,0.0815145876647429
5,P4,P4 / M5,7,proposed_prior_regularized,sample,7785,235,6,8000,0.9976920815693576,51.22889883246887,36.37789364159107,0.0,0.15656949905637363
5,P4,P4 / M5,7,proposed_prior_regularized,sample,7869,238,5,4000,0.9859484313646852,114.05559805244853,67.40608999603673,0.0,0.22311018945628144
5,P4,P4 / M5,7,proposed_prior_regularized,sample,7884,238,6,8000,0.9874992156850625,118.71518253520766,70.87299200693766,0.0,0.3925439904674895
5,P4,P4 / M5,7,proposed_prior_regularized,sample,7923,240,4,3000,0.9902011083693896,101.94218688462698,64.5969421302571,0.0,0.10918879439922077
5,P4,P4 / M5,7,proposed_prior_regularized,sample,7931,240,5,0,0.9885506446579427,116.45277357997189,63.01839181355068,1.0,0.1674688290781656
5,P4,P4 / M5,7,proposed_prior_regularized,sample,7948,240,6,6000,0.9690848060592023,190.5246283295166,119.4857197358058,0.0,0.25679213902255693
5,P4,P4 / M5,7,proposed_prior_regularized,sample,7971,241,5,7000,0.9424372669386073,220.5727684225919,125.90961678028107,1.0,0.3399430216200541
5,P4,P4 / M5,7,proposed_prior_regularized,sample,8015,242,6,7000,0.9955112915338369,71.32465576001738,48.847087383270264,0.0,0.7078760714156007
5,P4,P4 / M5,7,proposed_prior_regularized,sample,8259,250,4,9000,0.9981213264820324,43.120552337815816,27.066423374063827,0.0,0.13446002816331112
5,P4,P4 / M5,7,proposed_prior_regularized,sample,8325,252,4,9000,0.9807343949209096,147.23200882879246,89.01052512620625,1.0,0.201346801700326
5,P4,P4 / M5,7,proposed_prior_regularized,sample,8330,252,5,3000,0.9605945997011249,197.8917731430143,120.247023443381,1.0,0.14217343124966803
5,P4,P4 / M5,7,proposed_prior_regularized,sample,8407,254,6,3000,0.940193095028153,268.1035686000134,157.83807183566847,1.0,0.1161132483419948
5,P4,P4 / M5,7,proposed_prior_regularized,sample,8441,255,6,4000,0.978723957399826,167.612246760551,100.03969091176987,0.0,0.1471359863052636
5,P4,P4 / M5,9,gaussian,sample,33,1,4,0,0.9961471943957425,67.08963524059138,33.53960335843484,0.0,0.344509511319509
5,P4,P4 / M5,9,gaussian,sample,34,1,4,1000,0.995368664482412,73.21397244291684,40.14749522724346,0.0,0.16574315642274826
5,P4,P4 / M5,9,gaussian,sample,107,3,4,8000,0.9908098173807676,101.20609694411424,66.6305818316697,1.0,0.7184250747877189
5,P4,P4 / M5,9,gaussian,sample,117,3,5,7000,0.9786494288857116,131.5737540889348,71.12283792986844,0.0,0.31519258630272917
5,P4,P4 / M5,9,gaussian,sample,166,5,4,1000,0.9890184056877861,108.25337500357918,69.53809190846455,0.0,0.5649585300596308
5,P4,P4 / M5,9,gaussian,sample,279,8,5,4000,0.9868858285296813,119.72957406044456,79.0080965237183,0.0,0.5635580663758235
5,P4,P4 / M5,9,gaussian,sample,281,8,5,6000,0.9913019903847974,89.01263810891525,54.30296957275303,0.0,0.30713048648605457
5,P4,P4 / M5,9,gaussian,sample,363,11,4,0,0.9940602732781227,86.83716830750201,60.43605819040775,0.0,0.47358066196693643
5,P4,P4 / M5,9,gaussian,sample,389,11,6,4000,0.9765337038325382,175.35373564424833,112.06187023875749,1.0,0.5320218596184043
5,P4,P4 / M5,9,gaussian,sample,423,12,6,5000,0.9893764741331245,113.56205347067417,53.907962446646934,1.0,0.11302818405701238
5,P4,P4 / M5,9,gaussian,sample,621,18,6,5000,0.9968544661983675,62.751968493735276,46.68688749823494,0.0,0.4155010748327307
5,P4,P4 / M5,9,gaussian,sample,642,19,5,4000,0.9875411641423457,112.53404714236072,64.19678084428426,0.0,0.3819956937204138
5,P4,P4 / M5,9,gaussian,sample,694,21,4,1000,0.9841565786531918,146.2014867663477,91.54357970454896,1.0,0.6216497754529119
5,P4,P4 / M5,9,gaussian,sample,695,21,4,2000,0.9986234466538881,40.70211741972112,26.2054278777491,0.0,0.31107791797621936
5,P4,P4 / M5,9,gaussian,sample,782,23,6,1000,0.9780805209751628,177.66199126139185,95.94864558091017,1.0,0.6698689573976341
5,P4,P4 / M5,9,gaussian,sample,881,26,6,1000,0.9971935579758684,61.763636628415185,41.789556986528716,0.0,0.21810414470089956
5,P4,P4 / M5,9,gaussian,sample,990,30,4,0,0.9940395900356808,88.22462855795169,51.9695365679611,0.0,0.10870586117334034
5,P4,P4 / M5,9,gaussian,sample,997,30,4,7000,0.9962159793095806,65.65229699122817,40.14253098177807,1.0,0.21470873426896894
5,P4,P4 / M5,9,gaussian,sample,1035,31,5,1000,0.9950613774704141,77.59385617903582,47.66937120854723,0.0,0.296344486983024
5,P4,P4 / M5,9,gaussian,sample,1054,31,6,9000,0.9876547247761885,113.55670382031008,53.18458910412974,1.0,0.4072481867408214
5,P4,P4 / M5,9,gaussian,sample,1056,32,4,0,0.990179204989563,112.80889833510939,72.7953799147618,0.0,0.421050902578639
5,P4,P4 / M5,9,gaussian,sample,1070,32,5,3000,0.990091041279782,106.75938705949139,69.7650753414993,1.0,0.5215310891195225
5,P4,P4 / M5,9,gaussian,sample,1107,33,5,7000,0.9939988439001565,76.82761765768802,52.915431104848395,0.0,0.6511405090873027
5,P4,P4 / M5,9,gaussian,sample,1168,35,5,2000,0.9889533648455046,110.32896144562875,66.13445288810222,0.0,0.6429802915884811
5,P4,P4 / M5,9,gaussian,sample,1224,37,4,3000,0.997912688476961,49.38373474106638,28.61885368650985,0.0,0.12018656507969051
5,P4,P4 / M5,9,gaussian,sample,1273,38,5,8000,0.9844269896653931,116.86752671917634,69.62113212886469,1.0,0.23422424623370558
5,P4,P4 / M5,9,gaussian,sample,1296,39,4,9000,0.99685338577766,60.931896766521945,32.73879669637119,0.0,0.41637848250103504
5,P4,P4 / M5,9,gaussian,sample,1389,42,4,3000,0.9985603544924125,41.50309615934859,25.076119877356927,0.0,0.4347498358654505
5,P4,P4 / M5,9,gaussian,sample,1442,43,6,1000,0.9909968321568908,103.44708566726851,67.01972198612981,0.0,0.2501448264873459
5,P4,P4 / M5,9,gaussian,sample,1467,44,5,4000,0.9971587861966681,54.69670906961612,32.78277012519595,0.0,0.3354155804131134
5,P4,P4 / M5,9,gaussian,sample,1576,47,6,3000,0.9920967128024033,100.90520886809001,47.27839241648251,0.0,0.09747230913228407
5,P4,P4 / M5,9,gaussian,sample,1632,49,5,4000,0.9944508606457779,76.73614812754266,48.491594333002105,1.0,0.3526101158364757
5,P4,P4 / M5,9,gaussian,sample,1736,52,5,9000,0.9923841263088493,82.39023570704487,47.129635020891214,0.0,0.41083243268755226
5,P4,P4 / M5,9,gaussian,sample,1867,56,5,8000,0.997062473670471,54.12919697234571,30.353025822436475,0.0,0.32669797210568535
5,P4,P4 / M5,9,gaussian,sample,2061,62,5,4000,0.9897362202788954,100.14985646061093,63.15908768451135,1.0,0.3680784839606201
5,P4,P4 / M5,9,gaussian,sample,2192,66,5,3000,0.9896722551830032,102.40647274259027,61.759451148289614,1.0,0.3665431876981727
5,P4,P4 / M5,9,gaussian,sample,2237,67,6,4000,0.9961360683922178,67.37075374504292,41.243426990933116,0.0,0.5743653955653807
5,P4,P4 / M5,9,gaussian,sample,2276,68,6,10000,0.9869847513117607,121.82695431495212,65.75241968834183,0.0,0.2510713817754217
5,P4,P4 / M5,9,gaussian,sample,2296,69,5,8000,0.9955359347268254,65.41687560936819,36.78836780486909,0.0,0.31342517663396097
5,P4,P4 / M5,9,gaussian,sample,2319,70,4,9000,0.9932669100877896,87.87925356015735,49.425124096577946,0.0,0.14974352505294533
5,P4,P4 / M5,9,gaussian,sample,2345,71,4,2000,0.9947727006676397,80.50084692000682,47.8862960487055,1.0,0.3650001994202455
5,P4,P4 / M5,9,gaussian,sample,2388,72,5,1000,0.9973312238902494,60.4635531892774,40.591269421808356,0.0,0.5486790815960801
5,P4,P4 / M5,9,gaussian,sample,2424,73,5,4000,0.9930475192444423,85.8078792120715,55.898056570837205,1.0,0.389535599197395
5,P4,P4 / M5,9,gaussian,sample,2508,76,4,0,0.9925704771724243,102.72081884176421,53.15058278855937,0.0,0.17525056703351355
5,P4,P4 / M5,9,gaussian,sample,2546,77,4,5000,0.9952630298094389,76.49352242512067,42.682937989777734,0.0,0.2359508519100946
5,P4,P4 / M5,9,gaussian,sample,2573,77,6,10000,0.9899216411899331,107.37763859368009,64.94717476912075,0.0,0.3130751141034404
5,P4,P4 / M5,9,gaussian,sample,2692,81,5,8000,0.9958945327203155,63.83273577926736,45.956060037563724,0.0,0.4403277807203127
5,P4,P4 / M5,9,gaussian,sample,2711,82,4,5000,0.9964943749700061,63.97270434856444,50.44009341237379,0.0,0.5579673110874162
5,P4,P4 / M5,9,gaussian,sample,2720,82,5,3000,0.9912943003763882,96.76418660679391,52.96996304043221,0.0,0.3873787490270482
5,P4,P4 / M5,9,gaussian,sample,2747,83,4,8000,0.9909718267549137,101.04766468845818,65.38104304574043,0.0,0.23000788449153495
5,P4,P4 / M5,9,gaussian,sample,2857,86,5,8000,0.9915002337722255,90.84074681646003,46.57166729395823,0.0,0.29510300231832365
5,P4,P4 / M5,9,gaussian,sample,2858,86,5,9000,0.9973103318248373,49.743077086381135,31.820134488410115,0.0,0.41227450781808406
5,P4,P4 / M5,9,gaussian,sample,3158,95,6,1000,0.9958155508673864,77.53574645189566,46.00617758804853,0.0,0.17272444994838154
5,P4,P4 / M5,9,gaussian,sample,3159,95,6,2000,0.997564149727769,54.387747528299435,38.75914080506694,0.0,0.2816014041580196
5,P4,P4 / M5,9,gaussian,sample,3236,98,4,2000,0.9890216808687637,116.10783089762064,66.90920592045345,0.0,0.36199439503389513
5,P4,P4 / M5,9,gaussian,sample,3266,98,6,10000,0.990495358691152,105.21858207348797,64.92501423594041,1.0,0.46574279327834756
5,P4,P4 / M5,9,gaussian,sample,3331,100,6,9000,0.9957628563516845,70.55778209700537,45.45413049398758,1.0,0.4645583242359532
5,P4,P4 / M5,9,gaussian,sample,3332,100,6,10000,0.9844753130890603,130.6041233340064,95.33797480966088,0.0,0.948994863478602
5,P4,P4 / M5,9,gaussian,sample,3337,101,4,4000,0.990875859185079,102.67937395231264,57.75745074257374,1.0,0.0941999499833354
5,P4,P4 / M5,9,gaussian,sample,3474,105,4,9000,0.993157680927621,86.51304894254461,45.260372671256675,0.0,0.2903781016190095
5,P4,P4 / M5,9,gaussian,sample,3485,105,5,9000,0.9960866469801486,60.154635074806805,43.61383768529601,0.0,0.5442140183215602
5,P4,P4 / M5,9,gaussian,sample,3492,105,6,5000,0.9953267803199645,75.84991521525956,49.07565022118504,0.0,0.22499310329291386
5,P4,P4 / M5,9,gaussian,sample,3500,106,4,2000,0.986123123136248,129.26420042550714,81.70385858091734,0.0,0.26567481525140274
5,P4,P4 / M5,9,gaussian,sample,3514,106,5,5000,0.9981496827864292,45.179567712131146,32.381641235097284,0.0,0.459429716162687
5,P4,P4 / M5,9,gaussian,sample,3519,106,5,10000,0.997208885011586,50.864160500349875,32.3321187501885,0.0,0.4158892002488436
5,P4,P4 / M5,9,gaussian,sample,3566,108,4,2000,0.9940435074973155,83.10659791429468,47.64528045330192,0.0,0.37911626898521766
5,P4,P4 / M5,9,gaussian,sample,3751,113,6,0,0.9883598821494661,131.10375050816776,71.23414830213079,0.0,0.19172429211706976
5,P4,P4 / M5,9,gaussian,sample,3772,114,4,10000,0.9950150698556052,73.9680547715687,39.61410252654642,0.0,0.09848336940849686
5,P4,P4 / M5,9,gaussian,sample,3805,115,4,10000,0.994819719235206,78.62426729922282,44.154868228847725,0.0,0.3216175897987154
5,P4,P4 / M5,9,gaussian,sample,3828,116,4,0,0.9869360275241141,126.57749561359904,89.65366901503991,0.0,0.781146019569111
5,P4,P4 / M5,9,gaussian,sample,3858,116,6,8000,0.9962158028665316,65.47942838103181,46.78800486722193,0.0,0.3812402250182867
5,P4,P4 / M5,9,gaussian,sample,3919,118,6,3000,0.986879790700909,128.14965412708779,90.59772388820764,1.0,0.7089299373746907
5,P4,P4 / M5,9,gaussian,sample,4048,122,6,0,0.9663907439183042,210.2018403488784,113.9379673725403,0.0,0.3368826670866079
5,P4,P4 / M5,9,gaussian,sample,4188,126,6,8000,0.9960515022568858,67.75684402983866,40.378123183463124,1.0,0.540258641617915
5,P4,P4 / M5,9,gaussian,sample,4189,126,6,9000,0.9955795544605731,70.9445790514456,41.23464099057001,0.0,0.4693365557862757
5,P4,P4 / M5,9,gaussian,sample,4193,127,4,2000,0.9941317839025694,80.54174849020545,44.37812625085599,0.0,0.24938621738505007
5,P4,P4 / M5,9,gaussian,sample,4225,128,4,1000,0.9947302782740557,80.63405093488643,52.67456635506776,1.0,0.3670331832921997
5,P4,P4 / M5,9,gaussian,sample,4448,134,6,4000,0.9959737615424907,68.33604534384816,46.623837530702446,0.0,0.2689876977608683
5,P4,P4 / M5,9,gaussian,sample,4461,135,4,6000,0.9982488330567376,43.89951044733165,30.389548021374928,0.0,0.6430073815176611
5,P4,P4 / M5,9,gaussian,sample,4524,137,4,3000,0.9978701984788128,50.09958066899318,33.353708473690816,0.0,0.3132461950028409
5,P4,P4 / M5,9,gaussian,sample,4565,138,5,0,0.9966669260521109,64.43629251185084,43.5223342282687,0.0,0.5248063502339978
5,P4,P4 / M5,9,gaussian,sample,4607,139,5,9000,0.9948593062718034,67.86396997886808,44.32383997283014,0.0,0.5176716692875013
5,P4,P4 / M5,9,gaussian,sample,4647,140,6,5000,0.9849347990866077,131.1078105137101,76.82277159517923,0.0,0.5284729023139084
5,P4,P4 / M5,9,gaussian,sample,4717,142,6,9000,0.9839867816732492,132.342379207615,69.01523631550236,0.0,0.44712230232193695
5,P4,P4 / M5,9,gaussian,sample,4776,144,6,2000,0.9919527430870224,97.63961687162988,60.48109330311739,0.0,0.16861004819716385
5,P4,P4 / M5,9,gaussian,sample,4792,145,4,7000,0.9895087913427398,106.71535125874622,77.24816862073654,1.0,0.6402196644196372
5,P4,P4 / M5,9,gaussian,sample,4826,146,4,8000,0.9905649262974835,96.97816524600155,58.986909998176486,1.0,0.45499026931496805
5,P4,P4 / M5,9,gaussian,sample,4849,146,6,9000,0.9836413118654866,133.9127899589325,82.83395574983999,1.0,0.3652144843040556
5,P4,P4 / M5,9,gaussian,sample,4869,147,5,7000,0.9816026547087473,127.6884452295367,69.89217286531351,0.0,0.5350699210039401
5,P4,P4 / M5,9,gaussian,sample,4877,147,6,4000,0.9934742136180689,90.52244507108757,64.3143906229896,1.0,0.6580117792229497
5,P4,P4 / M5,9,gaussian,sample,4929,149,5,1000,0.98070788602025,146.7178553371147,87.55943969355722,0.0,0.4638576297925115
5,P4,P4 / M5,9,gaussian,sample,4949,149,6,10000,0.9810714971581875,145.18939871770598,105.32645695719772,1.0,1.173144184322698
5,P4,P4 / M5,9,gaussian,sample,5043,152,6,5000,0.9827717209338762,136.89463837669396,73.04652122507628,0.0,0.6492302596879784
5,P4,P4 / M5,9,gaussian,sample,5101,154,5,8000,0.9760391712328653,139.01912891293992,88.87892219756233,0.0,0.8297075313169041
5,P4,P4 / M5,9,gaussian,sample,5112,154,6,8000,0.9809451509761067,145.14592483736834,81.76268924959138,1.0,0.4449183630101896
5,P4,P4 / M5,9,gaussian,sample,5144,155,6,7000,0.9812871312018022,146.6678316665596,78.11254901134082,0.0,0.31055938928615323
5,P4,P4 / M5,9,gaussian,sample,5316,161,4,3000,0.9937726660865298,82.41850278020955,44.152525308996175,0.0,0.14664079121360532
5,P4,P4 / M5,9,gaussian,sample,5381,163,4,2000,0.997417625991692,56.914370710543096,33.794472242064224,0.0,0.2381223297677676
5,P4,P4 / M5,9,gaussian,sample,5384,163,4,5000,0.9938482945507965,81.22435277497794,54.78947910685139,0.0,0.6836437151471951
5,P4,P4 / M5,9,gaussian,sample,5414,164,4,2000,0.9967899227331231,61.99656274753174,38.6962038955385,0.0,0.4047730047463816
5,P4,P4 / M5,9,gaussian,sample,5534,167,6,1000,0.99047597948654,109.47919524190104,82.9073489420065,0.0,0.8142100395634629
5,P4,P4 / M5,9,gaussian,sample,5617,170,4,7000,0.9937157752942716,86.90993908384661,56.8755000506125,0.0,0.4113498422574668
5,P4,P4 / M5,9,gaussian,sample,5658,171,5,4000,0.9846075016251505,125.56224598440241,85.16482625594321,0.0,0.7892702763639048
5,P4,P4 / M5,9,gaussian,sample,5694,172,5,7000,0.9979769753165887,43.95930292242589,31.179039946823288,0.0,0.39626066401978877
5,P4,P4 / M5,9,gaussian,sample,5816,176,4,8000,0.9915579044623873,93.09775528146606,65.35203276406092,1.0,0.5398139665636946
5,P4,P4 / M5,9,gaussian,sample,5841,177,4,0,0.9922450497265884,106.97781193653388,75.90390832476717,1.0,0.4965577950581191
5,P4,P4 / M5,9,gaussian,sample,5843,177,4,2000,0.9880136019815834,118.992357418312,72.58259084401416,0.0,0.28834848145404524
5,P4,P4 / M5,9,gaussian,sample,5858,177,5,6000,0.9920921251028065,87.72594777201809,53.408889907308996,0.0,0.38638006056481994
5,P4,P4 / M5,9,gaussian,sample,5887,178,5,2000,0.9972875821029696,55.892080125569834,41.48662230442035,0.0,0.30427537972261687
5,P4,P4 / M5,9,gaussian,sample,6248,189,5,0,0.9954594855748918,75.11285953531006,53.34335904922629,0.0,0.5505301007118141
5,P4,P4 / M5,9,gaussian,sample,6299,190,6,7000,0.9856744140143295,125.97996975698567,78.08753888531638,1.0,0.8099441941555511
5,P4,P4 / M5,9,gaussian,sample,6359,192,6,1000,0.9872927048151402,123.71178550464731,86.15537463471527,0.0,0.829115134877996
5,P4,P4 / M5,9,gaussian,sample,6407,194,4,5000,0.9896532929161251,100.9688890945394,57.53958683001315,0.0,0.32188191154806395
5,P4,P4 / M5,9,gaussian,sample,6425,194,6,1000,0.950525443285189,245.60658412640763,145.8249324832216,0.0,0.47084840554735913
5,P4,P4 / M5,9,gaussian,sample,6466,195,6,9000,0.9932200905777755,90.00606733909032,66.30349087446642,0.0,1.1091850664042602
5,P4,P4 / M5,9,gaussian,sample,6743,204,5,0,0.9975559197072885,54.86874476450409,40.371161210108745,1.0,0.5040537112218396
5,P4,P4 / M5,9,gaussian,sample,6752,204,5,9000,0.9963625657871835,54.90955266411886,39.898960290116854,0.0,0.5748383382337579
5,P4,P4 / M5,9,gaussian,sample,6762,204,6,8000,0.9885809299936786,114.6417795061665,78.43162206933887,1.0,0.47607556790642996
5,P4,P4 / M5,9,gaussian,sample,6839,207,4,8000,0.9941370980413956,77.77291500752834,57.56962100073455,1.0,0.32202637253501154
5,P4,P4 / M5,9,gaussian,sample,6878,208,5,3000,0.9974201793283731,52.123246395876144,33.10113815088328,0.0,0.3500971249300414
5,P4,P4 / M5,9,gaussian,sample,6970,211,4,7000,0.9977569320519473,48.44681193386372,33.35635635803729,1.0,0.22504273010035292
5,P4,P4 / M5,9,gaussian,sample,6983,211,5,9000,0.9986864250006483,33.8137984269372,24.49781519260094,0.0,0.5487851211997264
5,P4,P4 / M5,9,gaussian,sample,6987,211,6,2000,0.9957888978091016,70.2394670179475,44.927677196108796,0.0,0.3776618063894476
5,P4,P4 / M5,9,gaussian,sample,7035,213,4,6000,0.9886507543753978,107.8642731122902,70.91306135645489,0.0,0.5819182674632635
5,P4,P4 / M5,9,gaussian,sample,7063,214,4,1000,0.9925464736770241,89.44910729074363,56.451155241540185,0.0,0.37508181860831347
5,P4,P4 / M5,9,gaussian,sample,7090,214,6,6000,0.9954846529210754,68.78409626916181,47.42855440913688,0.0,0.7040286888385463
5,P4,P4 / M5,9,gaussian,sample,7141,216,5,2000,0.9951203054317862,71.9478639258285,43.90338625811124,0.0,0.4526208134118019
5,P4,P4 / M5,9,gaussian,sample,7214,218,5,9000,0.9890743400854918,93.18372607446271,62.35140827550786,0.0,0.45216716413764896
5,P4,P4 / M5,9,gaussian,sample,7257,219,6,8000,0.9730266380613506,166.22031448929985,88.98579112291468,1.0,0.5755472056870453
5,P4,P4 / M5,9,gaussian,sample,7309,221,5,5000,0.994602027912257,70.4256481046227,48.77673344999618,0.0,0.7027695529768924
5,P4,P4 / M5,9,gaussian,sample,7333,222,4,7000,0.9877654346998086,113.5330809694848,76.72635728554101,1.0,0.3923657087285852
5,P4,P4 / M5,9,gaussian,sample,7411,224,5,8000,0.9891618362839693,98.23638931731148,55.04848674678985,0.0,0.6823301778673264
5,P4,P4 / M5,9,gaussian,sample,7422,224,6,8000,0.9884970236592248,105.25729453657863,71.9399574671318,1.0,0.8798555164121137
5,P4,P4 / M5,9,gaussian,sample,7439,225,5,3000,0.9883840433487071,106.87923292313226,73.9890430720221,1.0,0.6105649798934184
5,P4,P4 / M5,9,gaussian,sample,7451,225,6,4000,0.9941106322100995,80.35999886649093,49.845798020820475,0.0,0.9544420615250926
5,P4,P4 / M5,9,gaussian,sample,7578,229,5,10000,0.9867902883056909,102.63581782919077,63.50189282897003,0.0,0.8352380961616468
5,P4,P4 / M5,9,gaussian,sample,7764,235,4,9000,0.986317825563252,119.12186229611119,83.60518308421868,0.0,0.852653201507517
5,P4,P4 / M5,9,gaussian,sample,7785,235,6,8000,0.9984052280827218,43.81320630492257,29.804998331468845,0.0,0.34268752767610294
5,P4,P4 / M5,9,gaussian,sample,7869,238,5,4000,0.9872066668103129,111.34789024437295,76.84014424387445,0.0,0.735153227100865
5,P4,P4 / M5,9,gaussian,sample,7884,238,6,8000,0.9831752267900673,138.15825208159643,85.11485312794542,0.0,0.39247069409022967
5,P4,P4 / M5,9,gaussian,sample,7923,240,4,3000,0.9958131658651067,67.95891476030984,42.500011433349485,0.0,0.2957294998360346
5,P4,P4 / M5,9,gaussian,sample,7931,240,5,0,0.9905650482931249,100.63096367422725,68.64126685332671,1.0,0.41612575119109546
5,P4,P4 / M5,9,gaussian,sample,7948,240,6,6000,0.9635425547144157,206.56764869562707,119.81762160797099,1.0,1.1910910949425833
5,P4,P4 / M5,9,gaussian,sample,7971,241,5,7000,0.9821665302030317,123.57486847177103,71.42364544098754,0.0,0.47225427721139857
5,P4,P4 / M5,9,gaussian,sample,8015,242,6,7000,0.9943580266421255,83.56300481563218,54.717804124246705,0.0,0.483197620054616
5,P4,P4 / M5,9,gaussian,sample,8259,250,4,9000,0.9933181734250183,82.4681929400811,55.285858661732306,0.0,0.4091730617516089
5,P4,P4 / M5,9,gaussian,sample,8325,252,4,9000,0.9936847097341881,84.93306000486272,38.509009024309606,0.0,0.36170017508018204
5,P4,P4 / M5,9,gaussian,sample,8330,252,5,3000,0.9793046158178195,141.0101031943902,78.97169717099571,1.0,0.5712369117481384
5,P4,P4 / M5,9,gaussian,sample,8407,254,6,3000,0.9898619526572641,112.10719612016801,58.70652800085719,0.0,0.2890545761530159
5,P4,P4 / M5,9,gaussian,sample,8441,255,6,4000,0.9844364216227913,139.81358759157072,77.83476166187798,0.0,0.2790400244170543
5,P4,P4 / M5,9,spline,sample,33,1,4,0,0.9944836751592745,80.27712277919125,47.91450216268626,0.0,0.18279894330137395
5,P4,P4 / M5,9,spline,sample,34,1,4,1000,0.9965780934022451,62.93249133458059,42.678882235095095,0.0,0.2427047200297397
5,P4,P4 / M5,9,spline,sample,107,3,4,8000,0.9936541628666775,84.0986581855042,56.9606975371162,0.0,0.13994345734613714
5,P4,P4 / M5,9,spline,sample,117,3,5,7000,0.9767068847285483,137.42897453111632,82.64668885486915,0.0,0.5972534206662514
5,P4,P4 / M5,9,spline,sample,166,5,4,1000,0.9834109164066489,133.0515520927433,79.40504678971854,0.0,0.38841270306193715
5,P4,P4 / M5,9,spline,sample,279,8,5,4000,0.9897772383200736,105.70976971732861,65.47181940068525,0.0,0.3015557939781057
5,P4,P4 / M5,9,spline,sample,281,8,5,6000,0.9922138297924944,84.21775835951414,48.282582130074246,0.0,0.43383227454034146
5,P4,P4 / M5,9,spline,sample,363,11,4,0,0.9948955356207894,80.50030200370966,54.635575252554474,0.0,0.9334859400628152
5,P4,P4 / M5,9,spline,sample,389,11,6,4000,0.9744076569751207,183.1250568731188,100.56073138920728,0.0,0.48930984486759105
5,P4,P4 / M5,9,spline,sample,423,12,6,5000,0.9857742894324375,131.41225912190902,75.5695754610106,0.0,0.4957488594645572
5,P4,P4 / M5,9,spline,sample,621,18,6,5000,0.999038993823543,34.685125096614144,26.22903319045457,0.0,0.2659603405612243
5,P4,P4 / M5,9,spline,sample,642,19,5,4000,0.9788272155320094,146.70137830962372,74.40140705824153,0.0,0.09945867080508897
5,P4,P4 / M5,9,spline,sample,694,21,4,1000,0.9931568090174903,96.08522984232488,60.85004733654143,0.0,0.2075658829711365
5,P4,P4 / M5,9,spline,sample,695,21,4,2000,0.9945112680210954,81.27490896334845,62.89401723878353,0.0,0.6569464357700538
5,P4,P4 / M5,9,spline,sample,782,23,6,1000,0.992619542176504,103.09107371848388,69.00445485021247,1.0,0.31756950985512256
5,P4,P4 / M5,9,spline,sample,881,26,6,1000,0.9982760324695541,48.408247765637896,37.97483836316541,0.0,0.5205875088428736
5,P4,P4 / M5,9,spline,sample,990,30,4,0,0.9931273970947059,94.73542291515274,70.77885991980571,0.0,0.6326494250662063
5,P4,P4 / M5,9,spline,sample,997,30,4,7000,0.9943721103502668,80.06559969935864,48.716623373008325,0.0,0.33387105360924507
5,P4,P4 / M5,9,spline,sample,1035,31,5,1000,0.9959255405564142,70.47894889779587,43.769927476022275,0.0,0.3286195700385029
5,P4,P4 / M5,9,spline,sample,1054,31,6,9000,0.9920553689092774,91.09598946467611,68.6245512316361,0.0,0.8757983265759368
5,P4,P4 / M5,9,spline,sample,1056,32,4,0,0.9920283756546864,101.63503648079302,58.55201276129934,0.0,0.13010706725208
5,P4,P4 / M5,9,spline,sample,1070,32,5,3000,0.9914238469848942,99.32036859746191,60.45459251352164,0.0,0.35019863982232935
5,P4,P4 / M5,9,spline,sample,1107,33,5,7000,0.9959489913020345,63.12210777429086,35.34097956184067,0.0,0.20633106798997863
5,P4,P4 / M5,9,spline,sample,1168,35,5,2000,0.9902943566159379,103.41575092206158,57.72178760888939,0.0,0.21049042403503798
5,P4,P4 / M5,9,spline,sample,1224,37,4,3000,0.9972766460458857,56.408212923019484,39.000354292341946,0.0,0.21777072129160033
5,P4,P4 / M5,9,spline,sample,1273,38,5,8000,0.9732911628359235,153.05060736196515,85.76341325405592,1.0,1.0857282324783186
5,P4,P4 / M5,9,spline,sample,1296,39,4,9000,0.9972646226616629,56.81088689759978,36.58188962119222,0.0,0.3116946397083536
5,P4,P4 / M5,9,spline,sample,1389,42,4,3000,0.9957800083669004,71.05726842059043,49.893029918275445,0.0,0.27403903540546615
5,P4,P4 / M5,9,spline,sample,1442,43,6,1000,0.9884832846605485,116.99974172406853,89.54702922265228,0.0,0.5436734474501198
5,P4,P4 / M5,9,spline,sample,1467,44,5,4000,0.9968416462143154,57.668629056568456,37.484117774289984,0.0,0.5417808539786921
5,P4,P4 / M5,9,spline,sample,1576,47,6,3000,0.991834926226933,102.56277436817909,54.35651125490266,0.0,0.3075906945448284
5,P4,P4 / M5,9,spline,sample,1632,49,5,4000,0.9959183854331295,65.81171001162954,46.33252610109118,0.0,0.3729067434856682
5,P4,P4 / M5,9,spline,sample,1736,52,5,9000,0.9917292051912826,85.85972679358508,57.17293608505957,0.0,0.8725884444308398
5,P4,P4 / M5,9,spline,sample,1867,56,5,8000,0.9969395252427689,55.25035859972387,30.23506459947608,0.0,0.27114473127638516
5,P4,P4 / M5,9,spline,sample,2061,62,5,4000,0.9806712896578362,137.43524112213842,73.33903730779052,0.0,0.20855961303423248
5,P4,P4 / M5,9,spline,sample,2192,66,5,3000,0.9900619179028687,100.4560155362964,66.99733216026557,0.0,0.6321191583179058
5,P4,P4 / M5,9,spline,sample,2237,67,6,4000,0.9981409572583483,46.730602273001786,33.933463742268565,0.0,0.5657913286890706
5,P4,P4 / M5,9,spline,sample,2276,68,6,10000,0.9892207762594436,110.86919515255515,67.2493957935942,0.0,0.4047244564015192
5,P4,P4 / M5,9,spline,sample,2296,69,5,8000,0.9955819216706787,65.07905461131764,41.301571010702766,0.0,0.5026792606787466
5,P4,P4 / M5,9,spline,sample,2319,70,4,9000,0.9920200634615544,95.67068228711605,63.31060625254702,0.0,0.30375900540524614
5,P4,P4 / M5,9,spline,sample,2345,71,4,2000,0.9959887657729001,70.51812813411243,53.50316620555862,0.0,0.528485472839027
5,P4,P4 / M5,9,spline,sample,2388,72,5,1000,0.9938156050310376,92.04203321872912,57.025552134279074,0.0,0.36994826127957786
5,P4,P4 / M5,9,spline,sample,2424,73,5,4000,0.9940456676417423,79.40974597831026,41.99734740701587,0.0,0.16212864675272426
5,P4,P4 / M5,9,spline,sample,2508,76,4,0,0.9943017383034118,89.9599504036334,52.17680951166085,0.0,0.37915693246357773
5,P4,P4 / M5,9,spline,sample,2546,77,4,5000,0.9965501079349524,65.2795403929771,40.962154228181,0.0,0.3566010290925745
5,P4,P4 / M5,9,spline,sample,2573,77,6,10000,0.9883686028324481,115.35459097539335,74.3100381014476,0.0,0.6079164327449367
5,P4,P4 / M5,9,spline,sample,2692,81,5,8000,0.9971690949665356,53.00597297205268,30.372270643242242,0.0,0.2970958019197014
5,P4,P4 / M5,9,spline,sample,2711,82,4,5000,0.9943343185635177,81.32761859449003,62.211670228721154,0.0,0.8160905857517298
5,P4,P4 / M5,9,spline,sample,2720,82,5,3000,0.989625921782838,105.6300706223207,52.90138115734094,0.0,0.5075754951062679
5,P4,P4 / M5,9,spline,sample,2747,83,4,8000,0.994070606478725,81.89011407175097,54.67393784768597,0.0,0.3062579506482916
5,P4,P4 / M5,9,spline,sample,2857,86,5,8000,0.9916332506991821,90.1271386539806,53.78356536816474,0.0,0.6772053977177094
5,P4,P4 / M5,9,spline,sample,2858,86,5,9000,0.9975355532022335,47.61491555284496,33.204247073009654,0.0,0.34225793396529974
5,P4,P4 / M5,9,spline,sample,3158,95,6,1000,0.9942713133108324,90.72152901890846,60.95165081370749,0.0,0.43845046687241074
5,P4,P4 / M5,9,spline,sample,3159,95,6,2000,0.9969718392238897,60.640844814454354,43.05948599492032,0.0,0.7545869228659093
5,P4,P4 / M5,9,spline,sample,3236,98,4,2000,0.9913675725861373,102.95798959512533,69.10766297971443,0.0,0.6112879702618192
5,P4,P4 / M5,9,spline,sample,3266,98,6,10000,0.9931820841583032,89.1149149747129,57.81014633062063,0.0,0.8901292115746399
5,P4,P4 / M5,9,spline,sample,3331,100,6,9000,0.9940078071331202,83.90758441815588,57.91119347612377,1.0,0.5946231799160677
5,P4,P4 / M5,9,spline,sample,3332,100,6,10000,0.9774738026675684,157.32198059087068,110.70986931439782,1.0,1.4288728147117673
5,P4,P4 / M5,9,spline,sample,3337,101,4,4000,0.9946281013855156,78.7863763367811,50.06117326833295,0.0,1.010862088525611
5,P4,P4 / M5,9,spline,sample,3474,105,4,9000,0.9959548568224905,66.51918288461758,40.88792729045776,0.0,0.45754690474763
5,P4,P4 / M5,9,spline,sample,3485,105,5,9000,0.9969831079287325,52.817090015878534,35.18297923414951,0.0,0.49046502575156314
5,P4,P4 / M5,9,spline,sample,3492,105,6,5000,0.9980868725958661,48.53096729568796,33.03938156375704,0.0,0.47768219458480676
5,P4,P4 / M5,9,spline,sample,3500,106,4,2000,0.9903481956689502,107.80444084714638,57.95733373443621,0.0,0.3302242547646904
5,P4,P4 / M5,9,spline,sample,3514,106,5,5000,0.9977748690628134,49.544649757506306,30.667148589475868,0.0,0.22016033448926248
5,P4,P4 / M5,9,spline,sample,3519,106,5,10000,0.9965625974927284,56.44665503416982,36.45640569206847,0.0,0.668410649188904
5,P4,P4 / M5,9,spline,sample,3566,108,4,2000,0.9951642019831188,74.88145610753841,45.65608298508155,0.0,0.32534350175193705
5,P4,P4 / M5,9,spline,sample,3751,113,6,0,0.9921667087335865,107.54954187228115,69.96197226024032,0.0,0.13006083757012793
5,P4,P4 / M5,9,spline,sample,3772,114,4,10000,0.9959714611777403,66.49491510753691,53.22755943324724,0.0,0.44910008663303497
5,P4,P4 / M5,9,spline,sample,3805,115,4,10000,0.9946294222629527,80.05536935319307,50.954501273865816,0.0,0.36556925682735014
5,P4,P4 / M5,9,spline,sample,3828,116,4,0,0.9945896430177512,81.45764141507333,53.27482091265309,0.0,0.5386805338991509
5,P4,P4 / M5,9,spline,sample,3858,116,6,8000,0.9968183901379493,60.04010807988057,36.8662589133901,0.0,1.773022595143578
5,P4,P4 / M5,9,spline,sample,3919,118,6,3000,0.9923063477092721,98.13260647634203,59.49683217912507,1.0,0.5171617673227092
5,P4,P4 / M5,9,spline,sample,4048,122,6,0,0.9723795763474845,190.55582629332338,116.84966720141618,0.0,0.38649030873036716
5,P4,P4 / M5,9,spline,sample,4188,126,6,8000,0.9978286501401427,50.246072971074554,40.52955263419997,0.0,0.8171427609071772
5,P4,P4 / M5,9,spline,sample,4189,126,6,9000,0.9935723526336199,85.54846378812648,63.75209501640877,0.0,0.5981523697200285
5,P4,P4 / M5,9,spline,sample,4193,127,4,2000,0.9959213322040562,67.14708615896856,42.313907382377145,0.0,0.21031816465601175
5,P4,P4 / M5,9,spline,sample,4225,128,4,1000,0.9924440912288104,96.55349311371705,65.29777978344444,0.0,0.13284978349893023
5,P4,P4 / M5,9,spline,sample,4448,134,6,4000,0.9918471344541164,97.24230304557,63.909975146057214,0.0,0.5614824277610571
5,P4,P4 / M5,9,spline,sample,4461,135,4,6000,0.998826506216299,35.93654314943963,25.655068662680748,0.0,0.2684821634581552
5,P4,P4 / M5,9,spline,sample,4524,137,4,3000,0.997821301744285,50.671419098548654,38.3140008898174,0.0,0.47357100518341083
5,P4,P4 / M5,9,spline,sample,4565,138,5,0,0.997201867958795,59.03943220195314,44.9593779188631,0.0,0.3706149951930228
5,P4,P4 / M5,9,spline,sample,4607,139,5,9000,0.9934369836819434,76.67965297918671,38.78145034088472,0.0,0.2486102281674843
5,P4,P4 / M5,9,spline,sample,4647,140,6,5000,0.9940670357432454,82.2767193888885,47.833408296634516,0.0,0.13377680424631072
5,P4,P4 / M5,9,spline,sample,4717,142,6,9000,0.9916614237782151,95.5004849622012,49.95678922796231,0.0,0.47176294008995534
5,P4,P4 / M5,9,spline,sample,4776,144,6,2000,0.9902418640546705,107.51908637836306,69.72438414298514,0.0,0.5259146549933736
5,P4,P4 / M5,9,spline,sample,4792,145,4,7000,0.9904758368078176,101.67812991513917,58.67067246923009,0.0,0.2846481444821139
5,P4,P4 / M5,9,spline,sample,4826,146,4,8000,0.983631649449417,127.7331944722844,81.31826528625268,1.0,0.808957705538939
5,P4,P4 / M5,9,spline,sample,4849,146,6,9000,0.9878864881104558,115.23458888248815,73.11845307018878,0.0,0.4082135906712758
5,P4,P4 / M5,9,spline,sample,4869,147,5,7000,0.9823837034564074,124.9485801351645,68.64664797178756,0.0,0.3021516672740918
5,P4,P4 / M5,9,spline,sample,4877,147,6,4000,0.9955356377849462,74.87202189161306,42.41197458418117,1.0,0.45810998864973934
5,P4,P4 / M5,9,spline,sample,4929,149,5,1000,0.9851230715886684,128.83969767128175,73.87209658453747,0.0,0.4440433144557089
5,P4,P4 / M5,9,spline,sample,4949,149,6,10000,0.9857085365816075,126.15809583853745,86.76394050228123,1.0,0.39306484757137233
5,P4,P4 / M5,9,spline,sample,5043,152,6,5000,0.9888616021640266,110.07199876819419,61.14850923496571,0.0,0.6024913440816718
5,P4,P4 / M5,9,spline,sample,5101,154,5,8000,0.9664668657039898,164.46016409886312,104.75074950920855,0.0,0.26050545234245526
5,P4,P4 / M5,9,spline,sample,5112,154,6,8000,0.9895415998931694,107.53125567046324,57.60805468534322,0.0,0.4378177197306845
5,P4,P4 / M5,9,spline,sample,5144,155,6,7000,0.9874655964123397,120.03738400588159,78.87419640323544,0.0,0.4669001993418791
5,P4,P4 / M5,9,spline,sample,5316,161,4,3000,0.9962016767827536,64.36793892754359,40.62792900892597,0.0,0.27931279550003346
5,P4,P4 / M5,9,spline,sample,5381,163,4,2000,0.9970488191991145,60.842951815066435,48.268902201434166,0.0,0.6494951017665913
5,P4,P4 / M5,9,spline,sample,5384,163,4,5000,0.9890849538198866,108.19352779481889,62.77369815924419,0.0,0.19244442563500647
5,P4,P4 / M5,9,spline,sample,5414,164,4,2000,0.9969847345795633,60.085909912032925,42.70683032827383,0.0,0.5846294965828353
5,P4,P4 / M5,9,spline,sample,5534,167,6,1000,0.9979244799289119,51.107531388411864,36.54163634017299,0.0,0.5477934407178751
5,P4,P4 / M5,9,spline,sample,5617,170,4,7000,0.9949634338169969,77.80560162858576,55.8299678869563,0.0,0.3513227452480805
5,P4,P4 / M5,9,spline,sample,5658,171,5,4000,0.9878761093354654,111.43600210551165,66.30298083578361,0.0,0.18350491223445511
5,P4,P4 / M5,9,spline,sample,5694,172,5,7000,0.9983960652375197,39.142048994550926,25.23045439177178,0.0,0.13099653160703795
5,P4,P4 / M5,9,spline,sample,5816,176,4,8000,0.9956255923391019,67.01525971947689,36.27510477730874,0.0,0.679638443258174
5,P4,P4 / M5,9,spline,sample,5841,177,4,0,0.9969940518845086,66.60317646691264,46.302401217133244,1.0,0.24012843954400237
5,P4,P4 / M5,9,spline,sample,5843,177,4,2000,0.9888856321414942,114.58218631775364,74.96201172749309,0.0,0.4482412325993799
5,P4,P4 / M5,9,spline,sample,5858,177,5,6000,0.9910973220904792,93.08045649041082,61.03471155697536,0.0,0.3036956962392933
5,P4,P4 / M5,9,spline,sample,5887,178,5,2000,0.9954141626116167,72.67437369710768,50.06830911632155,0.0,0.5189893884914635
5,P4,P4 / M5,9,spline,sample,6248,189,5,0,0.9971778854875765,59.21736545377736,39.703129605208545,0.0,0.6393309778523745
5,P4,P4 / M5,9,spline,sample,6299,190,6,7000,0.9933657983672392,85.73134462219139,57.5282096865118,0.0,0.29763069152182275
5,P4,P4 / M5,9,spline,sample,6359,192,6,1000,0.9910577611776729,103.77856185107542,71.92017832196446,0.0,0.37884788794905944
5,P4,P4 / M5,9,spline,sample,6407,194,4,5000,0.9882970914949121,107.38247403179338,69.37002391330466,0.0,0.6128231186637414
5,P4,P4 / M5,9,spline,sample,6425,194,6,1000,0.9625872815885965,213.5790654214309,125.10224906035423,0.0,0.1412196740779874
5,P4,P4 / M5,9,spline,sample,6466,195,6,9000,0.9944101947349232,81.72561165682644,53.519641735794465,0.0,0.2442483624072151
5,P4,P4 / M5,9,spline,sample,6743,204,5,0,0.995276934458994,76.27448367281241,42.32328269462425,0.0,0.2848746250298222
5,P4,P4 / M5,9,spline,sample,6752,204,5,9000,0.9979228562804289,41.4938378395009,27.658096271554193,0.0,0.5392459497272429
5,P4,P4 / M5,9,spline,sample,6762,204,6,8000,0.9894077799472989,110.41321308671004,79.12249013627356,1.0,0.5587088952934816
5,P4,P4 / M5,9,spline,sample,6839,207,4,8000,0.9920021708423821,90.83602529810233,59.1780731943137,0.0,1.0785469286157232
5,P4,P4 / M5,9,spline,sample,6878,208,5,3000,0.9973979080424569,52.34774981167318,38.417441867342546,0.0,0.5186672461640998
5,P4,P4 / M5,9,spline,sample,6970,211,4,7000,0.9963879387593694,61.47825627999991,39.32256422510752,0.0,0.5099655429093181
5,P4,P4 / M5,9,spline,sample,6983,211,5,9000,0.999263143338431,25.325500058839236,19.96622753706539,0.0,0.6288046083107778
5,P4,P4 / M5,9,spline,sample,6987,211,6,2000,0.9955092124889141,72.53449141149775,53.83251651088314,0.0,0.49253323451650405
5,P4,P4 / M5,9,spline,sample,7035,213,4,6000,0.9932551504782484,83.153446816746,56.09263308314716,0.0,0.7131134393447102
5,P4,P4 / M5,9,spline,sample,7063,214,4,1000,0.9945731166477896,76.32562323953194,48.16423074597595,0.0,0.2294768644540607
5,P4,P4 / M5,9,spline,sample,7090,214,6,6000,0.9925972255157771,88.07237866908861,52.1440117766898,0.0,1.1217058958015063
5,P4,P4 / M5,9,spline,sample,7141,216,5,2000,0.9940077302783688,79.72917342458985,53.953081281612455,0.0,0.2406438710703557
5,P4,P4 / M5,9,spline,sample,7214,218,5,9000,0.991136531974509,83.93016452932814,48.95049176935853,0.0,0.475171992104355
5,P4,P4 / M5,9,spline,sample,7257,219,6,8000,0.9797853226138499,143.89641263004953,81.56615740610853,1.0,0.5430069780054677
5,P4,P4 / M5,9,spline,sample,7309,221,5,5000,0.9955862250992212,63.68257641903939,44.08144538909564,0.0,0.4799297901259805
5,P4,P4 / M5,9,spline,sample,7333,222,4,7000,0.9898585696847296,103.36601114285574,64.00744611277841,0.0,0.3963774798518041
5,P4,P4 / M5,9,spline,sample,7411,224,5,8000,0.9927132584657815,80.5491979945576,46.388492077853954,0.0,0.24469435617608085
5,P4,P4 / M5,9,spline,sample,7422,224,6,8000,0.9902367306901143,96.97163636783134,60.038025193808345,1.0,0.657556736620143
5,P4,P4 / M5,9,spline,sample,7439,225,5,3000,0.9909516159274379,94.33032922189352,59.61680070031214,1.0,0.34926717015240893
5,P4,P4 / M5,9,spline,sample,7451,225,6,4000,0.9922350609218311,92.27299345587544,67.279278162149,0.0,0.7648804575535798
5,P4,P4 / M5,9,spline,sample,7578,229,5,10000,0.989706858919855,90.59959167610315,51.90046850729825,0.0,0.7148317453403402
5,P4,P4 / M5,9,spline,sample,7764,235,4,9000,0.9906774535144381,98.32890246196432,57.399624040436514,0.0,0.28134276597121133
5,P4,P4 / M5,9,spline,sample,7785,235,6,8000,0.9992590992125051,29.863160955226654,24.26741865633708,0.0,0.5597408088387354
5,P4,P4 / M5,9,spline,sample,7869,238,5,4000,0.9905696239642335,95.59928465228377,55.99165978745751,0.0,0.14912246410841173
5,P4,P4 / M5,9,spline,sample,7884,238,6,8000,0.985576402818157,127.92016566509736,70.29560717661951,0.0,0.32309661215362
5,P4,P4 / M5,9,spline,sample,7923,240,4,3000,0.9976188100139706,51.25079193720158,32.67225204191354,0.0,0.5148667538689863
5,P4,P4 / M5,9,spline,sample,7931,240,5,0,0.9932711107747382,84.98327828274391,54.905893569296325,0.0,1.083910441973323
5,P4,P4 / M5,9,spline,sample,7948,240,6,6000,0.972870531992407,178.19266724302236,98.6878656462075,1.0,0.2398304585926896
5,P4,P4 / M5,9,spline,sample,7971,241,5,7000,0.9825457062228582,122.25408295487884,77.92469525763937,0.0,0.8223627648579915
5,P4,P4 / M5,9,spline,sample,8015,242,6,7000,0.9947766099510836,80.40346430826975,62.035242893319904,0.0,0.885412924719357
5,P4,P4 / M5,9,spline,sample,8259,250,4,9000,0.996326242987628,61.149666472988955,43.23695522827567,0.0,0.29612961432336804
5,P4,P4 / M5,9,spline,sample,8325,252,4,9000,0.9929023689790495,90.04027695313783,51.450561579912154,0.0,0.5319428079073047
5,P4,P4 / M5,9,spline,sample,8330,252,5,3000,0.9753338142472863,153.94460825734168,118.22516564408188,0.0,1.3749933228844124
5,P4,P4 / M5,9,spline,sample,8407,254,6,3000,0.9945190427381807,82.42985597631352,45.12173561340945,0.0,0.4248254479840969
5,P4,P4 / M5,9,spline,sample,8441,255,6,4000,0.9861825953924849,131.73703625829438,90.7358434846807,0.0,0.8404000262378036
5,P4,P4 / M5,9,source_pretrained_mlp,sample,33,1,4,0,0.9848975252227629,132.82840012121486,65.62357898319469,0.0,0.13454045421391106
5,P4,P4 / M5,9,source_pretrained_mlp,sample,34,1,4,1000,0.765946966064528,520.4727383110245,218.67928586900234,0.0,18.329979767611984
5,P4,P4 / M5,9,source_pretrained_mlp,sample,107,3,4,8000,0.9857816920313954,125.88342893676972,71.87570845661685,0.0,0.12047403538794263
5,P4,P4 / M5,9,source_pretrained_mlp,sample,117,3,5,7000,0.9763413151604189,138.50320316165238,64.63495651483535,0.0,0.07353698537408528
5,P4,P4 / M5,9,source_pretrained_mlp,sample,166,5,4,1000,0.8729878487250168,368.1555766096166,201.8329509049654,0.0,12.097529175750573
5,P4,P4 / M5,9,source_pretrained_mlp,sample,279,8,5,4000,0.9904497825603895,102.17335127674889,60.356637307575774,0.0,0.5904365989165499
5,P4,P4 / M5,9,source_pretrained_mlp,sample,281,8,5,6000,0.9880754641339052,104.22273675398404,77.84735502916224,0.0,1.1852662925162443
5,P4,P4 / M5,9,source_pretrained_mlp,sample,363,11,4,0,0.9759378441548324,174.77917641670948,139.48448963960013,0.0,3.3871898116158317
5,P4,P4 / M5,9,source_pretrained_mlp,sample,389,11,6,4000,0.968599616633244,202.84309279052107,97.25388589272133,0.0,0.07646652213070441
5,P4,P4 / M5,9,source_pretrained_mlp,sample,423,12,6,5000,0.9162110423444899,318.92773682867744,183.4050511042277,1.0,1.4690940691643741
5,P4,P4 / M5,9,source_pretrained_mlp,sample,621,18,6,5000,0.9840193911120672,141.44149466346323,88.7156875093778,0.0,0.24057665111264695
5,P4,P4 / M5,9,source_pretrained_mlp,sample,642,19,5,4000,0.947099645226012,231.8859835108362,106.29626929058747,0.0,0.11945809670816378
5,P4,P4 / M5,9,source_pretrained_mlp,sample,694,21,4,1000,0.9881872770584856,126.24154821380012,83.05758327245712,1.0,0.381645662315652
5,P4,P4 / M5,9,source_pretrained_mlp,sample,695,21,4,2000,0.9978236707464151,51.17793748833022,38.594675593078136,0.0,0.33465043571152947
5,P4,P4 / M5,9,source_pretrained_mlp,sample,782,23,6,1000,0.9869561975230828,137.05078213979894,88.69831822135232,1.0,0.26839134965323685
5,P4,P4 / M5,9,source_pretrained_mlp,sample,881,26,6,1000,0.9972954384106467,60.63219065527881,44.69400362173716,0.0,0.2766637503390677
5,P4,P4 / M5,9,source_pretrained_mlp,sample,990,30,4,0,0.9684890561012117,202.8534875940331,113.69501377298282,0.0,0.2518801694113984
5,P4,P4 / M5,9,source_pretrained_mlp,sample,997,30,4,7000,0.9890218975400749,111.82446115937685,68.77417107189403,1.0,0.3225546349797074
5,P4,P4 / M5,9,source_pretrained_mlp,sample,1035,31,5,1000,0.9842439299491703,138.59525771732464,80.34311107794444,0.0,0.3329470015269437
5,P4,P4 / M5,9,source_pretrained_mlp,sample,1054,31,6,9000,0.9876547079906034,113.55678102049573,62.77703742419972,0.0,0.2132629801647789
5,P4,P4 / M5,9,source_pretrained_mlp,sample,1056,32,4,0,0.9931921579746311,93.92360852267868,46.92499092618625,1.0,0.13022754851924684
5,P4,P4 / M5,9,source_pretrained_mlp,sample,1070,32,5,3000,0.9867723826354136,123.34821636263005,66.76948571205139,0.0,0.059352438873003066
5,P4,P4 / M5,9,source_pretrained_mlp,sample,1107,33,5,7000,0.9834121755630287,127.73050219483765,80.38431099802256,0.0,0.27322569262103497
5,P4,P4 / M5,9,source_pretrained_mlp,sample,1168,35,5,2000,0.9885701414015867,112.22637980050878,70.56760241190592,0.0,0.18480913232330087
5,P4,P4 / M5,9,source_pretrained_mlp,sample,1224,37,4,3000,0.9960021165277493,68.34478184578737,41.92830805402053,1.0,0.16009786060731152
5,P4,P4 / M5,9,source_pretrained_mlp,sample,1273,38,5,8000,0.9913278117803117,87.21113021652035,50.58330736662212,1.0,0.2502319679937869
5,P4,P4 / M5,9,source_pretrained_mlp,sample,1296,39,4,9000,0.9919502457574536,97.45727362391605,58.05017971992493,0.0,0.18555743779650605
5,P4,P4 / M5,9,source_pretrained_mlp,sample,1389,42,4,3000,0.9990045307254116,34.511723108954165,22.857464858463832,0.0,0.07235007436543685
5,P4,P4 / M5,9,source_pretrained_mlp,sample,1442,43,6,1000,-0.047782670972636554,1115.979437474835,496.26412816842395,4.0,0.6342802708309047
5,P4,P4 / M5,9,source_pretrained_mlp,sample,1467,44,5,4000,0.9946315448673437,75.18546722727375,47.367799931102326,1.0,0.2615896162656699
5,P4,P4 / M5,9,source_pretrained_mlp,sample,1576,47,6,3000,0.9952493360786488,78.23243674972619,45.2772264406085,0.0,0.1685651071267291
5,P4,P4 / M5,9,source_pretrained_mlp,sample,1632,49,5,4000,0.9942065076350647,78.40746254411003,51.14173276722431,0.0,0.16073735128248023
5,P4,P4 / M5,9,source_pretrained_mlp,sample,1736,52,5,9000,0.9846076094911781,117.13020825955778,62.520305620996574,0.0,0.4261777966444485
5,P4,P4 / M5,9,source_pretrained_mlp,sample,1867,56,5,8000,0.9416116770322359,241.325770259647,134.85886503668394,1.0,0.15484254531298264
5,P4,P4 / M5,9,source_pretrained_mlp,sample,2061,62,5,4000,0.9337341046720619,254.472997143411,137.61618865163703,2.0,0.23588116784434845
5,P4,P4 / M5,9,source_pretrained_mlp,sample,2192,66,5,3000,0.9782727636836047,148.53435079306317,89.60295020832734,1.0,0.16956363903063235
5,P4,P4 / M5,9,source_pretrained_mlp,sample,2237,67,6,4000,0.8654592660470813,397.5425207478073,191.05170030064053,2.0,1.3035935837877854
5,P4,P4 / M5,9,source_pretrained_mlp,sample,2276,68,6,10000,0.9914034855986358,99.00983780984237,50.17703330516815,0.0,0.12831041606679716
5,P4,P4 / M5,9,source_pretrained_mlp,sample,2296,69,5,8000,0.9894288320553614,100.66674264398655,62.96803893541035,1.0,0.2599009847328436
5,P4,P4 / M5,9,source_pretrained_mlp,sample,2319,70,4,9000,0.994612113800713,78.61191203037909,46.44393287599087,0.0,0.8640075061007356
5,P4,P4 / M5,9,source_pretrained_mlp,sample,2345,71,4,2000,0.9674385419247208,200.91561287110085,110.12805724143982,0.0,6.462262508123878
5,P4,P4 / M5,9,source_pretrained_mlp,sample,2388,72,5,1000,0.9877042676303635,129.7820994856825,74.4584905734429,0.0,0.7057798936121681
5,P4,P4 / M5,9,source_pretrained_mlp,sample,2424,73,5,4000,0.9219534634559942,287.49751036203406,144.25640818651985,0.0,0.7979455911258088
5,P4,P4 / M5,9,source_pretrained_mlp,sample,2508,76,4,0,0.44293023499038575,889.4730743388628,313.5698202167238,0.0,28.20604295785429
5,P4,P4 / M5,9,source_pretrained_mlp,sample,2546,77,4,5000,0.996966334109679,61.21504998419496,34.351117579142254,0.0,0.19486325338839672
5,P4,P4 / M5,9,source_pretrained_mlp,sample,2573,77,6,10000,0.9954742391290181,71.95562379491581,41.21277013421059,0.0,0.16007534647295935
5,P4,P4 / M5,9,source_pretrained_mlp,sample,2692,81,5,8000,0.9905728008779303,96.72828787312733,59.18008679151535,0.0,0.1469049201550995
5,P4,P4 / M5,9,source_pretrained_mlp,sample,2711,82,4,5000,0.9946780925203506,78.82167140327438,51.860158344109855,0.0,0.42596714890447207
5,P4,P4 / M5,9,source_pretrained_mlp,sample,2720,82,5,3000,0.9311999690728628,272.0239407353643,153.3129746352925,0.0,0.13113064824079515
5,P4,P4 / M5,9,source_pretrained_mlp,sample,2747,83,4,8000,0.9924076419855081,92.66477557658114,47.64289666712284,0.0,0.8420752868307568
5,P4,P4 / M5,9,source_pretrained_mlp,sample,2857,86,5,8000,0.9895416504142808,100.76478501401732,59.820755534701874,0.0,0.4727218441309046
5,P4,P4 / M5,9,source_pretrained_mlp,sample,2858,86,5,9000,0.9285433086560688,256.39216316778186,128.50921310186385,0.0,0.19638425404167933
5,P4,P4 / M5,9,source_pretrained_mlp,sample,3158,95,6,1000,0.9894358366698438,123.1970700910303,69.87916940909166,1.0,0.21429756442232778
5,P4,P4 / M5,9,source_pretrained_mlp,sample,3159,95,6,2000,0.9894293420802859,113.29918543538069,69.71358291308086,0.0,0.7683642158093124
5,P4,P4 / M5,9,source_pretrained_mlp,sample,3236,98,4,2000,0.989622243725971,112.88736074845978,61.3009501184736,0.0,0.12431872612080312
5,P4,P4 / M5,9,source_pretrained_mlp,sample,3266,98,6,10000,0.9917756163962849,97.87601037211336,64.23878892262776,1.0,0.2756868159495707
5,P4,P4 / M5,9,source_pretrained_mlp,sample,3331,100,6,9000,-9.222728366176216,3465.706153367148,1152.1689648628235,5.0,0.15789485496759217
5,P4,P4 / M5,9,source_pretrained_mlp,sample,3332,100,6,10000,0.9848724361624036,128.9228686238472,84.64358319555011,0.0,0.31077579096314445
5,P4,P4 / M5,9,source_pretrained_mlp,sample,3337,101,4,4000,0.8623253126912498,398.8542938938031,216.03087675488658,0.0,0.05383643562905287
5,P4,P4 / M5,9,source_pretrained_mlp,sample,3474,105,4,9000,0.9889426675491932,109.97782851483271,60.14039694228106,0.0,0.2772596288545223
5,P4,P4 / M5,9,source_pretrained_mlp,sample,3485,105,5,9000,0.9878138571214353,106.1518863038569,58.35805606842041,1.0,0.5354989916377292
5,P4,P4 / M5,9,source_pretrained_mlp,sample,3492,105,6,5000,0.9972413762972253,58.276469422370795,40.73673877492547,0.0,0.18034980096538314
5,P4,P4 / M5,9,source_pretrained_mlp,sample,3500,106,4,2000,0.9795965313461837,156.74164466192994,75.78129960596561,0.0,0.08060580367556008
5,P4,P4 / M5,9,source_pretrained_mlp,sample,3514,106,5,5000,0.9961688616199116,65.01040866474658,41.88210856119792,0.0,0.34454212225261077
5,P4,P4 / M5,9,source_pretrained_mlp,sample,3519,106,5,10000,0.9957954960239247,62.42814066494996,40.61200581098858,0.0,0.30110982027557553
5,P4,P4 / M5,9,source_pretrained_mlp,sample,3566,108,4,2000,0.9890360214683038,112.75201001269674,48.011711821836585,0.0,0.03601294976577331
5,P4,P4 / M5,9,source_pretrained_mlp,sample,3751,113,6,0,0.9641056747290916,230.22332617589677,127.6272562417117,1.0,0.16531179495283033
5,P4,P4 / M5,9,source_pretrained_mlp,sample,3772,114,4,10000,0.9839502382893147,132.72384470884265,67.58785726316273,1.0,0.05721171190614665
5,P4,P4 / M5,9,source_pretrained_mlp,sample,3805,115,4,10000,0.9923997233921759,95.23457789140733,51.85235976378123,0.0,0.1560822841594478
5,P4,P4 / M5,9,source_pretrained_mlp,sample,3828,116,4,0,0.9648175686371814,207.72166493766613,110.7588296731313,0.0,0.3220328482046083
5,P4,P4 / M5,9,source_pretrained_mlp,sample,3858,116,6,8000,0.9451119697680613,249.3772468866602,174.33246399806097,1.0,1.3371217299400864
5,P4,P4 / M5,9,source_pretrained_mlp,sample,3919,118,6,3000,0.9893988033758875,115.1925789917435,58.08645507005545,0.0,0.2268883694431204
5,P4,P4 / M5,9,source_pretrained_mlp,sample,4048,122,6,0,0.9764855363914516,175.82256130229825,101.6559197306633,0.0,0.10389746873420862
5,P4,P4 / M5,9,source_pretrained_mlp,sample,4188,126,6,8000,0.9945353592940039,79.71095799052799,52.79756579949306,0.0,0.31365043852992935
5,P4,P4 / M5,9,source_pretrained_mlp,sample,4189,126,6,9000,0.9947050542859545,77.64561781804116,47.38160400731223,1.0,0.15074920818372942
5,P4,P4 / M5,9,source_pretrained_mlp,sample,4193,127,4,2000,0.9052881215435022,323.57147558924987,161.55527170966653,1.0,0.1890313610040092
5,P4,P4 / M5,9,source_pretrained_mlp,sample,4225,128,4,1000,0.9687147387587169,196.4692242594397,121.17823713205077,0.0,2.7050793068604904
5,P4,P4 / M5,9,source_pretrained_mlp,sample,4448,134,6,4000,0.9908234243822005,103.16690922092909,58.42923854379093,1.0,0.15325343192995153
5,P4,P4 / M5,9,source_pretrained_mlp,sample,4461,135,4,6000,0.9567173718221423,218.24922682662068,116.10275588929653,0.0,0.6517164302807096
5,P4,P4 / M5,9,source_pretrained_mlp,sample,4524,137,4,3000,0.9934671689213623,87.74355753125727,48.0195553779602,0.0,0.23840061916331134
5,P4,P4 / M5,9,source_pretrained_mlp,sample,4565,138,5,0,0.926240767814718,303.1211663879328,125.21197302341461,1.0,0.2328759463636919
5,P4,P4 / M5,9,source_pretrained_mlp,sample,4607,139,5,9000,0.9915266371949328,87.12770964845807,58.44901141666231,1.0,1.0123307577051652
5,P4,P4 / M5,9,source_pretrained_mlp,sample,4647,140,6,5000,0.9633249400354624,204.5627329066918,93.41881540242363,0.0,0.04987765207690786
5,P4,P4 / M5,9,source_pretrained_mlp,sample,4717,142,6,9000,0.978699160194794,152.63635578274884,81.40856918692589,1.0,0.22131208928318086
5,P4,P4 / M5,9,source_pretrained_mlp,sample,4776,144,6,2000,0.8834833585872214,371.53190305644205,164.58858482042947,2.0,0.08592522605564329
5,P4,P4 / M5,9,source_pretrained_mlp,sample,4792,145,4,7000,0.995530618314546,69.65268434822264,42.80128403972177,1.0,0.1801145073765453
5,P4,P4 / M5,9,source_pretrained_mlp,sample,4826,146,4,8000,0.9929390108638508,83.89461521212804,47.58719028924641,1.0,0.22161111967614494
5,P4,P4 / M5,9,source_pretrained_mlp,sample,4849,146,6,9000,0.9590815075723873,211.79106490651876,131.20526634057362,1.0,0.2303794945985436
5,P4,P4 / M5,9,source_pretrained_mlp,sample,4869,147,5,7000,0.970208733391329,162.48695616899124,77.64997834908336,0.0,0.15268999897104
5,P4,P4 / M5,9,source_pretrained_mlp,sample,4877,147,6,4000,0.9929989313584388,93.76095392650669,47.63906810326235,0.0,0.12245993941793165
5,P4,P4 / M5,9,source_pretrained_mlp,sample,4929,149,5,1000,0.9807523772160663,146.54857838076097,81.0710393746694,0.0,0.11490617479725315
5,P4,P4 / M5,9,source_pretrained_mlp,sample,4949,149,6,10000,0.989218473451306,109.576368356579,77.95026085926936,1.0,0.42146260500681787
5,P4,P4 / M5,9,source_pretrained_mlp,sample,5043,152,6,5000,0.9776256063954984,156.00593718916218,88.76876949601703,0.0,0.3805658120985248
5,P4,P4 / M5,9,source_pretrained_mlp,sample,5101,154,5,8000,0.9830895940068014,116.78865647427925,62.237190660976225,0.0,0.22508760904506445
5,P4,P4 / M5,9,source_pretrained_mlp,sample,5112,154,6,8000,0.973779667850551,170.26335442020846,87.82752436224152,0.0,0.3176453714646801
5,P4,P4 / M5,9,source_pretrained_mlp,sample,5144,155,6,7000,0.9487273498081008,242.77701540134464,151.64755554199218,0.0,0.4630130131518452
5,P4,P4 / M5,9,source_pretrained_mlp,sample,5316,161,4,3000,0.9794592215542106,149.68631370649135,85.5190426632762,0.0,0.09351286709003287
5,P4,P4 / M5,9,source_pretrained_mlp,sample,5381,163,4,2000,0.9986500886603331,41.14954051641202,26.69659475179819,0.0,0.12010255553218259
5,P4,P4 / M5,9,source_pretrained_mlp,sample,5384,163,4,5000,0.9966981839256873,59.50657189415254,32.70296439197328,0.0,0.15887097996484384
5,P4,P4 / M5,9,source_pretrained_mlp,sample,5414,164,4,2000,0.9952174492484713,75.67277536777124,52.155639721797066,0.0,0.8334242503536953
5,P4,P4 / M5,9,source_pretrained_mlp,sample,5534,167,6,1000,0.9933578530609712,91.42725373093648,60.89042739868164,0.0,0.15632501453318134
5,P4,P4 / M5,9,source_pretrained_mlp,sample,5617,170,4,7000,0.9801345288533648,154.5229630842522,83.27445868083409,1.0,0.3206630557795663
5,P4,P4 / M5,9,source_pretrained_mlp,sample,5658,171,5,4000,0.9957015464625767,66.35301106044301,43.58862328529358,0.0,0.1710517672818264
5,P4,P4 / M5,9,source_pretrained_mlp,sample,5694,172,5,7000,0.9920856813785962,86.94747440746455,46.18030707976397,0.0,0.05724163178039033
5,P4,P4 / M5,9,source_pretrained_mlp,sample,5816,176,4,8000,0.9961481984512358,62.88485010372863,38.7893483358271,1.0,0.26121176276326424
5,P4,P4 / M5,9,source_pretrained_mlp,sample,5841,177,4,0,0.9634803427054538,232.14939107724584,139.7055964903398,1.0,0.1226959130831032
5,P4,P4 / M5,9,source_pretrained_mlp,sample,5843,177,4,2000,0.9829218748337576,142.0348174328494,69.35547844568889,0.0,0.08016593056355478
5,P4,P4 / M5,9,source_pretrained_mlp,sample,5858,177,5,6000,0.9365143163654774,248.56276660629766,141.70171757042408,0.0,0.19631222183506183
5,P4,P4 / M5,9,source_pretrained_mlp,sample,5887,178,5,2000,0.9975004838405482,53.65373337398547,35.7814702351888,1.0,0.13344970680964552
5,P4,P4 / M5,9,source_pretrained_mlp,sample,6248,189,5,0,0.9969749468698889,61.30956987717743,39.91432839173537,0.0,0.5968761483747752
5,P4,P4 / M5,9,source_pretrained_mlp,sample,6299,190,6,7000,0.9888370224848776,111.2078198678582,71.78598634401958,0.0,0.2143107386113307
5,P4,P4 / M5,9,source_pretrained_mlp,sample,6359,192,6,1000,0.9905231903129426,106.83550208818603,55.61817121505737,0.0,0.1893091254739409
5,P4,P4 / M5,9,source_pretrained_mlp,sample,6407,194,4,5000,0.9870304704894801,113.04428508924144,69.68321071800433,0.0,0.5667497494799889
5,P4,P4 / M5,9,source_pretrained_mlp,sample,6425,194,6,1000,0.9247935298085608,302.8144894375795,161.54962088844994,1.0,0.09760790351243619
5,P4,P4 / M5,9,source_pretrained_mlp,sample,6466,195,6,9000,0.993707439392742,86.71087007128459,49.91783639100882,0.0,0.1530134546880523
5,P4,P4 / M5,9,source_pretrained_mlp,sample,6743,204,5,0,0.9968891976478714,61.90183162830932,37.957803334508625,0.0,0.1700234863993936
5,P4,P4 / M5,9,source_pretrained_mlp,sample,6752,204,5,9000,0.9932371515793059,74.871262895811,44.54573106765747,0.0,0.2698527405171877
5,P4,P4 / M5,9,source_pretrained_mlp,sample,6762,204,6,8000,0.984308670598962,134.3870500213147,83.13547597612653,1.0,0.3783504752727266
5,P4,P4 / M5,9,source_pretrained_mlp,sample,6839,207,4,8000,0.9862311680723237,119.18472821632868,73.34399832998004,0.0,0.7323749280627672
5,P4,P4 / M5,9,source_pretrained_mlp,sample,6878,208,5,3000,0.9217845127014481,287.0007790422211,99.84409173329671,0.0,11.318561939487802
5,P4,P4 / M5,9,source_pretrained_mlp,sample,6970,211,4,7000,-115.40416682860143,11036.420821890226,6975.135751724243,7.0,368.38148094917614
5,P4,P4 / M5,9,source_pretrained_mlp,sample,6983,211,5,9000,-2081.706182798647,42577.53606320114,13712.528241522172,10.0,1820.538335777446
5,P4,P4 / M5,9,source_pretrained_mlp,sample,6987,211,6,2000,0.9906168958677881,104.84713923782064,57.475257315238316,0.0,0.1888612786856164
5,P4,P4 / M5,9,source_pretrained_mlp,sample,7035,213,4,6000,0.993341535280553,82.61923606506997,47.02862605681786,0.0,0.18248352269585272
5,P4,P4 / M5,9,source_pretrained_mlp,sample,7063,214,4,1000,0.9973845113908223,52.9872685203677,29.977567869074203,0.0,0.2341594109355849
5,P4,P4 / M5,9,source_pretrained_mlp,sample,7090,214,6,6000,0.9950353306589401,72.1252996801804,43.29424197398699,0.0,0.505418419219422
5,P4,P4 / M5,9,source_pretrained_mlp,sample,7141,216,5,2000,0.9907439601422912,99.09099584073617,63.38671089708805,0.0,0.09637521234188708
5,P4,P4 / M5,9,source_pretrained_mlp,sample,7214,218,5,9000,-11638.201927209358,96178.4634929044,59280.6820520401,2.0,2346.1784991849563
5,P4,P4 / M5,9,source_pretrained_mlp,sample,7257,219,6,8000,-13701.739508109893,118473.23860716292,89902.5011163439,2.0,2651.4339150730707
5,P4,P4 / M5,9,source_pretrained_mlp,sample,7309,221,5,5000,0.9961019467835491,59.84659099517414,35.21009788413843,0.0,0.6441669432010939
5,P4,P4 / M5,9,source_pretrained_mlp,sample,7333,222,4,7000,-162.05895162775602,13106.914752441951,8881.392110188803,7.0,392.5156893603827
5,P4,P4 / M5,9,source_pretrained_mlp,sample,7411,224,5,8000,-3758.5159279197696,57857.61172546353,22981.754171296954,12.0,2510.0483000954014
5,P4,P4 / M5,9,source_pretrained_mlp,sample,7422,224,6,8000,-22.179926869682287,4725.014226673995,1760.4459224144618,3.0,9.686223880215037
5,P4,P4 / M5,9,source_pretrained_mlp,sample,7439,225,5,3000,0.9687315927973277,175.35522720545202,116.72319017350674,1.0,0.29831040404049297
5,P4,P4 / M5,9,source_pretrained_mlp,sample,7451,225,6,4000,0.9947943739496024,75.55132183478838,52.773709957416244,0.0,0.2468989451442745
5,P4,P4 / M5,9,source_pretrained_mlp,sample,7578,229,5,10000,0.7259260740582938,467.50486873055223,208.80456130644853,0.0,0.6472602890055975
5,P4,P4 / M5,9,source_pretrained_mlp,sample,7764,235,4,9000,-765.8649745221713,28201.575039433046,8064.759859657288,12.0,1089.3158341732858
5,P4,P4 / M5,9,source_pretrained_mlp,sample,7785,235,6,8000,-42.096447756818705,7202.387512943705,2829.9669143813,1.0,0.8519762420889343
5,P4,P4 / M5,9,source_pretrained_mlp,sample,7869,238,5,4000,0.9786321125158319,143.90335899759646,91.18352857758018,0.0,3.040156095454168
5,P4,P4 / M5,9,source_pretrained_mlp,sample,7884,238,6,8000,0.8611498779625875,396.8947493856366,215.4301012479342,1.0,1.1841725635771911
5,P4,P4 / M5,9,source_pretrained_mlp,sample,7923,240,4,3000,0.9960104604392476,66.3383926909655,41.78918023109436,0.0,0.22721112520312683
5,P4,P4 / M5,9,source_pretrained_mlp,sample,7931,240,5,0,0.9776942316327727,154.7285247733606,101.97328507900238,1.0,1.1552680573219716
5,P4,P4 / M5,9,source_pretrained_mlp,sample,7948,240,6,6000,0.9590540947488622,218.9144495434459,99.49775756489147,1.0,0.2595254842026727
5,P4,P4 / M5,9,source_pretrained_mlp,sample,7971,241,5,7000,0.9839604191979539,117.19490692507311,64.2419988769624,0.0,0.5002711578425479
5,P4,P4 / M5,9,source_pretrained_mlp,sample,8015,242,6,7000,0.9955858465477165,73.91324102879146,53.40585682942317,0.0,0.5143247145885345
5,P4,P4 / M5,9,source_pretrained_mlp,sample,8259,250,4,9000,0.9924400121519582,87.72016245368522,50.342159048716226,0.0,0.24895729333544744
5,P4,P4 / M5,9,source_pretrained_mlp,sample,8325,252,4,9000,0.990501167902654,104.16341710323603,58.584520515273596,0.0,0.14244309036033817
5,P4,P4 / M5,9,source_pretrained_mlp,sample,8330,252,5,3000,0.9589733485636814,198.5393152901414,100.8939342506622,1.0,0.1287070257856915
5,P4,P4 / M5,9,source_pretrained_mlp,sample,8407,254,6,3000,0.9946943980984865,81.10052457084983,43.11703674933489,0.0,0.27805388408060216
5,P4,P4 / M5,9,source_pretrained_mlp,sample,8441,255,6,4000,0.9775852928833263,167.78811130601255,101.53991830348969,0.0,3.6258749642574704
5,P4,P4 / M5,9,proposed_prior_regularized,sample,33,1,4,0,0.9948506243613661,77.56113740486717,41.61129390492159,0.0,0.12029323808412676
5,P4,P4 / M5,9,proposed_prior_regularized,sample,34,1,4,1000,0.9963163964119688,65.29460407147826,39.108126282691956,0.0,0.0743184908440422
5,P4,P4 / M5,9,proposed_prior_regularized,sample,107,3,4,8000,0.998356692916713,42.796077897454644,29.71881128847599,1.0,0.0641558846575761
5,P4,P4 / M5,9,proposed_prior_regularized,sample,117,3,5,7000,0.9749921719652047,142.3975460323359,72.32513633966445,0.0,0.09561735273557577
5,P4,P4 / M5,9,proposed_prior_regularized,sample,166,5,4,1000,0.9938507533501311,81.00646934415823,44.69371709227562,0.0,0.2078528386919958
5,P4,P4 / M5,9,proposed_prior_regularized,sample,279,8,5,4000,0.9909658453218247,99.37445722727693,61.86663222312927,0.0,0.6846644892297552
5,P4,P4 / M5,9,proposed_prior_regularized,sample,281,8,5,6000,0.9943773337524277,71.56701170367694,44.28227615356445,0.0,0.15376265263039057
5,P4,P4 / M5,9,proposed_prior_regularized,sample,363,11,4,0,0.9943902239294888,84.39081550710863,58.22438430786133,0.0,0.35930265247278215
5,P4,P4 / M5,9,proposed_prior_regularized,sample,389,11,6,4000,0.9846480890317081,141.83191608284093,79.60406417113084,1.0,0.04876852529158501
5,P4,P4 / M5,9,proposed_prior_regularized,sample,423,12,6,5000,0.9735521431389812,179.18190107942314,96.57056652704874,1.0,0.20844466885328783
5,P4,P4 / M5,9,proposed_prior_regularized,sample,621,18,6,5000,0.9985029332558781,43.291312933419064,33.24431300163269,0.0,0.17141948283512076
5,P4,P4 / M5,9,proposed_prior_regularized,sample,642,19,5,4000,0.9985355106396421,38.58231801172832,22.9020174110637,0.0,0.07960324546940356
5,P4,P4 / M5,9,proposed_prior_regularized,sample,694,21,4,1000,0.9942205350777931,88.30211769408878,54.75593207279841,1.0,0.12036144735207722
5,P4,P4 / M5,9,proposed_prior_regularized,sample,695,21,4,2000,0.986766723582274,126.19849383912265,78.43552607297897,0.0,0.4226446310635848
5,P4,P4 / M5,9,proposed_prior_regularized,sample,782,23,6,1000,0.9903038085051858,118.16259050798668,57.25468466498635,1.0,0.09928192679743957
5,P4,P4 / M5,9,proposed_prior_regularized,sample,881,26,6,1000,0.9911112089503953,109.91986097134034,67.3946869969368,0.0,0.17093657673295304
5,P4,P4 / M5,9,proposed_prior_regularized,sample,990,30,4,0,0.996879112363293,63.83970021186139,39.98030746900118,0.0,0.0829511751671487
5,P4,P4 / M5,9,proposed_prior_regularized,sample,997,30,4,7000,0.9894363528813757,109.69330374801086,53.773448032491345,0.0,0.1877655912561806
5,P4,P4 / M5,9,proposed_prior_regularized,sample,1035,31,5,1000,0.9930836058028125,91.82570846475271,51.360261698563896,0.0,0.1735223973288155
5,P4,P4 / M5,9,proposed_prior_regularized,sample,1054,31,6,9000,0.9855533346103744,122.84180708723082,63.81439983143526,1.0,0.3974728619928693
5,P4,P4 / M5,9,proposed_prior_regularized,sample,1056,32,4,0,0.9894750728057483,116.78298860455628,60.45124355951945,0.0,0.13348098939199718
5,P4,P4 / M5,9,proposed_prior_regularized,sample,1070,32,5,3000,0.9981639111290114,45.955649793511924,30.75281902949015,1.0,0.20812750593274867
5,P4,P4 / M5,9,proposed_prior_regularized,sample,1107,33,5,7000,0.9885973836223836,105.90151213282606,62.14949607849121,0.0,0.20915863040088215
5,P4,P4 / M5,9,proposed_prior_regularized,sample,1168,35,5,2000,0.9973393238814164,54.14651761616607,33.25153244336446,0.0,0.10807259454269982
5,P4,P4 / M5,9,proposed_prior_regularized,sample,1224,37,4,3000,0.9972793225985217,56.380486694992236,32.58950173227411,0.0,0.1632546267091886
5,P4,P4 / M5,9,proposed_prior_regularized,sample,1273,38,5,8000,0.9730420765341207,153.76262523053663,74.30171070600811,1.0,0.2747066690113567
5,P4,P4 / M5,9,proposed_prior_regularized,sample,1296,39,4,9000,0.9972553528441528,56.90706762099091,34.93051061630249,0.0,0.1471689628942613
5,P4,P4 / M5,9,proposed_prior_regularized,sample,1389,42,4,3000,0.7357613566526366,562.2777248467578,297.49780602114544,0.0,0.8028977145558895
5,P4,P4 / M5,9,proposed_prior_regularized,sample,1442,43,6,1000,0.9695074069939433,190.37844069928315,114.12089711427689,0.0,0.2776565731505588
5,P4,P4 / M5,9,proposed_prior_regularized,sample,1467,44,5,4000,0.9963713042830505,61.813667977633855,33.7177050643497,0.0,0.25847945392274957
5,P4,P4 / M5,9,proposed_prior_regularized,sample,1576,47,6,3000,0.9940499631325059,87.5526976578279,40.56029336154461,0.0,0.0681856080224471
5,P4,P4 / M5,9,proposed_prior_regularized,sample,1632,49,5,4000,0.9940307982122234,79.58758193452007,44.38326245546341,1.0,0.09601255338577176
5,P4,P4 / M5,9,proposed_prior_regularized,sample,1736,52,5,9000,0.9926635711435965,80.86456118595679,44.68782230427391,0.0,0.3835323539305042
5,P4,P4 / M5,9,proposed_prior_regularized,sample,1867,56,5,8000,0.9688935295176818,176.14327564187218,91.96510918000165,0.0,0.23665777651076897
5,P4,P4 / M5,9,proposed_prior_regularized,sample,2061,62,5,4000,0.9962042534997834,60.9039233129753,33.20835612322155,1.0,0.06603297920994328
5,P4,P4 / M5,9,proposed_prior_regularized,sample,2192,66,5,3000,0.9957334867197865,65.8205048822352,36.97364020347595,1.0,0.1785580465716117
5,P4,P4 / M5,9,proposed_prior_regularized,sample,2237,67,6,4000,0.9971629127904384,57.72886697413125,34.734156926472984,0.0,0.4600859734662246
5,P4,P4 / M5,9,proposed_prior_regularized,sample,2276,68,6,10000,0.9926118600076501,91.78774692281822,52.83084970362046,0.0,0.24517231549000984
5,P4,P4 / M5,9,proposed_prior_regularized,sample,2296,69,5,8000,0.991582140966861,89.83081794079621,50.85867221731888,0.0,0.43536837135268075
5,P4,P4 / M5,9,proposed_prior_regularized,sample,2319,70,4,9000,0.9936257723174257,85.50528097690665,41.18761232495308,0.0,0.06062438556033227
5,P4,P4 / M5,9,proposed_prior_regularized,sample,2345,71,4,2000,0.9883416120553288,120.22118817237947,66.8944650036948,1.0,0.25848739463508424
5,P4,P4 / M5,9,proposed_prior_regularized,sample,2388,72,5,1000,0.9962216231531905,71.943279372324,42.60015238248385,0.0,0.16927640220588192
5,P4,P4 / M5,9,proposed_prior_regularized,sample,2424,73,5,4000,0.9937907422714233,81.09183235133337,44.53602165334365,1.0,0.21600460897621665
5,P4,P4 / M5,9,proposed_prior_regularized,sample,2508,76,4,0,0.9887709574955684,126.28430395924528,64.31327472414289,0.0,0.07289551888825177
5,P4,P4 / M5,9,proposed_prior_regularized,sample,2546,77,4,5000,0.9960277912346501,70.04713338821975,38.49703632990519,0.0,0.15284037144022297
5,P4,P4 / M5,9,proposed_prior_regularized,sample,2573,77,6,10000,0.9946660732393687,78.11644395407927,49.19375331699848,0.0,0.6491556619181394
5,P4,P4 / M5,9,proposed_prior_regularized,sample,2692,81,5,8000,0.9911589308799293,93.67302677550994,49.570178508758545,0.0,0.14689985075419879
5,P4,P4 / M5,9,proposed_prior_regularized,sample,2711,82,4,5000,0.9970581542259142,58.603280851892805,41.42111146450043,0.0,0.47835079233158595
5,P4,P4 / M5,9,proposed_prior_regularized,sample,2720,82,5,3000,0.992880229436516,87.50760754352585,50.27361460293041,1.0,0.08556177879518223
5,P4,P4 / M5,9,proposed_prior_regularized,sample,2747,83,4,8000,0.9850153768531618,130.1814940324422,75.04660791158676,0.0,0.15635122184646
5,P4,P4 / M5,9,proposed_prior_regularized,sample,2857,86,5,8000,0.991137157176399,92.76063843177455,38.982502698898315,0.0,0.18659015290184822
5,P4,P4 / M5,9,proposed_prior_regularized,sample,2858,86,5,9000,0.9700401232128273,166.01728465890844,89.23331505060196,0.0,0.15247860822374038
5,P4,P4 / M5,9,proposed_prior_regularized,sample,3158,95,6,1000,0.9306673208606903,315.6107716750518,167.22293760226324,1.0,0.21247643670307456
5,P4,P4 / M5,9,proposed_prior_regularized,sample,3159,95,6,2000,0.995875987497479,70.7678114268719,45.68714698155721,0.0,0.10647286886019831
5,P4,P4 / M5,9,proposed_prior_regularized,sample,3236,98,4,2000,0.9954915754294672,74.40566287034429,41.369426659175325,0.0,0.05170317352229872
5,P4,P4 / M5,9,proposed_prior_regularized,sample,3266,98,6,10000,0.9933178589817285,88.22311692070649,57.19285127321879,1.0,0.3036131455186513
5,P4,P4 / M5,9,proposed_prior_regularized,sample,3331,100,6,9000,0.9977716775721663,51.16787046465472,32.046607583761215,1.0,0.17001553245152273
5,P4,P4 / M5,9,proposed_prior_regularized,sample,3332,100,6,10000,0.9909881854358158,99.50653108567316,64.77468156814575,0.0,0.27504885186093636
5,P4,P4 / M5,9,proposed_prior_regularized,sample,3337,101,4,4000,0.9973431218069795,55.40807276895981,29.43968235784107,1.0,0.06173488575559716
5,P4,P4 / M5,9,proposed_prior_regularized,sample,3474,105,4,9000,0.9946169647726261,76.73501240909472,44.60420272085402,0.0,0.47073419392141913
5,P4,P4 / M5,9,proposed_prior_regularized,sample,3485,105,5,9000,0.9944560038183146,71.59884957565461,39.22667674014443,0.0,0.18416500762087662
5,P4,P4 / M5,9,proposed_prior_regularized,sample,3492,105,6,5000,0.9962324610736831,68.10451041849427,44.90406014025211,0.0,0.17402017721630128
5,P4,P4 / M5,9,proposed_prior_regularized,sample,3500,106,4,2000,0.9954660006194969,73.88786625034446,44.47145166993141,0.0,0.07935887450441809
5,P4,P4 / M5,9,proposed_prior_regularized,sample,3514,106,5,5000,0.9821588418814703,140.29122186766284,67.39724303881327,0.0,0.18895424058450805
5,P4,P4 / M5,9,proposed_prior_regularized,sample,3519,106,5,10000,0.9955996029343702,63.86588721604056,39.42450336406105,0.0,0.2954790787198663
5,P4,P4 / M5,9,proposed_prior_regularized,sample,3566,108,4,2000,0.9886563550225684,114.68761395041565,55.9503343666301,0.0,0.1466816031946923
5,P4,P4 / M5,9,proposed_prior_regularized,sample,3751,113,6,0,0.977685613432634,181.52184760201763,94.54988715865396,0.0,0.12690915712179754
5,P4,P4 / M5,9,proposed_prior_regularized,sample,3772,114,4,10000,0.9951742784194967,72.77727498200666,41.297117710113525,0.0,0.04977670841497054
5,P4,P4 / M5,9,proposed_prior_regularized,sample,3805,115,4,10000,0.9976036172768677,53.47589377129554,36.89348726272583,0.0,0.15715882968206563
5,P4,P4 / M5,9,proposed_prior_regularized,sample,3828,116,4,0,0.9872719589559785,124.93946844948428,77.37156265974045,0.0,0.2588592010820958
5,P4,P4 / M5,9,proposed_prior_regularized,sample,3858,116,6,8000,0.9981122003729489,46.248318926381685,35.81941578938411,0.0,1.2067855066163669
5,P4,P4 / M5,9,proposed_prior_regularized,sample,3919,118,6,3000,0.9823968048976107,148.43721860947304,86.12317360364474,1.0,0.18613499223553495
5,P4,P4 / M5,9,proposed_prior_regularized,sample,4048,122,6,0,0.9850865926995355,140.0217507995307,84.987495581309,0.0,0.14975659944931496
5,P4,P4 / M5,9,proposed_prior_regularized,sample,4188,126,6,8000,0.9950749950771655,75.672931190705,50.90512840564434,0.0,0.40458973517624663
5,P4,P4 / M5,9,proposed_prior_regularized,sample,4189,126,6,9000,0.9774610646216865,160.19645199995742,100.11444451127734,1.0,1.2367606726889793
5,P4,P4 / M5,9,proposed_prior_regularized,sample,4193,127,4,2000,0.9893961899127716,108.26771593898377,60.01881666043226,0.0,0.16860321784792703
5,P4,P4 / M5,9,proposed_prior_regularized,sample,4225,128,4,1000,0.9837336285250777,141.6674186135733,81.97165591066533,1.0,0.1552291487718239
5,P4,P4 / M5,9,proposed_prior_regularized,sample,4448,134,6,4000,0.9929747719594527,90.2672701768997,53.79215469079859,0.0,0.11523765963179908
5,P4,P4 / M5,9,proposed_prior_regularized,sample,4461,135,4,6000,0.9929894687983626,87.83576036744691,51.66123965382576,0.0,0.2835392091191218
5,P4,P4 / M5,9,proposed_prior_regularized,sample,4524,137,4,3000,0.9951209726861372,75.82827022956208,41.08109553654989,1.0,0.1206592619908632
5,P4,P4 / M5,9,proposed_prior_regularized,sample,4565,138,5,0,0.9983955695306127,44.70627860877649,26.488785831133523,0.0,0.3581553987301702
5,P4,P4 / M5,9,proposed_prior_regularized,sample,4607,139,5,9000,0.9970008595351526,51.83544126493199,32.847541752315706,0.0,0.11484676786874481
5,P4,P4 / M5,9,proposed_prior_regularized,sample,4647,140,6,5000,0.9793391773049807,153.5376560268953,77.56538148487316,0.0,0.11121447198396017
5,P4,P4 / M5,9,proposed_prior_regularized,sample,4717,142,6,9000,0.975113146799644,164.98505980721995,90.07502806186676,1.0,0.1697358210556986
5,P4,P4 / M5,9,proposed_prior_regularized,sample,4776,144,6,2000,0.9951120150292202,76.0969173831942,41.41863638824887,1.0,0.06836917456878272
5,P4,P4 / M5,9,proposed_prior_regularized,sample,4792,145,4,7000,0.9910011111508839,98.83450230854055,65.4754941253101,1.0,0.4994264306381686
5,P4,P4 / M5,9,proposed_prior_regularized,sample,4826,146,4,8000,0.9910300083371337,94.55779460881489,54.15987773945457,1.0,0.09494546505227111
5,P4,P4 / M5,9,proposed_prior_regularized,sample,4849,146,6,9000,0.9903992667259001,102.5888175154661,64.4479799747467,0.0,0.15447315942513776
5,P4,P4 / M5,9,proposed_prior_regularized,sample,4869,147,5,7000,0.9963238235660972,57.0784528159442,33.76762388881884,1.0,0.15036828305025635
5,P4,P4 / M5,9,proposed_prior_regularized,sample,4877,147,6,4000,0.9972205624416085,59.07698327834497,32.42293790408543,1.0,0.07667481092861186
5,P4,P4 / M5,9,proposed_prior_regularized,sample,4929,149,5,1000,0.9942189196206427,80.31516656334688,43.36769197781881,0.0,0.0903579808373703
5,P4,P4 / M5,9,proposed_prior_regularized,sample,4949,149,6,10000,0.993785117799868,83.19423354012153,58.07258255665119,1.0,0.4334299801133957
5,P4,P4 / M5,9,proposed_prior_regularized,sample,5043,152,6,5000,0.9890674317487107,109.0502306684478,54.2975795533922,0.0,0.20681591847752204
5,P4,P4 / M5,9,proposed_prior_regularized,sample,5101,154,5,8000,0.9956991880998104,58.897772408146885,33.91844185761043,1.0,0.22956688876359346
5,P4,P4 / M5,9,proposed_prior_regularized,sample,5112,154,6,8000,0.9755417570203411,164.44274528357866,88.52145570867202,1.0,0.32989978417127847
5,P4,P4 / M5,9,proposed_prior_regularized,sample,5144,155,6,7000,0.9911565091538763,100.82693151587681,57.85401886304219,0.0,0.4321658547798947
5,P4,P4 / M5,9,proposed_prior_regularized,sample,5316,161,4,3000,0.9990476729203811,32.230475367917066,18.748294961452483,0.0,0.04336119962768976
5,P4,P4 / M5,9,proposed_prior_regularized,sample,5381,163,4,2000,0.9968848596879664,62.51024108112648,41.09763807516832,0.0,0.43407476575003745
5,P4,P4 / M5,9,proposed_prior_regularized,sample,5384,163,4,5000,0.9975564680742187,51.191458335828536,34.92021273242103,0.0,0.48673462913538684
5,P4,P4 / M5,9,proposed_prior_regularized,sample,5414,164,4,2000,0.9972289163997613,57.60161800949772,36.28454179030199,0.0,0.4974355183463847
5,P4,P4 / M5,9,proposed_prior_regularized,sample,5534,167,6,1000,0.9976850006513359,53.975524577935545,39.03479452133179,0.0,0.5847697821177192
5,P4,P4 / M5,9,proposed_prior_regularized,sample,5617,170,4,7000,0.9959902614846224,69.4227189264732,41.53491118976048,0.0,0.05578320816047585
5,P4,P4 / M5,9,proposed_prior_regularized,sample,5658,171,5,4000,0.9984610330302383,39.70261996841712,20.676796786925372,0.0,0.14217040127242253
5,P4,P4 / M5,9,proposed_prior_regularized,sample,5694,172,5,7000,0.9952161320265694,67.59892644568512,44.92926932783688,0.0,0.11503744241993238
5,P4,P4 / M5,9,proposed_prior_regularized,sample,5816,176,4,8000,0.9983714641647293,40.88958831950545,23.593461723888623,1.0,0.10252899258770562
5,P4,P4 / M5,9,proposed_prior_regularized,sample,5841,177,4,0,0.9941928825850416,92.57303574088652,54.04401952570135,1.0,0.09995990653858347
5,P4,P4 / M5,9,proposed_prior_regularized,sample,5843,177,4,2000,0.9904593001896482,106.16095995743571,64.07119510968526,0.0,0.10493200032121595
5,P4,P4 / M5,9,proposed_prior_regularized,sample,5858,177,5,6000,0.9920713691690218,87.84100022029062,47.2833693921566,0.0,0.1680379244680963
5,P4,P4 / M5,9,proposed_prior_regularized,sample,5887,178,5,2000,0.9974890836959189,53.775949921261635,33.9589603583018,0.0,0.15990016730086964
5,P4,P4 / M5,9,proposed_prior_regularized,sample,6248,189,5,0,0.9749046144936706,176.5869891161086,81.46767603434049,0.0,0.10435132621881289
5,P4,P4 / M5,9,proposed_prior_regularized,sample,6299,190,6,7000,0.996534184479331,61.96522386170618,37.29428318341573,1.0,0.24116126054163728
5,P4,P4 / M5,9,proposed_prior_regularized,sample,6359,192,6,1000,0.973747036754599,177.81716466323863,90.51989448070526,1.0,0.48556162389954083
5,P4,P4 / M5,9,proposed_prior_regularized,sample,6407,194,4,5000,0.9928081314131714,84.17969975116837,46.77085315553766,0.0,0.06550476037818992
5,P4,P4 / M5,9,proposed_prior_regularized,sample,6425,194,6,1000,0.9664777926017102,202.1693680366704,119.62956701625477,0.0,0.20550455030360082
5,P4,P4 / M5,9,proposed_prior_regularized,sample,6466,195,6,9000,0.9876372719821782,121.53937475377771,72.10025119781494,0.0,0.2485154546573933
5,P4,P4 / M5,9,proposed_prior_regularized,sample,6743,204,5,0,0.9979862613488055,49.8045296793535,26.55261984893254,0.0,0.14290584480536514
5,P4,P4 / M5,9,proposed_prior_regularized,sample,6752,204,5,9000,0.9927936620253692,77.28721271811455,54.422233385198254,1.0,0.384168360442546
5,P4,P4 / M5,9,proposed_prior_regularized,sample,6762,204,6,8000,0.9910427392121,101.53485672819558,72.20446833542415,1.0,0.5323817169029754
5,P4,P4 / M5,9,proposed_prior_regularized,sample,6839,207,4,8000,0.9940814268815932,78.14128878718421,51.11361183438982,0.0,0.24237002200385366
5,P4,P4 / M5,9,proposed_prior_regularized,sample,6878,208,5,3000,0.9966818402373119,59.11331901249035,34.70727543830871,0.0,0.1272599073228048
5,P4,P4 / M5,9,proposed_prior_regularized,sample,6970,211,4,7000,0.9872076993339853,115.69599295290907,66.849295347929,1.0,0.19924771914858633
5,P4,P4 / M5,9,proposed_prior_regularized,sample,6983,211,5,9000,0.9941557204473388,71.32339593115617,43.75656098477981,0.0,0.15913181974727195
5,P4,P4 / M5,9,proposed_prior_regularized,sample,6987,211,6,2000,0.9889569126573298,113.7440193398901,71.76130420366923,0.0,0.30887576811383916
5,P4,P4 / M5,9,proposed_prior_regularized,sample,7035,213,4,6000,0.9942412463922861,76.83487201111619,44.03228503007155,0.0,0.49678783276767985
5,P4,P4 / M5,9,proposed_prior_regularized,sample,7063,214,4,1000,0.9954202605704503,70.11573651074175,43.98005324251511,0.0,0.20841710939197186
5,P4,P4 / M5,9,proposed_prior_regularized,sample,7090,214,6,6000,0.9797678340443743,145.60076460553196,100.36159280630258,0.0,0.6379365268569678
5,P4,P4 / M5,9,proposed_prior_regularized,sample,7141,216,5,2000,0.9979235299810614,46.933659411735675,32.777461901307106,0.0,0.1918909826558242
5,P4,P4 / M5,9,proposed_prior_regularized,sample,7214,218,5,9000,0.9884076468308065,95.9847051563889,62.017583632469176,0.0,0.5628288703981288
5,P4,P4 / M5,9,proposed_prior_regularized,sample,7257,219,6,8000,0.9556882225373405,213.04735424381363,97.79401850700378,1.0,0.4551193692151983
5,P4,P4 / M5,9,proposed_prior_regularized,sample,7309,221,5,5000,0.9972736275177619,50.05046652423232,33.633050349023605,0.0,0.6996685017012391
5,P4,P4 / M5,9,proposed_prior_regularized,sample,7333,222,4,7000,0.9864550458463073,119.45846271526678,66.94517189661661,1.0,0.2679228259875169
5,P4,P4 / M5,9,proposed_prior_regularized,sample,7411,224,5,8000,0.9662058673846982,173.46632992550923,103.25544479489326,1.0,0.25895272165766253
5,P4,P4 / M5,9,proposed_prior_regularized,sample,7422,224,6,8000,0.9945028722294527,72.76373867636656,52.164151549339294,1.0,1.1873539181845536
5,P4,P4 / M5,9,proposed_prior_regularized,sample,7439,225,5,3000,0.9922699504487194,87.1880522508708,46.731493175029755,1.0,0.20855670573614737
5,P4,P4 / M5,9,proposed_prior_regularized,sample,7451,225,6,4000,0.9930560451713001,87.25875798588221,55.74277008496798,0.0,0.18234482787426606
5,P4,P4 / M5,9,proposed_prior_regularized,sample,7578,229,5,10000,0.9883050148457996,96.57219776996693,54.91697287559509,1.0,0.724501259800383
5,P4,P4 / M5,9,proposed_prior_regularized,sample,7764,235,4,9000,0.9958461535347558,65.6355506146993,36.621133708953856,0.0,0.07891676350733902
5,P4,P4 / M5,9,proposed_prior_regularized,sample,7785,235,6,8000,0.9947636766171486,79.39058034904936,53.548461300986155,0.0,0.23303609257833274
5,P4,P4 / M5,9,proposed_prior_regularized,sample,7869,238,5,4000,0.9953846360592281,66.87951478514756,34.0733224363888,0.0,0.29178217070857954
5,P4,P4 / M5,9,proposed_prior_regularized,sample,7884,238,6,8000,0.9830915075682984,138.50155978348727,65.91485581031212,0.0,0.2800456089702095
5,P4,P4 / M5,9,proposed_prior_regularized,sample,7923,240,4,3000,0.9934229542892861,85.17634241514418,57.86385753949483,0.0,0.3752848519380892
5,P4,P4 / M5,9,proposed_prior_regularized,sample,7931,240,5,0,0.9806560276671417,144.09025901880344,97.14424510796864,0.0,1.1019652162070932
5,P4,P4 / M5,9,proposed_prior_regularized,sample,7948,240,6,6000,0.9841956719061101,136.00573074553245,87.82143436778675,1.0,0.2167272441710272
5,P4,P4 / M5,9,proposed_prior_regularized,sample,7971,241,5,7000,0.9807979250854855,128.2290165445454,70.58652424812317,0.0,0.10375639278851459
5,P4,P4 / M5,9,proposed_prior_regularized,sample,8015,242,6,7000,0.9930509578050203,92.73870072427042,65.40346945249118,0.0,0.6683488827395785
5,P4,P4 / M5,9,proposed_prior_regularized,sample,8259,250,4,9000,0.9981567654080717,43.314089012904915,28.723911205927532,0.0,0.35462447120995005
5,P4,P4 / M5,9,proposed_prior_regularized,sample,8325,252,4,9000,0.9967342153700005,61.07646366569994,41.2892635569853,0.0,0.31361592243330305
5,P4,P4 / M5,9,proposed_prior_regularized,sample,8330,252,5,3000,0.9588360539624875,198.87124110397994,122.24015644976967,1.0,0.14326401250383874
5,P4,P4 / M5,9,proposed_prior_regularized,sample,8407,254,6,3000,0.9805953974248421,155.09889704040464,86.52361644015593,0.0,0.2886139731154891
5,P4,P4 / M5,9,proposed_prior_regularized,sample,8441,255,6,4000,0.9542681897826266,239.6645761639349,151.37154287951333,1.0,0.5607180467802464
8,P7,P7 / M8,5,gaussian,sample,33,1,4,0,0.9797267120041069,108.98258497993797,73.01931915432047,0.0,0.557565980107324
8,P7,P7 / M8,5,gaussian,sample,34,1,4,1000,0.9741002234449156,121.41785456765703,79.72834641632201,0.0,0.4937075277198363
8,P7,P7 / M8,5,gaussian,sample,107,3,4,8000,0.9913087097189269,66.13193429082663,44.51367077613573,1.0,0.2992994620797784
8,P7,P7 / M8,5,gaussian,sample,117,3,5,7000,0.9640573556788214,123.20127538502058,71.19684886861175,1.0,1.0006215543108814
8,P7,P7 / M8,5,gaussian,sample,166,5,4,1000,0.9719971351157465,125.15985590545856,75.92627461632425,0.0,0.8012255516569499
8,P7,P7 / M8,5,gaussian,sample,279,8,5,4000,0.9454065264481324,162.5790642261617,103.43721410420342,1.0,0.18757897260671455
8,P7,P7 / M8,5,gaussian,sample,281,8,5,6000,0.9795878749215671,96.65980727801653,63.772866074319964,0.0,1.2281604845359768
8,P7,P7 / M8,5,gaussian,sample,363,11,4,0,0.9925019171128499,68.93619203887393,35.1241269130477,1.0,0.08867857112209979
8,P7,P7 / M8,5,gaussian,sample,389,11,6,4000,0.9933171879247078,63.40341157816492,38.61478981486525,0.0,0.35765892796020315
8,P7,P7 / M8,5,gaussian,sample,423,12,6,5000,0.9838306439088172,96.62970814023726,59.24813802273697,0.0,0.6170104801060702
8,P7,P7 / M8,5,gaussian,sample,621,18,6,5000,0.997694013330215,38.158212401540695,24.118981222875053,0.0,0.22212031494613366
8,P7,P7 / M8,5,gaussian,sample,642,19,5,4000,0.9866568744058619,81.80275764160419,52.60834857839851,0.0,0.6315485575222584
8,P7,P7 / M8,5,gaussian,sample,694,21,4,1000,0.9965103987870774,47.17983123043724,33.119319720366384,0.0,0.3340966813546274
8,P7,P7 / M8,5,gaussian,sample,695,21,4,2000,0.9919892089411957,69.3645237629294,41.586692712734155,1.0,0.19483435355537695
8,P7,P7 / M8,5,gaussian,sample,782,23,6,1000,0.9957251982851513,53.69516067078754,37.88823129443588,1.0,0.4520793642020267
8,P7,P7 / M8,5,gaussian,sample,881,26,6,1000,0.9894756280893579,81.43063913327718,46.58832715636306,1.0,0.10807052136963674
8,P7,P7 / M8,5,gaussian,sample,990,30,4,0,0.9928375933295883,65.90054558341902,41.841595112853454,1.0,0.23878494678046436
8,P7,P7 / M8,5,gaussian,sample,997,30,4,7000,0.9901323588072788,74.44251958644683,44.59536992588116,0.0,0.29427890986301286
8,P7,P7 / M8,5,gaussian,sample,1035,31,5,1000,0.9774961745618953,112.7800128101505,73.76610693177676,1.0,0.3973501777673
8,P7,P7 / M8,5,gaussian,sample,1054,31,6,9000,0.9425845978140563,176.72284352156478,113.17604103853016,1.0,0.9447969335357592
8,P7,P7 / M8,5,gaussian,sample,1056,32,4,0,0.9941251779826932,62.230667598664795,39.11921486986335,1.0,0.2991379896199895
8,P7,P7 / M8,5,gaussian,sample,1070,32,5,3000,0.9713320948513076,122.72277108781192,75.94855495137047,1.0,0.6032145008047884
8,P7,P7 / M8,5,gaussian,sample,1107,33,5,7000,0.9642970669567762,129.25964952952847,87.19785355600989,1.0,0.33866677204838475
8,P7,P7 / M8,5,gaussian,sample,1168,35,5,2000,0.9815284875835605,101.43451201781065,68.37622830481665,1.0,0.5357381393029014
8,P7,P7 / M8,5,gaussian,sample,1224,37,4,3000,0.9858324722055937,89.48665198747334,59.648117142294765,1.0,1.22679633696936
8,P7,P7 / M8,5,gaussian,sample,1273,38,5,8000,0.9824576738697282,89.80702457974516,56.38546962998736,0.0,0.8355307634397868
8,P7,P7 / M8,5,gaussian,sample,1296,39,4,9000,0.9950048768891312,51.64688333425273,34.61387416294137,0.0,0.2709606534102098
8,P7,P7 / M8,5,gaussian,sample,1389,42,4,3000,0.9821153767801125,99.89524190784215,62.847550053211,1.0,0.7843703954097303
8,P7,P7 / M8,5,gaussian,sample,1442,43,6,1000,0.9842114537484986,102.31512682685171,68.14785122807653,1.0,0.45307881922341614
8,P7,P7 / M8,5,gaussian,sample,1467,44,5,4000,0.9723384596822864,116.75776673922392,75.92373271704035,0.0,0.6469815303021527
8,P7,P7 / M8,5,gaussian,sample,1576,47,6,3000,0.9870180332843443,88.46757556674682,54.639117128987614,0.0,0.12487562693133274
8,P7,P7 / M8,5,gaussian,sample,1632,49,5,4000,0.972364800905881,115.37093947435923,72.30082421370342,1.0,0.7998425952056398
8,P7,P7 / M8,5,gaussian,sample,1736,52,5,9000,0.9585629339911845,131.47123849612757,81.14977856353232,1.0,1.0609603245995693
8,P7,P7 / M8,5,gaussian,sample,1867,56,5,8000,0.918979547990872,184.14791102298835,109.94852218825214,1.0,0.21830099967954117
8,P7,P7 / M8,5,gaussian,sample,2061,62,5,4000,0.9826823782865949,95.96682072867759,59.86414518224132,0.0,0.6109776465620815
8,P7,P7 / M8,5,gaussian,sample,2192,66,5,3000,0.9703124554891646,126.72915861157139,79.49836429007938,0.0,0.30417538913698555
8,P7,P7 / M8,5,gaussian,sample,2237,67,6,4000,-2.713104383474344,1479.9504614776786,766.9454402991337,2.0,3.283503856910955
8,P7,P7 / M8,5,gaussian,sample,2276,68,6,10000,0.970791466269155,125.08849883304643,78.20475088110696,1.0,0.3639126873625524
8,P7,P7 / M8,5,gaussian,sample,2296,69,5,8000,0.9751248456816198,104.54010458216216,66.8998978533396,1.0,1.0653628793834318
8,P7,P7 / M8,5,gaussian,sample,2319,70,4,9000,0.9951017564312161,53.74483761235988,34.06161552876396,0.0,0.39462240927952064
8,P7,P7 / M8,5,gaussian,sample,2345,71,4,2000,0.9777515082564883,111.32421250132032,70.58409758654523,1.0,0.30337741511665867
8,P7,P7 / M8,5,gaussian,sample,2388,72,5,1000,0.9870339891288461,88.27001091703829,56.695384217637425,1.0,0.3836979989088778
8,P7,P7 / M8,5,gaussian,sample,2424,73,5,4000,0.9947722182534708,54.06932433921246,35.83938620817017,0.0,0.6538854446377665
8,P7,P7 / M8,5,gaussian,sample,2508,76,4,0,0.9910999751612334,76.1746993140771,49.01066953981258,0.0,0.37400042589717897
8,P7,P7 / M8,5,gaussian,sample,2546,77,4,5000,0.9830109095417411,101.18386680895087,64.05019495543206,1.0,0.7119015668676496
8,P7,P7 / M8,5,gaussian,sample,2573,77,6,10000,0.9221066920126367,207.26190921505497,128.09786114572802,1.0,0.8333470128676831
8,P7,P7 / M8,5,gaussian,sample,2692,81,5,8000,0.9729322791194571,109.85700551789203,75.33050482563904,1.0,0.9467066906580731
8,P7,P7 / M8,5,gaussian,sample,2711,82,4,5000,0.9934101508339406,62.52785113120727,36.223186154058524,1.0,0.29848624191006645
8,P7,P7 / M8,5,gaussian,sample,2720,82,5,3000,0.9776288195241528,108.91526334863153,70.62693890305323,0.0,0.4087632397527937
8,P7,P7 / M8,5,gaussian,sample,2747,83,4,8000,0.9916575940609652,67.59172677688822,44.18865538764742,1.0,0.20199744084785207
8,P7,P7 / M8,5,gaussian,sample,2857,86,5,8000,0.95203445860219,147.83416097037932,87.94133715285992,1.0,0.508249787643691
8,P7,P7 / M8,5,gaussian,sample,2858,86,5,9000,0.9818721850579014,88.78818162938951,58.680902697832416,1.0,0.3672869737715891
8,P7,P7 / M8,5,gaussian,sample,3158,95,6,1000,0.9261266825411909,231.09812703193074,134.02866088126717,2.0,0.6833425958607942
8,P7,P7 / M8,5,gaussian,sample,3159,95,6,2000,0.9863521374342507,94.16215717329766,65.34956416714257,1.0,0.6229621716269308
8,P7,P7 / M8,5,gaussian,sample,3236,98,4,2000,0.9949675098362761,56.69028834379641,34.21921466549339,1.0,0.38274612392508184
8,P7,P7 / M8,5,gaussian,sample,3266,98,6,10000,0.9836390848738148,96.23528352543902,44.88725255868898,0.0,0.18867642783147803
8,P7,P7 / M8,5,gaussian,sample,3331,100,6,9000,0.9908790085335287,74.04571114686848,45.72835127822588,0.0,0.5078394076083762
8,P7,P7 / M8,5,gaussian,sample,3332,100,6,10000,0.9871165281261998,85.6563138851861,47.881678404048515,1.0,0.1521830243785222
8,P7,P7 / M8,5,gaussian,sample,3337,101,4,4000,0.9905198940316481,71.29789080134739,43.93866167828351,1.0,0.3285214235231081
8,P7,P7 / M8,5,gaussian,sample,3474,105,4,9000,0.9964652968250729,43.59494549002428,27.02172927649737,0.0,0.24329231158637193
8,P7,P7 / M8,5,gaussian,sample,3485,105,5,9000,0.9720010757816769,109.23716378389602,66.81647712034159,0.0,0.48687903169042224
8,P7,P7 / M8,5,gaussian,sample,3492,105,6,5000,0.9810946068655705,110.82259386344867,69.38360613056615,1.0,0.3140382431797727
8,P7,P7 / M8,5,gaussian,sample,3500,106,4,2000,0.9803283776646885,108.03928535779258,70.13421763672588,0.0,0.23995282151885053
8,P7,P7 / M8,5,gaussian,sample,3514,106,5,5000,0.9851597261975055,87.00697342566244,61.14250976198261,1.0,1.0387147234280092
8,P7,P7 / M8,5,gaussian,sample,3519,106,5,10000,0.9524809918070183,142.27644172134984,88.33332889325428,0.0,0.4305535153681735
8,P7,P7 / M8,5,gaussian,sample,3566,108,4,2000,0.9935827053484074,62.22619170930799,41.46943907249487,0.0,0.7577853649515734
8,P7,P7 / M8,5,gaussian,sample,3751,113,6,0,0.9838123721027284,109.52717187226858,61.23548202002311,0.0,0.38882547967811854
8,P7,P7 / M8,5,gaussian,sample,3772,114,4,10000,0.9807503392256091,103.71232964612764,65.31141705321686,0.0,0.344831438182104
8,P7,P7 / M8,5,gaussian,sample,3805,115,4,10000,0.9962666266035816,45.74848165340171,27.535512063012767,1.0,0.22203991063280581
8,P7,P7 / M8,5,gaussian,sample,3828,116,4,0,0.9909997512097188,79.38236014779064,41.07792204479395,0.0,0.19294373833844417
8,P7,P7 / M8,5,gaussian,sample,3858,116,6,8000,0.9773896051773496,115.04084596998462,72.31627048263952,1.0,0.6411241713821374
8,P7,P7 / M8,5,gaussian,sample,3919,118,6,3000,0.9650890761881352,154.01723849160732,90.0210887917303,1.0,0.24293779213075667
8,P7,P7 / M8,5,gaussian,sample,4048,122,6,0,0.9866551909057842,98.73077149157587,66.70146754134697,1.0,1.0211298004146838
8,P7,P7 / M8,5,gaussian,sample,4188,126,6,8000,-3.137336212782434,1541.5034412211612,819.8468134134656,2.0,1.6497602820027648
8,P7,P7 / M8,5,gaussian,sample,4189,126,6,9000,0.9217425746015498,223.9893817367658,132.23389961843753,2.0,0.33294153863737114
8,P7,P7 / M8,5,gaussian,sample,4193,127,4,2000,0.9754249290214551,121.5145052940293,78.93953825613734,0.0,0.9824844482049936
8,P7,P7 / M8,5,gaussian,sample,4225,128,4,1000,0.9821904477006833,106.77670429342433,68.43061666407282,0.0,0.37537367064140825
8,P7,P7 / M8,5,gaussian,sample,4448,134,6,4000,0.9775148499013632,123.67952195506956,69.49549093443187,0.0,1.00539370857837
8,P7,P7 / M8,5,gaussian,sample,4461,135,4,6000,0.9657615958384204,136.18126307816277,77.88570545578462,0.0,0.4323790942238908
8,P7,P7 / M8,5,gaussian,sample,4524,137,4,3000,0.993203254999814,63.95407361171665,34.722408604076776,0.0,0.438593022110818
8,P7,P7 / M8,5,gaussian,sample,4565,138,5,0,0.983527294657855,101.08198722522987,58.18408307093791,0.0,0.24776414649081868
8,P7,P7 / M8,5,gaussian,sample,4607,139,5,9000,0.9707750790952977,115.09352083435311,70.88700174196178,0.0,0.627099079267476
8,P7,P7 / M8,5,gaussian,sample,4647,140,6,5000,0.9946296176783026,58.679708352388175,39.45321785281443,1.0,0.5299964859860147
8,P7,P7 / M8,5,gaussian,sample,4717,142,6,9000,0.9881820720900335,85.81931263576759,45.80192832077353,1.0,0.17082418308478167
8,P7,P7 / M8,5,gaussian,sample,4776,144,6,2000,0.986018530643579,93.86942451764341,58.45065598982734,0.0,0.6962355026150486
8,P7,P7 / M8,5,gaussian,sample,4792,145,4,7000,0.9945669980677961,54.23999522070818,33.13546895098384,1.0,0.19838087592397213
8,P7,P7 / M8,5,gaussian,sample,4826,146,4,8000,0.9776704222017637,116.27255974735216,67.57642723804106,1.0,0.23436951678518386
8,P7,P7 / M8,5,gaussian,sample,4849,146,6,9000,-2.6066928286287583,1386.0152760741014,715.7252013162623,2.0,3.584631661417027
8,P7,P7 / M8,5,gaussian,sample,4869,147,5,7000,0.9656471550648175,118.94464551140744,68.77042243611794,0.0,0.8885009682850402
8,P7,P7 / M8,5,gaussian,sample,4877,147,6,4000,0.9853653561744792,96.28988515748581,50.00219988327842,0.0,0.21227559270104554
8,P7,P7 / M8,5,gaussian,sample,4929,149,5,1000,0.9791308894878868,110.07950199529338,70.02651547458025,0.0,0.5567338078616566
8,P7,P7 / M8,5,gaussian,sample,4949,149,6,10000,0.943567755603703,178.46702198084301,105.06955946881537,0.0,0.44021672246547927
8,P7,P7 / M8,5,gaussian,sample,5043,152,6,5000,0.9906339795133402,76.63375605852681,50.36856596276271,0.0,0.5852642866348262
8,P7,P7 / M8,5,gaussian,sample,5101,154,5,8000,0.9742938855427143,108.16420534201002,62.82041511294679,0.0,0.7343218806896736
8,P7,P7 / M8,5,gaussian,sample,5112,154,6,8000,0.9806548447205208,111.97015456816173,59.16032600851554,0.0,0.2635992948446214
8,P7,P7 / M8,5,gaussian,sample,5144,155,6,7000,0.9921764549584553,70.4914593898377,40.18623318573102,1.0,0.1783107270749263
8,P7,P7 / M8,5,gaussian,sample,5316,161,4,3000,0.9920994004687721,69.31734316132324,44.0037482296385,0.0,0.34827177743648136
8,P7,P7 / M8,5,gaussian,sample,5381,163,4,2000,0.9918859929351338,71.77311147033078,45.707352735824784,1.0,0.6710207685214798
8,P7,P7 / M8,5,gaussian,sample,5384,163,4,5000,0.9962698256911903,48.9782956826302,33.718937428860976,1.0,0.23220866674025123
8,P7,P7 / M8,5,gaussian,sample,5414,164,4,2000,0.991215030726879,75.11709664951147,44.7240711339251,0.0,0.2463380866547427
8,P7,P7 / M8,5,gaussian,sample,5534,167,6,1000,0.9876179022793172,91.16258118179942,49.40072625705597,0.0,0.212275288498933
8,P7,P7 / M8,5,gaussian,sample,5617,170,4,7000,0.9730697033348715,120.16236792702716,68.83512825030726,0.0,0.49674520209360445
8,P7,P7 / M8,5,gaussian,sample,5658,171,5,4000,0.9924102935653354,64.12489895650728,43.15204568299512,0.0,0.7944618958754728
8,P7,P7 / M8,5,gaussian,sample,5694,172,5,7000,0.9783861391517034,104.05712025878732,68.29108675557725,0.0,0.6817073702059819
8,P7,P7 / M8,5,gaussian,sample,5816,176,4,8000,0.9889662325749918,79.61154846067986,47.13138214432991,1.0,0.36447931538576034
8,P7,P7 / M8,5,gaussian,sample,5841,177,4,0,0.9941038272456779,59.71381929990651,38.28381099238273,0.0,0.17641368840032476
8,P7,P7 / M8,5,gaussian,sample,5843,177,4,2000,0.9916210291159422,72.7680256277177,46.1910800993742,1.0,0.20690216204901396
8,P7,P7 / M8,5,gaussian,sample,5858,177,5,6000,0.9666293121705807,127.21163414162018,79.11674703216325,1.0,0.3346259478861744
8,P7,P7 / M8,5,gaussian,sample,5887,178,5,2000,0.9869752165397826,85.77961361995935,54.97332065815194,0.0,0.48053746567591826
8,P7,P7 / M8,5,gaussian,sample,6248,189,5,0,0.9909504250964092,74.85201191285003,48.80488922693274,0.0,0.5098423295241474
8,P7,P7 / M8,5,gaussian,sample,6299,190,6,7000,0.9744940740381,127.4112227461371,73.72469792561522,1.0,0.4253154614965929
8,P7,P7 / M8,5,gaussian,sample,6359,192,6,1000,0.9849653192673198,101.56710703249665,62.03321596807353,0.0,0.8617077950612448
8,P7,P7 / M8,5,gaussian,sample,6407,194,4,5000,0.9850330256630054,93.65493988397692,46.604037134193305,0.0,0.24799855026592713
8,P7,P7 / M8,5,gaussian,sample,6425,194,6,1000,0.976937908579176,122.85710938609884,74.39263532446066,1.0,0.7575424132226282
8,P7,P7 / M8,5,gaussian,sample,6466,195,6,9000,0.9919138010687678,69.59611818816293,40.58842794759417,1.0,0.34948082903819344
8,P7,P7 / M8,5,gaussian,sample,6743,204,5,0,0.9914190178179095,74.4146113270997,48.64811734230291,1.0,0.4738536867178277
8,P7,P7 / M8,5,gaussian,sample,6752,204,5,9000,0.983152702414964,85.06690345085926,55.107120992239736,1.0,0.5685123354705707
8,P7,P7 / M8,5,gaussian,sample,6762,204,6,8000,0.9749419859100813,119.87695121398156,65.81679828798741,1.0,0.2948794129387816
8,P7,P7 / M8,5,gaussian,sample,6839,207,4,8000,0.9974541862638155,38.85621493894643,24.642801247046037,0.0,0.7017107876925301
8,P7,P7 / M8,5,gaussian,sample,6878,208,5,3000,0.972391465090334,120.86539421901252,81.43177382470519,1.0,0.32059203896937827
8,P7,P7 / M8,5,gaussian,sample,6970,211,4,7000,0.9936487941448116,59.92018793480704,40.35036680337708,0.0,0.32274448377190834
8,P7,P7 / M8,5,gaussian,sample,6983,211,5,9000,0.9890528229369121,71.40047056998706,50.21062120971727,1.0,1.1776979285353733
8,P7,P7 / M8,5,gaussian,sample,6987,211,6,2000,0.993176316614133,65.04756862761445,45.774384620492185,1.0,0.6073346474392715
8,P7,P7 / M8,5,gaussian,sample,7035,213,4,6000,0.9889972166009097,76.76690434656688,43.71536666289467,0.0,0.31853116010529187
8,P7,P7 / M8,5,gaussian,sample,7063,214,4,1000,0.9942746734842861,62.729925314167026,36.07036952807741,1.0,0.4107746746117865
8,P7,P7 / M8,5,gaussian,sample,7090,214,6,6000,0.9887478949691829,85.39088142255443,56.30949110426423,0.0,0.8791686420043123
8,P7,P7 / M8,5,gaussian,sample,7141,216,5,2000,0.9838505228157385,94.82734229099631,61.43919570588848,0.0,0.3869725520556539
8,P7,P7 / M8,5,gaussian,sample,7214,218,5,9000,0.982475921439406,88.14031285611975,59.134357757244516,1.0,0.5112008206637754
8,P7,P7 / M8,5,gaussian,sample,7257,219,6,8000,0.9874358835276609,87.62133964530476,53.02724558118592,0.0,0.557388738456934
8,P7,P7 / M8,5,gaussian,sample,7309,221,5,5000,0.933922428934267,177.83297709964677,100.2936395157788,1.0,0.5966670614565186
8,P7,P7 / M8,5,gaussian,sample,7333,222,4,7000,0.9765959968172069,114.08717938903024,68.78296076219648,1.0,0.14128696514718708
8,P7,P7 / M8,5,gaussian,sample,7411,224,5,8000,0.9513352565090902,145.8788735507832,79.89203425430746,0.0,0.31381352727089556
8,P7,P7 / M8,5,gaussian,sample,7422,224,6,8000,0.9516506403045433,169.26201677843164,100.13332072805758,1.0,0.24058349791209724
8,P7,P7 / M8,5,gaussian,sample,7439,225,5,3000,0.9646361286077924,136.01298554860531,90.94001685896365,1.0,0.34442658195349485
8,P7,P7 / M8,5,gaussian,sample,7451,225,6,4000,0.9731152015862441,128.64665609708575,77.11793274822156,1.0,0.214360960521366
8,P7,P7 / M8,5,gaussian,sample,7578,229,5,10000,0.946593579818658,150.2482251581549,90.18684579010016,2.0,0.38311904511483613
8,P7,P7 / M8,5,gaussian,sample,7764,235,4,9000,0.9858142413288797,86.59268680190145,45.865509019407604,0.0,0.09059687736327528
8,P7,P7 / M8,5,gaussian,sample,7785,235,6,8000,0.9876958944103398,87.16626285637786,50.802167907256305,0.0,0.33631980708439446
8,P7,P7 / M8,5,gaussian,sample,7869,238,5,4000,0.9804682110116316,103.09340658161132,63.264533256610726,1.0,0.8223514526756712
8,P7,P7 / M8,5,gaussian,sample,7884,238,6,8000,0.9857894158737304,94.72099348331331,66.14132098127196,0.0,0.5867158134336122
8,P7,P7 / M8,5,gaussian,sample,7923,240,4,3000,0.9879183504052437,87.93945416450522,52.84404047218087,0.0,0.339795537613789
8,P7,P7 / M8,5,gaussian,sample,7931,240,5,0,0.9952600612037411,55.50762826910157,35.28067592915492,0.0,0.38670629565743847
8,P7,P7 / M8,5,gaussian,sample,7948,240,6,6000,0.987647086888244,88.48384846748309,61.00484686036525,0.0,0.8535206993861789
8,P7,P7 / M8,5,gaussian,sample,7971,241,5,7000,0.9864111835018862,79.63674351297217,49.68864902995805,0.0,1.1374571442409878
8,P7,P7 / M8,5,gaussian,sample,8015,242,6,7000,0.9566364564128356,157.6807121729808,92.81926461642212,0.0,0.3458182625154042
8,P7,P7 / M8,5,gaussian,sample,8259,250,4,9000,0.9967540878259415,43.124710399740216,29.502358005757337,0.0,1.129442752312464
8,P7,P7 / M8,5,gaussian,sample,8325,252,4,9000,0.9283904120911212,208.5013281643372,112.6463053189818,0.0,0.6196471390433804
8,P7,P7 / M8,5,gaussian,sample,8330,252,5,3000,0.8867387489235941,265.9276838055693,143.63197119741332,1.0,0.46065528515018656
8,P7,P7 / M8,5,gaussian,sample,8407,254,6,3000,0.9264267194171159,236.513647095968,140.67261877011177,0.0,0.7248881299494586
8,P7,P7 / M8,5,gaussian,sample,8441,255,6,4000,0.8813989204515787,281.1754885233367,163.3133134718992,1.0,1.0777748057803793
8,P7,P7 / M8,5,spline,sample,33,1,4,0,0.7140136079729232,409.3244568913116,234.65542572696987,1.0,0.3713380667704827
8,P7,P7 / M8,5,spline,sample,34,1,4,1000,0.6897491294974395,420.2338677373126,234.9451130468716,1.0,0.779278034204086
8,P7,P7 / M8,5,spline,sample,107,3,4,8000,0.8151181966009367,305.01147770275196,169.18541750456066,2.0,1.2247740068713668
8,P7,P7 / M8,5,spline,sample,117,3,5,7000,0.717751095854394,345.2441459266445,190.56694935788008,2.0,0.5479376318938005
8,P7,P7 / M8,5,spline,sample,166,5,4,1000,0.5138288872413552,521.5049046565439,288.8297281723064,1.0,0.8165424458138955
8,P7,P7 / M8,5,spline,sample,279,8,5,4000,0.7929988630506662,316.5779198719091,178.42774038384886,1.0,1.2071718400158484
8,P7,P7 / M8,5,spline,sample,281,8,5,6000,0.8222379116015779,285.2471975870154,166.66025649503402,1.0,1.4102288568803198
8,P7,P7 / M8,5,spline,sample,363,11,4,0,0.9469141435538169,183.4262914248915,111.33744190527285,0.0,1.2238617599840367
8,P7,P7 / M8,5,spline,sample,389,11,6,4000,0.9307591077231532,204.08652471692338,119.02807258680859,1.0,1.1509652475393595
8,P7,P7 / M8,5,spline,sample,423,12,6,5000,0.8148639621123797,326.971415667357,189.0990009647417,1.0,0.9197519729879916
8,P7,P7 / M8,5,spline,sample,621,18,6,5000,0.9811691447837505,109.04221052307568,72.69607802584649,0.0,1.2938814856214453
8,P7,P7 / M8,5,spline,sample,642,19,5,4000,0.8988781328439905,225.19653161800406,130.14893466686576,1.0,0.9391328869018166
8,P7,P7 / M8,5,spline,sample,694,21,4,1000,0.9736145880959077,129.73298852600254,79.17105278879323,1.0,0.7865627157267588
8,P7,P7 / M8,5,spline,sample,695,21,4,2000,0.9540808348107362,166.07210813158,97.17885976638594,1.0,1.040816385204497
8,P7,P7 / M8,5,spline,sample,782,23,6,1000,0.9839201704568372,104.14007331651881,74.79750392895518,0.0,1.7389015269654946
8,P7,P7 / M8,5,spline,sample,881,26,6,1000,0.9358803362998553,200.99505280270046,140.19489568627452,1.0,1.134194554917963
8,P7,P7 / M8,5,spline,sample,990,30,4,0,0.9452657012033027,182.17521949420498,109.80050108737449,1.0,0.8614572569991088
8,P7,P7 / M8,5,spline,sample,997,30,4,7000,0.9818165417999044,101.0537956354362,69.78024224714986,0.0,1.6594271607267141
8,P7,P7 / M8,5,spline,sample,1035,31,5,1000,0.8396007871267954,301.0960656828857,163.38452360501697,1.0,0.7908174393496307
8,P7,P7 / M8,5,spline,sample,1054,31,6,9000,0.6029944511835378,464.7043882382172,270.4177896723054,2.0,0.6190564754287036
8,P7,P7 / M8,5,spline,sample,1056,32,4,0,0.970131257143638,140.3187073204288,86.48356647464406,0.0,0.8629667155114835
8,P7,P7 / M8,5,spline,sample,1070,32,5,3000,0.7888640804978637,333.0490779499668,182.29230067732885,1.0,0.700147967944507
8,P7,P7 / M8,5,spline,sample,1107,33,5,7000,0.9117621533182981,203.20691234381647,121.4270722687467,1.0,1.0725927134699595
8,P7,P7 / M8,5,spline,sample,1168,35,5,2000,0.8727685223075191,266.21455828100596,156.40711046724843,1.0,1.4287286442129672
8,P7,P7 / M8,5,spline,sample,1224,37,4,3000,0.7392638571105967,383.8944570957811,226.4586666309381,0.0,1.6101993696561512
8,P7,P7 / M8,5,spline,sample,1273,38,5,8000,0.774686124346993,321.85531590828407,186.69682478486064,1.0,0.7292553563606928
8,P7,P7 / M8,5,spline,sample,1296,39,4,9000,0.8516817016854668,281.42870203210543,155.8111525978072,0.0,0.926623845782532
8,P7,P7 / M8,5,spline,sample,1389,42,4,3000,0.5268974299423602,513.786346439959,302.3850129107861,1.0,0.9915968540739726
8,P7,P7 / M8,5,spline,sample,1442,43,6,1000,0.9429305768994086,194.52280180177195,122.59369887106614,0.0,0.3208845606775082
8,P7,P7 / M8,5,spline,sample,1467,44,5,4000,0.6477492959539243,416.65206103334447,240.27185055575995,1.0,0.22781693814492013
8,P7,P7 / M8,5,spline,sample,1576,47,6,3000,0.9319613109384467,202.53115930631074,118.08924141303042,1.0,1.0261838349615227
8,P7,P7 / M8,5,spline,sample,1632,49,5,4000,0.8119467498469144,300.9577644070257,164.84260009827358,1.0,0.9967623172657337
8,P7,P7 / M8,5,spline,sample,1736,52,5,9000,0.7936901007338604,293.3568874345614,176.72183831665401,1.0,0.5921617973437132
8,P7,P7 / M8,5,spline,sample,1867,56,5,8000,0.7800065219100285,303.44107527827276,170.0182004845589,1.0,0.9403703738893977
8,P7,P7 / M8,5,spline,sample,2061,62,5,4000,0.7954032570247085,329.85748313891594,189.69550901439405,1.0,0.7483967396026578
8,P7,P7 / M8,5,spline,sample,2192,66,5,3000,0.8413838016049344,292.92954756587557,169.09903120384502,0.0,0.9544673203577034
8,P7,P7 / M8,5,spline,sample,2237,67,6,4000,0.451816153924523,568.645643206346,340.27603410956857,1.0,2.502218570310096
8,P7,P7 / M8,5,spline,sample,2276,68,6,10000,0.648585870757955,433.88247839805535,264.720817846431,2.0,0.921229424990818
8,P7,P7 / M8,5,spline,sample,2296,69,5,8000,0.8676233157912364,241.16028459385376,140.36636634258653,1.0,0.6482386336556063
8,P7,P7 / M8,5,spline,sample,2319,70,4,9000,0.8614402550127529,285.8479646672871,158.0368307322929,1.0,1.0462601848380628
8,P7,P7 / M8,5,spline,sample,2345,71,4,2000,0.5735975060523758,487.35924882864146,275.04536367739786,1.0,0.7785346646228348
8,P7,P7 / M8,5,spline,sample,2388,72,5,1000,0.8479498467470376,302.275828861225,163.651822747427,1.0,1.2473201250022834
8,P7,P7 / M8,5,spline,sample,2424,73,5,4000,0.9918263966486399,67.60814152152078,48.699207773988896,0.0,0.6893650255955438
8,P7,P7 / M8,5,spline,sample,2508,76,4,0,0.7203513767380587,426.9937144428916,251.7510428859249,1.0,0.9478609909792348
8,P7,P7 / M8,5,spline,sample,2546,77,4,5000,0.7077273625140935,419.68194619726495,273.1474286073411,0.0,4.686979441702262
8,P7,P7 / M8,5,spline,sample,2573,77,6,10000,0.5632933119438193,490.7545580684675,271.45138645145533,1.0,0.8329067171748563
8,P7,P7 / M8,5,spline,sample,2692,81,5,8000,0.9221948000799537,186.2542638230429,115.93362984722003,1.0,0.9410925617232071
8,P7,P7 / M8,5,spline,sample,2711,82,4,5000,0.7985360040316432,345.7279479894691,216.34935819085243,0.0,1.2833433093526816
8,P7,P7 / M8,5,spline,sample,2720,82,5,3000,0.7943890810522327,330.1926351648227,184.0405852825721,1.0,0.6772375299423222
8,P7,P7 / M8,5,spline,sample,2747,83,4,8000,0.8562233534513454,280.6028367393256,157.8123846550181,1.0,1.3664867004398804
8,P7,P7 / M8,5,spline,sample,2857,86,5,8000,0.8920852788389709,221.74328234293563,133.27895013015538,1.0,1.1502846035071495
8,P7,P7 / M8,5,spline,sample,2858,86,5,9000,0.95654218772887,137.47266822371702,95.55995217013894,1.0,0.8156245297306198
8,P7,P7 / M8,5,spline,sample,3158,95,6,1000,0.9329773954238475,220.1219112252474,173.59147509578548,1.0,5.128653276788939
8,P7,P7 / M8,5,spline,sample,3159,95,6,2000,0.8211233092836908,340.8952539210427,193.5866115775638,1.0,1.204440382423638
8,P7,P7 / M8,5,spline,sample,3236,98,4,2000,0.9621225649836477,155.52760328788796,92.73181090157584,0.0,0.9130756806550012
8,P7,P7 / M8,5,spline,sample,3266,98,6,10000,0.9166079832133059,217.26650230375287,144.12070921643414,0.0,0.41355672783717307
8,P7,P7 / M8,5,spline,sample,3331,100,6,9000,0.975750076622304,120.73524539736644,76.89979524035523,0.0,0.8829911094254925
8,P7,P7 / M8,5,spline,sample,3332,100,6,10000,0.8556289720977596,286.73647939833745,179.56887688348291,1.0,1.2506292801904462
8,P7,P7 / M8,5,spline,sample,3337,101,4,4000,0.6938760457820434,405.1527057764316,211.80527316863288,1.0,0.8931318015747736
8,P7,P7 / M8,5,spline,sample,3474,105,4,9000,0.8900758591053743,243.1118924625862,135.16943085427647,1.0,0.44581999877446893
8,P7,P7 / M8,5,spline,sample,3485,105,5,9000,0.8994323826434805,207.02787461250122,117.83077188078467,0.0,1.2979564331662297
8,P7,P7 / M8,5,spline,sample,3492,105,6,5000,0.941716158861864,194.58508001830586,119.39762978398238,0.0,0.6760499118942566
8,P7,P7 / M8,5,spline,sample,3500,106,4,2000,0.6842757931187828,432.8282057056322,243.9645930711089,1.0,1.0656173176726587
8,P7,P7 / M8,5,spline,sample,3514,106,5,5000,0.8057618341460735,314.77511347960393,202.4617546546018,0.0,2.229423884620025
8,P7,P7 / M8,5,spline,sample,3519,106,5,10000,0.865444890423871,239.41392601395987,143.132393590371,0.0,1.1697778228301505
8,P7,P7 / M8,5,spline,sample,3566,108,4,2000,0.759506106532585,380.9335807826712,216.9218509790195,1.0,0.4476210331015884
8,P7,P7 / M8,5,spline,sample,3751,113,6,0,0.9705418573736236,147.75185690429714,96.5835666588757,0.0,1.4758671590169286
8,P7,P7 / M8,5,spline,sample,3772,114,4,10000,0.6807026519744789,422.3927985015088,240.06348379709647,1.0,0.9662131626218158
8,P7,P7 / M8,5,spline,sample,3805,115,4,10000,0.9728691267440807,123.32691189280445,84.54968681363685,1.0,0.7253514868321265
8,P7,P7 / M8,5,spline,sample,3828,116,4,0,0.9689230133009606,147.50821260354454,88.1823125803979,0.0,1.149283253800573
8,P7,P7 / M8,5,spline,sample,3858,116,6,8000,0.6752079349049365,436.01426572233504,253.23084552089003,1.0,0.5946395964477011
8,P7,P7 / M8,5,spline,sample,3919,118,6,3000,0.9614969614523634,161.74697369443894,93.62031629292551,1.0,1.1118001737932957
8,P7,P7 / M8,5,spline,sample,4048,122,6,0,0.9708596474067304,145.89612230458545,90.5184533963731,0.0,0.8530897508351594
8,P7,P7 / M8,5,spline,sample,4188,126,6,8000,0.5728681767028229,495.29626857525733,273.9904197828305,2.0,0.6562226670389499
8,P7,P7 / M8,5,spline,sample,4189,126,6,9000,0.935448870032648,203.43073937454548,128.38651691487013,1.0,0.8438098420058112
8,P7,P7 / M8,5,spline,sample,4193,127,4,2000,0.7055315628455988,420.629868659991,233.16887107010737,1.0,0.9542770949350469
8,P7,P7 / M8,5,spline,sample,4225,128,4,1000,0.9476797036424667,183.01433519593186,111.04723046626351,0.0,1.040758556570185
8,P7,P7 / M8,5,spline,sample,4448,134,6,4000,0.9395915758368205,202.7209607512096,114.63785970853853,1.0,0.9472780136100171
8,P7,P7 / M8,5,spline,sample,4461,135,4,6000,0.535244137268733,501.7334308251434,271.63922849178925,1.0,1.0463101775934698
8,P7,P7 / M8,5,spline,sample,4524,137,4,3000,0.9708947259317735,132.34379098643475,95.50453203840893,0.0,1.0860325408172697
8,P7,P7 / M8,5,spline,sample,4565,138,5,0,0.7396119523561995,401.8850297863682,225.79815429123286,1.0,0.8638731192592133
8,P7,P7 / M8,5,spline,sample,4607,139,5,9000,0.6681048055877312,387.85972542953874,228.97189806744103,1.0,0.5454458248212046
8,P7,P7 / M8,5,spline,sample,4647,140,6,5000,0.7102927752246595,430.9878303464572,254.45703798072674,1.0,0.45117071944096643
8,P7,P7 / M8,5,spline,sample,4717,142,6,9000,0.9392997453097982,194.49552803540072,131.11333130996547,1.0,0.7035102815443799
8,P7,P7 / M8,5,spline,sample,4776,144,6,2000,0.7065404661432693,430.05287903965575,252.11396767981853,1.0,0.6406408331533816
8,P7,P7 / M8,5,spline,sample,4792,145,4,7000,0.7040459495752692,400.3242114867076,213.96076985324515,1.0,1.1172556795981152
8,P7,P7 / M8,5,spline,sample,4826,146,4,8000,0.9409682842527171,189.05130553749765,112.89909543589873,0.0,0.5494163375126544
8,P7,P7 / M8,5,spline,sample,4849,146,6,9000,0.3953353606756439,567.5063491557971,310.5561563490776,2.0,0.8871156271360217
8,P7,P7 / M8,5,spline,sample,4869,147,5,7000,0.6144167545821944,398.4947636781257,221.475356787893,1.0,0.7356036289972293
8,P7,P7 / M8,5,spline,sample,4877,147,6,4000,0.9677577434695755,142.9230595923307,97.62532095506087,0.0,1.0359119503997072
8,P7,P7 / M8,5,spline,sample,4929,149,5,1000,0.739255875575789,389.1004670763986,216.32480687154904,1.0,0.5720199591114289
8,P7,P7 / M8,5,spline,sample,4949,149,6,10000,0.5193166288346489,520.86342739323,291.5129840924241,1.0,1.010117451088513
8,P7,P7 / M8,5,spline,sample,5043,152,6,5000,0.7281224893627491,412.8850927259319,236.67863325330137,1.0,0.7015032479253271
8,P7,P7 / M8,5,spline,sample,5101,154,5,8000,0.7676853611162614,325.16488093748956,185.8865801059484,1.0,0.6309881930717275
8,P7,P7 / M8,5,spline,sample,5112,154,6,8000,0.9778212068432689,119.89059706136085,68.6790467313708,0.0,0.9738664582185804
8,P7,P7 / M8,5,spline,sample,5144,155,6,7000,0.9604753517516917,158.44141600571254,97.21381289468874,0.0,1.1611496759225863
8,P7,P7 / M8,5,spline,sample,5316,161,4,3000,0.7806873348733143,365.2109079775577,204.5876333488216,1.0,0.34700965871507383
8,P7,P7 / M8,5,spline,sample,5381,163,4,2000,0.860442798684496,297.65981599218884,170.9095473777875,1.0,0.6000701786167861
8,P7,P7 / M8,5,spline,sample,5384,163,4,5000,0.9648180318480382,150.41777872310345,100.20317557952912,0.0,0.8969581660137603
8,P7,P7 / M8,5,spline,sample,5414,164,4,2000,0.9821920645708959,106.94868681423378,68.65204051452265,0.0,1.030599621630656
8,P7,P7 / M8,5,spline,sample,5534,167,6,1000,0.9661074532899888,150.82439827962443,95.29409343706432,0.0,1.2318917775788236
8,P7,P7 / M8,5,spline,sample,5617,170,4,7000,0.5705337501138363,479.8576569851158,256.7230289459884,1.0,0.8807432497538151
8,P7,P7 / M8,5,spline,sample,5658,171,5,4000,0.9133348425823948,216.68880269327667,126.17803777333575,1.0,0.6719274701756905
8,P7,P7 / M8,5,spline,sample,5694,172,5,7000,0.9156791326039844,205.52902401798733,121.03576826697034,0.0,1.0965928688428097
8,P7,P7 / M8,5,spline,sample,5816,176,4,8000,0.9674027844439758,136.83727297699772,87.44253292763466,0.0,1.029505551515739
8,P7,P7 / M8,5,spline,sample,5841,177,4,0,0.7040772937306522,423.03752711360187,228.0949725991998,1.0,1.1569845918255899
8,P7,P7 / M8,5,spline,sample,5843,177,4,2000,0.8802577068312543,275.08634720228895,158.99906031691526,0.0,0.9506391113005072
8,P7,P7 / M8,5,spline,sample,5858,177,5,6000,0.902643527022215,217.28346000729846,129.2113471957592,1.0,1.2744288405067812
8,P7,P7 / M8,5,spline,sample,5887,178,5,2000,0.8315703921143814,308.4665304024949,175.264092099465,1.0,0.5011569205146934
8,P7,P7 / M8,5,spline,sample,6248,189,5,0,0.7818849364697816,367.4787399135764,197.97265249999998,1.0,0.5564847354091389
8,P7,P7 / M8,5,spline,sample,6299,190,6,7000,0.9492683339465258,179.69115439435498,122.518995089161,0.0,2.1491210511734598
8,P7,P7 / M8,5,spline,sample,6359,192,6,1000,0.9939469932902453,64.44534531376175,44.91460760507305,0.0,0.8951121592497134
8,P7,P7 / M8,5,spline,sample,6407,194,4,5000,0.9554889656592954,161.50929658179982,112.78625445584271,0.0,1.2746554622588477
8,P7,P7 / M8,5,spline,sample,6425,194,6,1000,0.9275290889326976,217.78742935247922,147.89572256611405,0.0,3.57451909637672
8,P7,P7 / M8,5,spline,sample,6466,195,6,9000,0.9692971804122732,135.61319147164315,91.81724689272929,1.0,1.3202395281172123
8,P7,P7 / M8,5,spline,sample,6743,204,5,0,0.978311301920774,118.30591511227368,83.5352916685499,0.0,1.1558381989781983
8,P7,P7 / M8,5,spline,sample,6752,204,5,9000,0.9384561708113395,162.58772626800948,102.58562039355253,1.0,1.0662278129898248
8,P7,P7 / M8,5,spline,sample,6762,204,6,8000,0.9558726903497473,159.08018586309902,106.68828741031294,1.0,1.1237808017254014
8,P7,P7 / M8,5,spline,sample,6839,207,4,8000,0.988340855836751,83.15349665251952,62.81651141924144,0.0,1.1081066281969023
8,P7,P7 / M8,5,spline,sample,6878,208,5,3000,0.912131164174527,215.62431302457568,130.6928396042524,1.0,1.032635236562927
8,P7,P7 / M8,5,spline,sample,6970,211,4,7000,0.9000656413187231,237.6853897989291,143.12865025365616,0.0,1.029354712055419
8,P7,P7 / M8,5,spline,sample,6983,211,5,9000,0.9518017852323617,149.81851189230696,91.32092020592646,1.0,0.9990833054030878
8,P7,P7 / M8,5,spline,sample,6987,211,6,2000,0.8914597981006523,259.42805920794126,140.8361119443806,1.0,0.5809855192033557
8,P7,P7 / M8,5,spline,sample,7035,213,4,6000,0.7451426002722783,369.46335530838184,205.02908800810187,1.0,0.9804009384148851
8,P7,P7 / M8,5,spline,sample,7063,214,4,1000,0.9871467241723267,93.98997940290575,73.47571513582439,0.0,1.3469529467164794
8,P7,P7 / M8,5,spline,sample,7090,214,6,6000,0.972074630129079,134.52223517896513,83.47025373685611,0.0,0.6060320659640295
8,P7,P7 / M8,5,spline,sample,7141,216,5,2000,0.8408327157581215,297.7016545521088,170.5139626022222,0.0,1.0059070887204125
8,P7,P7 / M8,5,spline,sample,7214,218,5,9000,0.9162535626012973,192.68156386183222,110.1393209759446,1.0,1.165759428244353
8,P7,P7 / M8,5,spline,sample,7257,219,6,8000,0.9854372802446706,94.3333283744947,68.54306051871386,0.0,1.0139256635387917
8,P7,P7 / M8,5,spline,sample,7309,221,5,5000,0.7394139006984914,353.151362656134,200.2202134291173,2.0,0.8189476391193902
8,P7,P7 / M8,5,spline,sample,7333,222,4,7000,0.941747668928403,179.99001923890475,117.91633719851575,1.0,1.0100046874526296
8,P7,P7 / M8,5,spline,sample,7411,224,5,8000,0.7943666048832184,299.86929928794984,165.0692195736434,0.0,1.2267567184953767
8,P7,P7 / M8,5,spline,sample,7422,224,6,8000,0.9366814817175146,193.69995483196962,138.39573450486748,0.0,1.3741468128924441
8,P7,P7 / M8,5,spline,sample,7439,225,5,3000,0.863474412162714,267.2437148063806,151.1338876462141,1.0,1.0495072864703567
8,P7,P7 / M8,5,spline,sample,7451,225,6,4000,0.9419561311558,189.02675806217474,114.52464872674723,0.0,0.4889394476267435
8,P7,P7 / M8,5,spline,sample,7578,229,5,10000,0.9158528568301882,188.59592487484662,119.62932659233248,1.0,1.1035350876666814
8,P7,P7 / M8,5,spline,sample,7764,235,4,9000,0.8024202003291894,323.1664011491206,189.3931010439052,1.0,0.5491600887184176
8,P7,P7 / M8,5,spline,sample,7785,235,6,8000,0.9648400373906298,147.3491395486883,102.52356871952327,0.0,0.6379429260246449
8,P7,P7 / M8,5,spline,sample,7869,238,5,4000,0.8365584677321976,298.2229701489269,166.25622073915184,0.0,0.5341092438660613
8,P7,P7 / M8,5,spline,sample,7884,238,6,8000,0.7371872994567106,407.3459980459245,235.03321972222224,1.0,0.5238773799897694
8,P7,P7 / M8,5,spline,sample,7923,240,4,3000,0.9859781604360889,94.73776712753079,68.47762832317505,0.0,1.0333586423521341
8,P7,P7 / M8,5,spline,sample,7931,240,5,0,0.8867205407653256,271.3575364388992,148.0308103555575,1.0,0.9626702753944788
8,P7,P7 / M8,5,spline,sample,7948,240,6,6000,0.8024131533369859,353.8818794573837,207.1916378503634,0.0,1.1364393760806557
8,P7,P7 / M8,5,spline,sample,7971,241,5,7000,0.8999279500722485,216.11209515282533,132.2857748934199,1.0,2.0503841571414987
8,P7,P7 / M8,5,spline,sample,8015,242,6,7000,0.5982148916545228,479.9689118285784,274.38179808713954,1.0,0.7827724133715313
8,P7,P7 / M8,5,spline,sample,8259,250,4,9000,0.9022354992153526,236.672829382878,129.052265771859,1.0,0.8538751032295662
8,P7,P7 / M8,5,spline,sample,8325,252,4,9000,0.6000186811748967,492.76867540486904,266.13893524420797,1.0,0.5189550125909589
8,P7,P7 / M8,5,spline,sample,8330,252,5,3000,0.7244639797565943,414.77451515845,222.19551024229784,1.0,0.9228052003444288
8,P7,P7 / M8,5,spline,sample,8407,254,6,3000,0.7413015941589836,443.4993836682416,256.5066251022633,0.0,0.5503363016928426
8,P7,P7 / M8,5,spline,sample,8441,255,6,4000,0.5844498523602644,526.3139216244869,292.6637576359533,1.0,1.019462032358207
8,P7,P7 / M8,5,source_pretrained_mlp,sample,33,1,4,0,-9.254809553901676,2451.087468236588,1294.5601994821004,6.0,1.5246041537459922
8,P7,P7 / M8,5,source_pretrained_mlp,sample,34,1,4,1000,-43.813475192807026,5050.5521285125915,2404.3270855983096,7.0,0.8424848522026347
8,P7,P7 / M8,5,source_pretrained_mlp,sample,107,3,4,8000,0.826477336844582,295.49300199465546,190.11674537966329,1.0,2.3462898799826903
8,P7,P7 / M8,5,source_pretrained_mlp,sample,117,3,5,7000,0.6249128150271761,397.99379789341737,208.67120679219565,5.0,1.2331085300543418
8,P7,P7 / M8,5,source_pretrained_mlp,sample,166,5,4,1000,-836.6310859694544,21646.62607720375,8818.652032922833,7.0,2.701423281103269
8,P7,P7 / M8,5,source_pretrained_mlp,sample,279,8,5,4000,0.9888837719015128,73.36230710093882,43.887594876750825,0.0,0.46746644468698045
8,P7,P7 / M8,5,source_pretrained_mlp,sample,281,8,5,6000,0.9140870384514759,198.30385618132223,123.53310360908509,1.0,0.5519788516479885
8,P7,P7 / M8,5,source_pretrained_mlp,sample,363,11,4,0,0.8424191706709496,316.02676255646765,167.1558701648162,0.0,0.11787339539082096
8,P7,P7 / M8,5,source_pretrained_mlp,sample,389,11,6,4000,0.9961780463518914,47.94857561520724,33.720346543524,0.0,1.000915843098495
8,P7,P7 / M8,5,source_pretrained_mlp,sample,423,12,6,5000,0.9333745731598265,196.14819105516924,111.65058858747835,1.0,0.584203771231124
8,P7,P7 / M8,5,source_pretrained_mlp,sample,621,18,6,5000,0.9848498053246977,97.80672827488172,58.639962285757065,0.0,0.632840640942678
8,P7,P7 / M8,5,source_pretrained_mlp,sample,642,19,5,4000,0.9913056348689034,66.03255395629158,46.6623117501537,1.0,0.40016301907996327
8,P7,P7 / M8,5,source_pretrained_mlp,sample,694,21,4,1000,0.8008334045133088,356.43203755337083,195.89643935535264,1.0,0.19928628740145207
8,P7,P7 / M8,5,source_pretrained_mlp,sample,695,21,4,2000,0.9197542856303758,219.5384686203284,127.78584900072643,0.0,0.25947715010581085
8,P7,P7 / M8,5,source_pretrained_mlp,sample,782,23,6,1000,0.9829221190142211,107.32333265144565,67.38276733670916,1.0,0.614916558141187
8,P7,P7 / M8,5,source_pretrained_mlp,sample,881,26,6,1000,0.920179847317499,224.25700986946887,136.27261766433716,1.0,0.8983725091990724
8,P7,P7 / M8,5,source_pretrained_mlp,sample,990,30,4,0,-10.193895249460622,2605.2544199962767,728.7994175723621,7.0,0.46515504906082616
8,P7,P7 / M8,5,source_pretrained_mlp,sample,997,30,4,7000,0.9690921643937968,131.7494121270618,85.58784886506888,0.0,4.941515372296153
8,P7,P7 / M8,5,source_pretrained_mlp,sample,1035,31,5,1000,0.3719622975664221,595.794956433937,199.9690278034125,6.0,0.1426890541245603
8,P7,P7 / M8,5,source_pretrained_mlp,sample,1054,31,6,9000,0.9101644136439572,221.05619410840822,127.8729804302084,0.0,0.3183071068959885
8,P7,P7 / M8,5,source_pretrained_mlp,sample,1056,32,4,0,0.9001697637853752,256.5299948810966,155.2147099773089,0.0,1.7230798021882767
8,P7,P7 / M8,5,source_pretrained_mlp,sample,1070,32,5,3000,0.9943026126626994,54.70978986177684,37.86013314436222,0.0,1.0457388268130994
8,P7,P7 / M8,5,source_pretrained_mlp,sample,1107,33,5,7000,0.10421662684681698,647.4593768066003,253.93940554816146,15.0,42.78841553036668
8,P7,P7 / M8,5,source_pretrained_mlp,sample,1168,35,5,2000,0.9760264599653556,115.55815529697641,68.58777598981504,1.0,0.7104167416862588
8,P7,P7 / M8,5,source_pretrained_mlp,sample,1224,37,4,3000,0.9915607956505853,69.06562953962018,44.16054837325854,1.0,0.8276881732904598
8,P7,P7 / M8,5,source_pretrained_mlp,sample,1273,38,5,8000,-1855.6223291425408,29216.521118296594,5567.592379631535,9.0,4.611386424196812
8,P7,P7 / M8,5,source_pretrained_mlp,sample,1296,39,4,9000,0.9729744952947726,120.13178419572051,70.8786128307211,1.0,0.1567093298946836
8,P7,P7 / M8,5,source_pretrained_mlp,sample,1389,42,4,3000,0.9709723202969657,127.26561088661796,59.699481572024524,1.0,0.2257879206705847
8,P7,P7 / M8,5,source_pretrained_mlp,sample,1442,43,6,1000,0.9850498632904792,99.5614830358377,64.80423898865347,1.0,0.9997030850332015
8,P7,P7 / M8,5,source_pretrained_mlp,sample,1467,44,5,4000,0.9212596650498777,196.99092908825753,123.61063271616736,1.0,0.8408273400721277
8,P7,P7 / M8,5,source_pretrained_mlp,sample,1576,47,6,3000,0.9026389815107323,242.27379055808484,121.29851048333305,0.0,0.17611823896379153
8,P7,P7 / M8,5,source_pretrained_mlp,sample,1632,49,5,4000,0.9787529674923601,101.16126965372695,60.10043164191302,0.0,0.7497614774914518
8,P7,P7 / M8,5,source_pretrained_mlp,sample,1736,52,5,9000,0.944078731957838,152.7301438777212,101.1541034989059,0.0,0.3356631146215455
8,P7,P7 / M8,5,source_pretrained_mlp,sample,1867,56,5,8000,0.9518938475722265,141.8958772148051,88.80949627991879,0.0,0.19093305987675505
8,P7,P7 / M8,5,source_pretrained_mlp,sample,2061,62,5,4000,0.6982974915958435,400.5589532821175,256.15188346968756,1.0,0.5158983556309813
8,P7,P7 / M8,5,source_pretrained_mlp,sample,2192,66,5,3000,0.9330023057892636,190.37913120131645,120.32794617723536,0.0,1.002684086308811
8,P7,P7 / M8,5,source_pretrained_mlp,sample,2237,67,6,4000,0.814180026617279,331.0737866181828,204.69250366605561,1.0,1.0985036951195115
8,P7,P7 / M8,5,source_pretrained_mlp,sample,2276,68,6,10000,0.9394649046518793,180.08026375776623,103.07304290135701,2.0,0.15776200155533063
8,P7,P7 / M8,5,source_pretrained_mlp,sample,2296,69,5,8000,-2008.1561494493667,29710.28951676658,5478.173936415921,13.0,0.29987318954886494
8,P7,P7 / M8,5,source_pretrained_mlp,sample,2319,70,4,9000,0.9872083080807528,86.85214767282106,53.83731711352313,0.0,0.3303542341418004
8,P7,P7 / M8,5,source_pretrained_mlp,sample,2345,71,4,2000,0.9542280513450732,159.67577960868599,103.44256585929543,1.0,5.330762288283312
8,P7,P7 / M8,5,source_pretrained_mlp,sample,2388,72,5,1000,0.9661040343608597,142.71972327889063,89.24178317876962,1.0,1.6740905539137498
8,P7,P7 / M8,5,source_pretrained_mlp,sample,2424,73,5,4000,0.9543822291070179,159.71998047197445,107.32366925477982,1.0,1.2280965105928974
8,P7,P7 / M8,5,source_pretrained_mlp,sample,2508,76,4,0,0.9633307847815318,154.62009898732987,95.45403827667236,1.0,0.34220927837441195
8,P7,P7 / M8,5,source_pretrained_mlp,sample,2546,77,4,5000,0.9653420971650021,144.51979863570642,77.76850569725036,1.0,0.7732508452683917
8,P7,P7 / M8,5,source_pretrained_mlp,sample,2573,77,6,10000,0.9480957916051276,169.18844792070746,93.38080032542348,1.0,0.2643177691177678
8,P7,P7 / M8,5,source_pretrained_mlp,sample,2692,81,5,8000,0.6671704717051594,385.2235568666002,222.1588760827269,2.0,1.1397611055771615
8,P7,P7 / M8,5,source_pretrained_mlp,sample,2711,82,4,5000,0.9110279121521203,229.75377592699755,146.94966638088226,1.0,1.346170858038742
8,P7,P7 / M8,5,source_pretrained_mlp,sample,2720,82,5,3000,0.48878056137371606,520.6525199838853,276.84609271798814,2.0,0.32454823868009935
8,P7,P7 / M8,5,source_pretrained_mlp,sample,2747,83,4,8000,-6782.734538644653,60951.20620940661,24682.556725549697,9.0,0.21102165092493744
8,P7,P7 / M8,5,source_pretrained_mlp,sample,2857,86,5,8000,-4006.608649374675,42731.956540381216,11903.037033566114,8.0,0.4754978453677522
8,P7,P7 / M8,5,source_pretrained_mlp,sample,2858,86,5,9000,-4609.617040452582,44777.718089410235,13883.717476685842,8.0,0.3654879101929359
8,P7,P7 / M8,5,source_pretrained_mlp,sample,3158,95,6,1000,0.929271472786985,226.12570394216158,153.81199748175484,1.0,2.6825259142195454
8,P7,P7 / M8,5,source_pretrained_mlp,sample,3159,95,6,2000,0.9810391602293936,110.98719182925923,72.55407861427024,1.0,0.9915126718001717
8,P7,P7 / M8,5,source_pretrained_mlp,sample,3236,98,4,2000,0.9109669508510849,238.44752673607798,108.80296676635743,0.0,0.3325951961725236
8,P7,P7 / M8,5,source_pretrained_mlp,sample,3266,98,6,10000,0.9777007196824617,112.3507453093057,65.5841013107981,0.0,0.13635072988995445
8,P7,P7 / M8,5,source_pretrained_mlp,sample,3331,100,6,9000,0.9938027531937195,61.03490598982223,38.185542969703675,0.0,0.21886137998144953
8,P7,P7 / M8,5,source_pretrained_mlp,sample,3332,100,6,10000,0.9745669029943607,120.34901722430452,70.19171971082687,1.0,0.1318306728017215
8,P7,P7 / M8,5,source_pretrained_mlp,sample,3337,101,4,4000,0.6896375855910094,407.9478487292833,201.9991847127676,2.0,0.0691115810558948
8,P7,P7 / M8,5,source_pretrained_mlp,sample,3474,105,4,9000,0.9943441749845914,55.14519111660719,36.633519626160464,0.0,0.12194646229361707
8,P7,P7 / M8,5,source_pretrained_mlp,sample,3485,105,5,9000,0.9397993239416974,160.17710030450385,94.7527015459153,1.0,0.3676573629155897
8,P7,P7 / M8,5,source_pretrained_mlp,sample,3492,105,6,5000,0.9460906887620125,187.14031062202318,112.27727363506953,0.0,3.0063430446032053
8,P7,P7 / M8,5,source_pretrained_mlp,sample,3500,106,4,2000,0.9720652944132259,128.7459757554916,70.77840778430303,1.0,0.13191579809824078
8,P7,P7 / M8,5,source_pretrained_mlp,sample,3514,106,5,5000,0.8081870629339241,312.8038232674854,209.90828728675842,1.0,3.7900089545504403
8,P7,P7 / M8,5,source_pretrained_mlp,sample,3519,106,5,10000,0.852351005147576,250.79250810106225,100.94495002826055,0.0,0.5763704185805305
8,P7,P7 / M8,5,source_pretrained_mlp,sample,3566,108,4,2000,0.9799275621487147,110.05183626725018,67.37572229825534,0.0,0.36907677800349215
8,P7,P7 / M8,5,source_pretrained_mlp,sample,3751,113,6,0,0.972841025692329,141.86881772772333,86.79797463189988,1.0,0.3560637458640743
8,P7,P7 / M8,5,source_pretrained_mlp,sample,3772,114,4,10000,-2.99801415453851,1494.6551852813272,568.2670982281367,7.0,0.36737547881211113
8,P7,P7 / M8,5,source_pretrained_mlp,sample,3805,115,4,10000,0.9148325064953533,218.5057669577276,80.81448943061488,0.0,0.2596982415171381
8,P7,P7 / M8,5,source_pretrained_mlp,sample,3828,116,4,0,0.9831316279658721,108.67592241337003,57.414876844571985,1.0,0.37754920848242574
8,P7,P7 / M8,5,source_pretrained_mlp,sample,3858,116,6,8000,0.98207512154176,102.42974781002759,64.84266498684883,1.0,0.47456441955263434
8,P7,P7 / M8,5,source_pretrained_mlp,sample,3919,118,6,3000,0.9827270102047244,108.33590606232265,59.72005555940711,1.0,0.3137940183966711
8,P7,P7 / M8,5,source_pretrained_mlp,sample,4048,122,6,0,0.9730600050849386,140.2797885874593,86.5656969635324,0.0,0.8993538671515043
8,P7,P7 / M8,5,source_pretrained_mlp,sample,4188,126,6,8000,0.9115576824240217,225.37936377710807,131.87022188305855,0.0,0.46240096865014463
8,P7,P7 / M8,5,source_pretrained_mlp,sample,4189,126,6,9000,0.9783173752238504,117.90183928495638,67.54368466916291,1.0,0.23791897393726313
8,P7,P7 / M8,5,source_pretrained_mlp,sample,4193,127,4,2000,0.9243164937086557,213.24622643875884,129.0692421242043,1.0,0.34356350247408257
8,P7,P7 / M8,5,source_pretrained_mlp,sample,4225,128,4,1000,0.985116940322369,97.61040675569198,58.298717956542966,0.0,0.4919891737296446
8,P7,P7 / M8,5,source_pretrained_mlp,sample,4448,134,6,4000,0.9716619314146134,138.84652855083917,86.25707644689828,1.0,0.76859678403563
8,P7,P7 / M8,5,source_pretrained_mlp,sample,4461,135,4,6000,0.8058310596392053,324.3026377831407,179.34771342431344,1.0,3.724722321586412
8,P7,P7 / M8,5,source_pretrained_mlp,sample,4524,137,4,3000,0.9948036419776712,55.920012156641164,35.03889208573561,0.0,0.5083427973153004
8,P7,P7 / M8,5,source_pretrained_mlp,sample,4565,138,5,0,0.9695645810006829,137.3981701407989,87.4432954788208,0.0,1.1266755831614341
8,P7,P7 / M8,5,source_pretrained_mlp,sample,4607,139,5,9000,0.8688219358471772,243.83992290912687,143.21573489362544,2.0,0.8000193186557221
8,P7,P7 / M8,5,source_pretrained_mlp,sample,4647,140,6,5000,0.9551645687907332,169.54930733252687,104.83463920538242,1.0,0.18097010960283894
8,P7,P7 / M8,5,source_pretrained_mlp,sample,4717,142,6,9000,0.9048199642614787,243.54952971837182,155.25107253514804,2.0,0.14531254880024866
8,P7,P7 / M8,5,source_pretrained_mlp,sample,4776,144,6,2000,0.9486006157329334,179.98101885832492,93.1551057321054,1.0,0.4452990507509045
8,P7,P7 / M8,5,source_pretrained_mlp,sample,4792,145,4,7000,0.9693870349413095,128.75153359486876,68.6304082646966,0.0,0.2576554854461859
8,P7,P7 / M8,5,source_pretrained_mlp,sample,4826,146,4,8000,0.9669030832153195,141.55680334666974,81.04207344055176,1.0,0.22178943054514239
8,P7,P7 / M8,5,source_pretrained_mlp,sample,4849,146,6,9000,0.7786183169357834,343.3873412894017,166.17381699032643,2.0,1.05397139590226
8,P7,P7 / M8,5,source_pretrained_mlp,sample,4869,147,5,7000,0.7798678213288568,301.096223043156,161.12589597702026,2.0,1.270082666006197
8,P7,P7 / M8,5,source_pretrained_mlp,sample,4877,147,6,4000,0.9866438187761292,91.98790790502012,51.63898471991221,0.0,0.23713891208243174
8,P7,P7 / M8,5,source_pretrained_mlp,sample,4929,149,5,1000,0.9716535049516711,128.2933573342685,77.24844941603286,1.0,0.3109555756382575
8,P7,P7 / M8,5,source_pretrained_mlp,sample,4949,149,6,10000,0.9764225690890448,115.35662879486645,70.84858351548513,1.0,0.6878077860056432
8,P7,P7 / M8,5,source_pretrained_mlp,sample,5043,152,6,5000,0.9688041632832789,139.8591484840869,79.69477085982051,0.0,0.6570069924367358
8,P7,P7 / M8,5,source_pretrained_mlp,sample,5101,154,5,8000,0.8465711078184206,264.2523876984056,149.90183994919062,2.0,1.0593091697594246
8,P7,P7 / M8,5,source_pretrained_mlp,sample,5112,154,6,8000,0.9667820020391489,146.72458666562298,72.05846657514572,0.0,0.282804343062769
8,P7,P7 / M8,5,source_pretrained_mlp,sample,5144,155,6,7000,0.9940591492368619,61.42696098183323,39.00766074180603,0.0,0.2366924752925413
8,P7,P7 / M8,5,source_pretrained_mlp,sample,5316,161,4,3000,0.9714101295054663,131.86148979511532,83.89538362196514,1.0,0.4992946011056416
8,P7,P7 / M8,5,source_pretrained_mlp,sample,5381,163,4,2000,0.9811945995284675,109.26608343863646,65.81826143998366,0.0,0.29354425939777234
8,P7,P7 / M8,5,source_pretrained_mlp,sample,5384,163,4,5000,-1789.277374787578,33931.20374828095,7192.961500598037,10.0,2037.965262314949
8,P7,P7 / M8,5,source_pretrained_mlp,sample,5414,164,4,2000,0.9921091068989276,71.19209122262605,39.37478503704071,1.0,0.25449990970864034
8,P7,P7 / M8,5,source_pretrained_mlp,sample,5534,167,6,1000,0.9385591183492509,203.07114578264884,118.42206805685292,1.0,0.32476623083080863
8,P7,P7 / M8,5,source_pretrained_mlp,sample,5617,170,4,7000,0.7409250448795883,372.7010574431551,181.99596924334764,2.0,0.5889901593990103
8,P7,P7 / M8,5,source_pretrained_mlp,sample,5658,171,5,4000,0.9316975267483354,192.36781838764014,129.35546934604645,1.0,3.890891890349949
8,P7,P7 / M8,5,source_pretrained_mlp,sample,5694,172,5,7000,0.7207613397363397,374.0187720720778,243.98458846410117,2.0,0.5109045566933803
8,P7,P7 / M8,5,source_pretrained_mlp,sample,5816,176,4,8000,0.9880358280938674,82.90018135988163,49.75465500268798,0.0,0.4560526193318975
8,P7,P7 / M8,5,source_pretrained_mlp,sample,5841,177,4,0,0.38830374753088437,608.2157464870277,365.27903747558594,2.0,1.2301865973565114
8,P7,P7 / M8,5,source_pretrained_mlp,sample,5843,177,4,2000,0.9347456465039586,203.07197686715125,123.84813223838806,0.0,0.5408265655057409
8,P7,P7 / M8,5,source_pretrained_mlp,sample,5858,177,5,6000,0.9224199067759374,193.96322700041773,116.83464989491871,1.0,0.25590578200792774
8,P7,P7 / M8,5,source_pretrained_mlp,sample,5887,178,5,2000,0.8783647588789784,262.1371298417117,150.71215267181395,2.0,0.7416070982115299
8,P7,P7 / M8,5,source_pretrained_mlp,sample,6248,189,5,0,0.8885288123843835,262.7064299232296,169.4178849029541,1.0,0.7499127714594842
8,P7,P7 / M8,5,source_pretrained_mlp,sample,6299,190,6,7000,0.9645627173686112,150.1818128497327,82.40235963734713,0.0,0.6431279741728537
8,P7,P7 / M8,5,source_pretrained_mlp,sample,6359,192,6,1000,0.9311753809580677,217.30908616957407,118.53890929438852,2.0,1.1210869467292652
8,P7,P7 / M8,5,source_pretrained_mlp,sample,6407,194,4,5000,0.6658422003748613,442.5267046386671,231.9245050350825,0.0,4.225684584065278
8,P7,P7 / M8,5,source_pretrained_mlp,sample,6425,194,6,1000,0.9695143156790437,141.2534039457113,78.95140902892403,0.0,0.8321319417480105
8,P7,P7 / M8,5,source_pretrained_mlp,sample,6466,195,6,9000,0.9855515454705963,93.03010348192319,56.46853553561064,1.0,0.4312735983841576
8,P7,P7 / M8,5,source_pretrained_mlp,sample,6743,204,5,0,0.8966962334154889,258.1949810997453,160.68418204395667,2.0,0.37451119308571384
8,P7,P7 / M8,5,source_pretrained_mlp,sample,6752,204,5,9000,0.716737783717232,348.8107211053809,190.8629604180654,2.0,0.296798941630842
8,P7,P7 / M8,5,source_pretrained_mlp,sample,6762,204,6,8000,0.9230438177075163,210.07971616129458,126.0662333552654,2.0,0.2729813851583045
8,P7,P7 / M8,5,source_pretrained_mlp,sample,6839,207,4,8000,0.933216874496739,199.0125893675799,118.00586251417796,1.0,6.8706185348006255
8,P7,P7 / M8,5,source_pretrained_mlp,sample,6878,208,5,3000,-3.25100783726615,1499.7754674280752,758.1959385871887,10.0,86.13065487303915
8,P7,P7 / M8,5,source_pretrained_mlp,sample,6970,211,4,7000,0.9780414421961974,111.41585020898063,63.68821778664222,1.0,0.7009268547490909
8,P7,P7 / M8,5,source_pretrained_mlp,sample,6983,211,5,9000,0.7339302926928777,352.0040973235141,223.75467709394601,1.0,0.981129357671397
8,P7,P7 / M8,5,source_pretrained_mlp,sample,6987,211,6,2000,0.9658595822243883,145.4976737498562,87.80015531539917,0.0,0.47857120865273045
8,P7,P7 / M8,5,source_pretrained_mlp,sample,7035,213,4,6000,0.8640387040801583,269.8549531130321,144.14718716144563,0.0,6.757623457916903
8,P7,P7 / M8,5,source_pretrained_mlp,sample,7063,214,4,1000,0.43598323874956246,622.6165288411248,304.9221455895088,2.0,31.95270531816685
8,P7,P7 / M8,5,source_pretrained_mlp,sample,7090,214,6,6000,0.9435091943329963,191.33018529611067,119.40938810680224,0.0,0.39077151272534894
8,P7,P7 / M8,5,source_pretrained_mlp,sample,7141,216,5,2000,0.9716086363803575,125.73247691108061,80.53642771335748,1.0,0.5044485294209256
8,P7,P7 / M8,5,source_pretrained_mlp,sample,7214,218,5,9000,0.7174687497803809,353.90788408256503,208.21217194398244,1.0,0.3932647405827595
8,P7,P7 / M8,5,source_pretrained_mlp,sample,7257,219,6,8000,0.9811008749005876,107.46443552804855,61.9603608349959,1.0,0.6101398092306762
8,P7,P7 / M8,5,source_pretrained_mlp,sample,7309,221,5,5000,-1.1943763276009336,1024.804015926674,550.3015635398126,4.0,39.514562175122926
8,P7,P7 / M8,5,source_pretrained_mlp,sample,7333,222,4,7000,0.8937219043470054,243.1160610777614,118.85617850082261,1.0,0.2697443827506446
8,P7,P7 / M8,5,source_pretrained_mlp,sample,7411,224,5,8000,0.3950463049160057,514.33520140257,293.04701291720073,1.0,0.21168079546461344
8,P7,P7 / M8,5,source_pretrained_mlp,sample,7422,224,6,8000,0.6402338838065436,461.7153112033211,256.99856991569203,3.0,0.5111730720858877
8,P7,P7 / M8,5,source_pretrained_mlp,sample,7439,225,5,3000,0.5099861660870327,506.2961710411585,304.393499484429,1.0,25.332135091997657
8,P7,P7 / M8,5,source_pretrained_mlp,sample,7451,225,6,4000,0.22851182240055679,689.1436321560533,393.6594134569168,3.0,1.0257765923576583
8,P7,P7 / M8,5,source_pretrained_mlp,sample,7578,229,5,10000,-2065.254213021183,29553.198607046077,6655.075510061196,10.0,0.9431604157336924
8,P7,P7 / M8,5,source_pretrained_mlp,sample,7764,235,4,9000,0.8692413073153853,262.89977622150786,149.238909304142,1.0,0.12741550263907547
8,P7,P7 / M8,5,source_pretrained_mlp,sample,7785,235,6,8000,0.9590243706929237,159.0692443361881,87.37662401676178,1.0,0.20399165553086887
8,P7,P7 / M8,5,source_pretrained_mlp,sample,7869,238,5,4000,-39.54495628770902,4697.083675541377,1799.8096208925601,12.0,293.82576027665823
8,P7,P7 / M8,5,source_pretrained_mlp,sample,7884,238,6,8000,0.9294925245305756,210.98805180190442,132.56369598388673,1.0,0.2812975318351784
8,P7,P7 / M8,5,source_pretrained_mlp,sample,7923,240,4,3000,0.9356004757335004,203.03082407792334,108.71882548431556,0.0,10.380599582802674
8,P7,P7 / M8,5,source_pretrained_mlp,sample,7931,240,5,0,0.7719357466496559,385.0303055765161,245.68018077850343,2.0,1.2000866796101957
8,P7,P7 / M8,5,source_pretrained_mlp,sample,7948,240,6,6000,0.8062936892780156,350.38958998303525,180.73318727493287,2.0,1.3561706550122683
8,P7,P7 / M8,5,source_pretrained_mlp,sample,7971,241,5,7000,0.9018126662714734,214.06733830468468,142.32126462018047,0.0,9.076658893823556
8,P7,P7 / M8,5,source_pretrained_mlp,sample,8015,242,6,7000,0.8776443941294574,264.8671669936345,134.73920598736515,0.0,0.477688555914036
8,P7,P7 / M8,5,source_pretrained_mlp,sample,8259,250,4,9000,0.9012611425658683,237.8492892351145,156.22590459276128,1.0,0.9562618273584373
8,P7,P7 / M8,5,source_pretrained_mlp,sample,8325,252,4,9000,-1245.2885222005286,27506.32285635137,6495.356187179171,10.0,0.5508926521639873
8,P7,P7 / M8,5,source_pretrained_mlp,sample,8330,252,5,3000,0.6280696059527804,481.89642982549896,207.1845118724383,0.0,0.4893864791236647
8,P7,P7 / M8,5,source_pretrained_mlp,sample,8407,254,6,3000,-1.6618133977997087,1422.6070209172062,383.37586721506983,12.0,74.616158183309
8,P7,P7 / M8,5,source_pretrained_mlp,sample,8441,255,6,4000,0.5055844815617725,574.0889453011218,344.30836376190183,1.0,0.8300277173697411
8,P7,P7 / M8,5,proposed_prior_regularized,sample,33,1,4,0,0.945270640718832,179.06272601036508,104.21875086000988,2.0,0.904798155161254
8,P7,P7 / M8,5,proposed_prior_regularized,sample,34,1,4,1000,0.8872942787637891,253.2838665119848,159.55694468816122,1.0,0.9736344076689368
8,P7,P7 / M8,5,proposed_prior_regularized,sample,107,3,4,8000,0.9530246598445349,153.7460846659298,78.7156492663968,0.0,0.15553426259914443
8,P7,P7 / M8,5,proposed_prior_regularized,sample,117,3,5,7000,0.9770064854544988,98.54007082094856,59.06738164208152,0.0,0.8565087634968483
8,P7,P7 / M8,5,proposed_prior_regularized,sample,166,5,4,1000,0.9844451785634748,93.2816752486399,52.739704435871495,0.0,0.4313689147387077
8,P7,P7 / M8,5,proposed_prior_regularized,sample,279,8,5,4000,0.9688690219651241,122.7695427317056,70.23708958010519,1.0,0.23901236734881806
8,P7,P7 / M8,5,proposed_prior_regularized,sample,281,8,5,6000,0.9899962155789142,67.66809908682373,43.50711674690247,1.0,0.3549578860932814
8,P7,P7 / M8,5,proposed_prior_regularized,sample,363,11,4,0,0.9858755430423426,94.6145767721772,53.57142276030321,0.0,0.21603515551389074
8,P7,P7 / M8,5,proposed_prior_regularized,sample,389,11,6,4000,0.9710081958601496,132.0597964346372,75.88428103482282,0.0,0.4481783997985624
8,P7,P7 / M8,5,proposed_prior_regularized,sample,423,12,6,5000,0.9614672635300734,149.16922426077863,88.20647201714692,0.0,0.25666860310490147
8,P7,P7 / M8,5,proposed_prior_regularized,sample,621,18,6,5000,0.9645012646266145,149.71525894003094,106.37078966697057,1.0,0.7498359009580777
8,P7,P7 / M8,5,proposed_prior_regularized,sample,642,19,5,4000,0.980041774402174,100.04609020226623,60.81912066936493,0.0,0.32019741963955994
8,P7,P7 / M8,5,proposed_prior_regularized,sample,694,21,4,1000,0.9208199291743896,224.7379558665719,128.90053877623185,0.0,1.5316094914257985
8,P7,P7 / M8,5,proposed_prior_regularized,sample,695,21,4,2000,0.9816949796667729,104.85395455804628,63.76682096719742,0.0,0.1982794692433571
8,P7,P7 / M8,5,proposed_prior_regularized,sample,782,23,6,1000,0.9702765488994649,141.5881069084463,86.73248291015625,2.0,0.3845002394090084
8,P7,P7 / M8,5,proposed_prior_regularized,sample,881,26,6,1000,0.8831545519292855,271.3286470439505,162.0652912425995,0.0,0.24046283967052562
8,P7,P7 / M8,5,proposed_prior_regularized,sample,990,30,4,0,0.9165724156999452,224.91289534544723,131.62308170114244,0.0,0.3068074685429864
8,P7,P7 / M8,5,proposed_prior_regularized,sample,997,30,4,7000,0.9888803507347279,79.02416829540729,47.32235848903656,1.0,0.7471153235444371
8,P7,P7 / M8,5,proposed_prior_regularized,sample,1035,31,5,1000,0.9840869460348338,94.83763869308989,57.3036379643849,0.0,0.31394326674475304
8,P7,P7 / M8,5,proposed_prior_regularized,sample,1054,31,6,9000,0.945799103907919,171.70451632994644,99.85334429247627,0.0,0.3175570087209625
8,P7,P7 / M8,5,proposed_prior_regularized,sample,1056,32,4,0,0.9977359241981467,38.63247966312037,25.722613126039505,1.0,0.23206057798130575
8,P7,P7 / M8,5,proposed_prior_regularized,sample,1070,32,5,3000,0.9892223561526369,75.24698229686983,49.42495983222435,0.0,0.33748550563295077
8,P7,P7 / M8,5,proposed_prior_regularized,sample,1107,33,5,7000,0.9718315830333745,114.81331242170721,76.21216040644153,0.0,0.34879850037772087
8,P7,P7 / M8,5,proposed_prior_regularized,sample,1168,35,5,2000,0.9465706403543741,172.51406182929534,99.88403486322474,1.0,0.6685301300539531
8,P7,P7 / M8,5,proposed_prior_regularized,sample,1224,37,4,3000,0.975546164996459,117.5668039339799,65.71185660362244,0.0,0.42597883999382546
8,P7,P7 / M8,5,proposed_prior_regularized,sample,1273,38,5,8000,0.9691515183425266,119.09228118039152,67.13312995049262,0.0,0.5546639688713105
8,P7,P7 / M8,5,proposed_prior_regularized,sample,1296,39,4,9000,0.9654185110493998,135.8916790959801,84.39586377965993,1.0,0.3322744749566311
8,P7,P7 / M8,5,proposed_prior_regularized,sample,1389,42,4,3000,0.9768891077949223,113.55683021490059,62.98148826509714,1.0,0.07339297297693645
8,P7,P7 / M8,5,proposed_prior_regularized,sample,1442,43,6,1000,0.9775948546872233,121.88286592275804,83.54635963232622,1.0,0.8135306580252828
8,P7,P7 / M8,5,proposed_prior_regularized,sample,1467,44,5,4000,0.8270232078870008,291.9722112189836,166.6592274019795,0.0,1.4888425942767582
8,P7,P7 / M8,5,proposed_prior_regularized,sample,1576,47,6,3000,0.9312543669932066,203.58062235156348,119.69931080511638,1.0,0.1590925275325852
8,P7,P7 / M8,5,proposed_prior_regularized,sample,1632,49,5,4000,0.9545700118443013,147.92325067512976,83.83827522397041,1.0,0.6262647283476186
8,P7,P7 / M8,5,proposed_prior_regularized,sample,1736,52,5,9000,0.8195927803952789,274.32362572109037,167.13600202649832,1.0,0.18382130784779485
8,P7,P7 / M8,5,proposed_prior_regularized,sample,1867,56,5,8000,0.8651381815579556,237.58223926776117,135.13947890744066,2.0,0.10525861803099604
8,P7,P7 / M8,5,proposed_prior_regularized,sample,2061,62,5,4000,0.9691844403403892,128.01533965392215,85.85626932426736,1.0,0.7958615314663303
8,P7,P7 / M8,5,proposed_prior_regularized,sample,2192,66,5,3000,0.9103421686839377,220.23357431622236,132.25441048763417,0.0,0.21421337504446164
8,P7,P7 / M8,5,proposed_prior_regularized,sample,2237,67,6,4000,0.9155362406533417,223.21007989171486,135.6191408140906,1.0,1.7452374879522752
8,P7,P7 / M8,5,proposed_prior_regularized,sample,2276,68,6,10000,0.9693137551727696,128.21368295657206,74.37847519715628,1.0,0.20017687800559497
8,P7,P7 / M8,5,proposed_prior_regularized,sample,2296,69,5,8000,0.8624479092990776,245.82929534868003,141.15234898726146,1.0,0.36195553422756216
8,P7,P7 / M8,5,proposed_prior_regularized,sample,2319,70,4,9000,0.9935150524790244,61.84004536734602,38.254112543883146,0.0,0.3152360484891415
8,P7,P7 / M8,5,proposed_prior_regularized,sample,2345,71,4,2000,0.9806857813263118,103.72367991019547,55.53888585418463,0.0,0.17589237669769311
8,P7,P7 / M8,5,proposed_prior_regularized,sample,2388,72,5,1000,0.91725760988616,222.98416365644295,137.0285876897665,1.0,0.4622052795934638
8,P7,P7 / M8,5,proposed_prior_regularized,sample,2424,73,5,4000,0.9221815409843351,208.6092356581245,127.67899268865585,2.0,0.2860092966089237
8,P7,P7 / M8,5,proposed_prior_regularized,sample,2508,76,4,0,0.9122202923111142,239.22810736078839,141.6400206184387,1.0,0.35846573120335773
8,P7,P7 / M8,5,proposed_prior_regularized,sample,2546,77,4,5000,0.9711049447860922,131.95868292110617,88.84588775634765,1.0,1.0145709788592578
8,P7,P7 / M8,5,proposed_prior_regularized,sample,2573,77,6,10000,0.9078384101638746,225.44696824562814,136.26929583400488,0.0,1.7216708892706278
8,P7,P7 / M8,5,proposed_prior_regularized,sample,2692,81,5,8000,0.9549353483096363,141.74897314955967,83.47543641499111,1.0,0.3586565262938703
8,P7,P7 / M8,5,proposed_prior_regularized,sample,2711,82,4,5000,0.9384754890977907,191.05563511265424,123.89132231015425,1.0,1.9761882704962193
8,P7,P7 / M8,5,proposed_prior_regularized,sample,2720,82,5,3000,0.9732732888084235,119.04661622247707,64.06791719368526,1.0,0.6149887184016044
8,P7,P7 / M8,5,proposed_prior_regularized,sample,2747,83,4,8000,0.9726242612071033,122.44211039549847,79.77326673666636,1.0,0.5020712475925807
8,P7,P7 / M8,5,proposed_prior_regularized,sample,2857,86,5,8000,0.9205679052513182,190.2427579426688,115.45887143858548,1.0,0.7604815349009812
8,P7,P7 / M8,5,proposed_prior_regularized,sample,2858,86,5,9000,0.9465866837978022,152.4078032617358,102.87644306023915,0.0,0.2650972111612375
8,P7,P7 / M8,5,proposed_prior_regularized,sample,3158,95,6,1000,0.9588706209442575,172.4363021193812,100.31905593190875,1.0,0.6708693764159984
8,P7,P7 / M8,5,proposed_prior_regularized,sample,3159,95,6,2000,0.9893657599791387,83.1184255657769,48.399461657912646,0.0,0.9090505946487251
8,P7,P7 / M8,5,proposed_prior_regularized,sample,3236,98,4,2000,0.9687959529501813,141.16357896257517,88.92327815055847,1.0,0.41953860577585195
8,P7,P7 / M8,5,proposed_prior_regularized,sample,3266,98,6,10000,0.8714723863894026,269.72969190025935,147.21489358799798,2.0,0.14729072440111465
8,P7,P7 / M8,5,proposed_prior_regularized,sample,3331,100,6,9000,0.9688079497353006,136.93070520755685,75.12366954803467,1.0,0.28792532394296605
8,P7,P7 / M8,5,proposed_prior_regularized,sample,3332,100,6,10000,0.9209334675907903,212.19701510583693,115.53006499154228,0.0,1.2513231718736009
8,P7,P7 / M8,5,proposed_prior_regularized,sample,3337,101,4,4000,0.9974670127865819,36.85416578421182,20.853900238871574,0.0,0.05615732771276413
8,P7,P7 / M8,5,proposed_prior_regularized,sample,3474,105,4,9000,0.9560456328474969,153.7307265610063,98.58048876126607,1.0,0.42482168129462605
8,P7,P7 / M8,5,proposed_prior_regularized,sample,3485,105,5,9000,0.9818495585806953,87.95151786367683,49.78101580373703,1.0,0.372771217737707
8,P7,P7 / M8,5,proposed_prior_regularized,sample,3492,105,6,5000,0.9663101748470803,147.93973380711526,89.02070263028145,1.0,0.6487901965172037
8,P7,P7 / M8,5,proposed_prior_regularized,sample,3500,106,4,2000,0.9792886734576788,110.85762543430691,61.61780068079631,0.0,0.5836864148483353
8,P7,P7 / M8,5,proposed_prior_regularized,sample,3514,106,5,5000,0.9787835525363316,104.03259652359388,63.4155842728085,2.0,1.4712086375756528
8,P7,P7 / M8,5,proposed_prior_regularized,sample,3519,106,5,10000,0.720589215277712,345.00142893749364,211.58289910952251,2.0,0.46545449030665226
8,P7,P7 / M8,5,proposed_prior_regularized,sample,3566,108,4,2000,0.9184744948725845,221.79103193346552,141.987576851478,2.0,0.1811255723549733
8,P7,P7 / M8,5,proposed_prior_regularized,sample,3751,113,6,0,0.9955596849074732,57.36370083062776,32.50248450324649,0.0,0.3829091421459232
8,P7,P7 / M8,5,proposed_prior_regularized,sample,3772,114,4,10000,0.9977540136359173,35.42602355524716,22.388671724001565,0.0,0.6033432322607162
8,P7,P7 / M8,5,proposed_prior_regularized,sample,3805,115,4,10000,0.9920997364216849,66.54980099426828,41.22315235648836,1.0,0.37977158862695565
8,P7,P7 / M8,5,proposed_prior_regularized,sample,3828,116,4,0,0.9852256314072825,101.70708667648633,66.33030175126117,0.0,0.8765138645912603
8,P7,P7 / M8,5,proposed_prior_regularized,sample,3858,116,6,8000,0.9133770618801742,225.1720329309487,136.5956015586853,0.0,0.22355390103175207
8,P7,P7 / M8,5,proposed_prior_regularized,sample,3919,118,6,3000,0.9362825337824758,208.07404515026386,124.7498960805976,2.0,0.15415081594522376
8,P7,P7 / M8,5,proposed_prior_regularized,sample,4048,122,6,0,0.9898020635974251,86.30828711068142,54.20333406058225,0.0,0.6032687746061681
8,P7,P7 / M8,5,proposed_prior_regularized,sample,4188,126,6,8000,0.9388726353304849,187.37080720813657,103.82085930890051,0.0,0.37291793291747183
8,P7,P7 / M8,5,proposed_prior_regularized,sample,4189,126,6,9000,0.944138130124777,189.24411697023396,112.01102241225864,2.0,0.273703052550211
8,P7,P7 / M8,5,proposed_prior_regularized,sample,4193,127,4,2000,0.9102808531655875,232.17919455688534,125.46178943139536,1.0,0.4615812937678862
8,P7,P7 / M8,5,proposed_prior_regularized,sample,4225,128,4,1000,0.9946117001404899,58.73214861877989,35.58786708831787,0.0,0.3200110491578416
8,P7,P7 / M8,5,proposed_prior_regularized,sample,4448,134,6,4000,0.9901809951082345,81.73040304985079,53.23402907450994,0.0,1.2118943505405704
8,P7,P7 / M8,5,proposed_prior_regularized,sample,4461,135,4,6000,0.9719299657770063,123.30539305206813,69.78225831831655,1.0,0.2691243128663992
8,P7,P7 / M8,5,proposed_prior_regularized,sample,4524,137,4,3000,0.9760749333939887,119.98979242262078,71.85852570717151,0.0,0.2262701587936578
8,P7,P7 / M8,5,proposed_prior_regularized,sample,4565,138,5,0,0.9671787033041463,142.68199526819478,76.0530806694712,0.0,0.2271060599374312
8,P7,P7 / M8,5,proposed_prior_regularized,sample,4607,139,5,9000,0.9116287268487272,200.13809400276034,99.15843404423107,0.0,0.5300983883282674
8,P7,P7 / M8,5,proposed_prior_regularized,sample,4647,140,6,5000,0.9946046751546516,58.815818263181654,36.329571100381706,1.0,0.2530749902175755
8,P7,P7 / M8,5,proposed_prior_regularized,sample,4717,142,6,9000,0.9861454865385746,92.9201715707856,50.23547820861523,1.0,0.19716958817201852
8,P7,P7 / M8,5,proposed_prior_regularized,sample,4776,144,6,2000,0.9891859254548395,82.55481856488375,40.22965749104818,0.0,0.2749885635336695
8,P7,P7 / M8,5,proposed_prior_regularized,sample,4792,145,4,7000,0.9607645614196428,145.7602044003146,89.8055044785142,0.0,1.2413842062722262
8,P7,P7 / M8,5,proposed_prior_regularized,sample,4826,146,4,8000,0.9703418361980668,134.00132957692387,84.39166213035584,1.0,0.2301780359669746
8,P7,P7 / M8,5,proposed_prior_regularized,sample,4849,146,6,9000,0.8775828750510933,255.34921468608783,127.88311038297765,1.0,0.3488654842889188
8,P7,P7 / M8,5,proposed_prior_regularized,sample,4869,147,5,7000,0.9178127592176342,183.97793587609564,85.01246116612408,0.0,0.38873427803720867
8,P7,P7 / M8,5,proposed_prior_regularized,sample,4877,147,6,4000,0.9555157228771071,167.8776414037508,95.55625299612682,1.0,0.33335541797878904
8,P7,P7 / M8,5,proposed_prior_regularized,sample,4929,149,5,1000,0.8555272397740585,289.632619301984,162.26838468653816,1.0,0.4001076665922459
8,P7,P7 / M8,5,proposed_prior_regularized,sample,4949,149,6,10000,0.7961720008408164,339.17687606243527,201.42910580635072,0.0,1.1834098843798484
8,P7,P7 / M8,5,proposed_prior_regularized,sample,5043,152,6,5000,0.9935148433550417,63.76799995764461,35.63108446768352,0.0,0.44805534418664333
8,P7,P7 / M8,5,proposed_prior_regularized,sample,5101,154,5,8000,0.892443143715633,221.25056861257218,114.19997379928827,1.0,0.5020416666774704
8,P7,P7 / M8,5,proposed_prior_regularized,sample,5112,154,6,8000,0.9933955531320678,65.42359323508623,39.133106555938724,0.0,0.5432651707043494
8,P7,P7 / M8,5,proposed_prior_regularized,sample,5144,155,6,7000,0.981847918448565,107.37370161576757,72.1146155834198,1.0,0.5396178611637775
8,P7,P7 / M8,5,proposed_prior_regularized,sample,5316,161,4,3000,0.8920573510842609,256.2172820261392,162.0935736979757,2.0,0.5148931804116117
8,P7,P7 / M8,5,proposed_prior_regularized,sample,5381,163,4,2000,0.9530999765381234,172.55621785191732,99.71467961714818,1.0,0.5770715926200128
8,P7,P7 / M8,5,proposed_prior_regularized,sample,5384,163,4,5000,0.9975852839863232,39.4068877261364,26.174663170524266,1.0,0.5681893133398164
8,P7,P7 / M8,5,proposed_prior_regularized,sample,5414,164,4,2000,0.8960167909835672,258.43437411786965,159.7107450389862,1.0,0.32665152052666097
8,P7,P7 / M8,5,proposed_prior_regularized,sample,5534,167,6,1000,0.9655563608224471,152.04565548717537,90.15417846389438,1.0,1.5030729368688047
8,P7,P7 / M8,5,proposed_prior_regularized,sample,5617,170,4,7000,0.9450762181060703,171.60428421173066,95.54458655416965,1.0,0.6569761137298378
8,P7,P7 / M8,5,proposed_prior_regularized,sample,5658,171,5,4000,0.945498066902883,171.83837533323145,98.26721493097452,1.0,0.6346803143877515
8,P7,P7 / M8,5,proposed_prior_regularized,sample,5694,172,5,7000,0.9412284065846361,171.58896710185704,95.76010561872411,0.0,0.526704915936167
8,P7,P7 / M8,5,proposed_prior_regularized,sample,5816,176,4,8000,0.9738135222799532,122.64580599078755,63.99346150801732,1.0,0.18994712253232188
8,P7,P7 / M8,5,proposed_prior_regularized,sample,5841,177,4,0,0.9896383087044454,79.15987038085991,40.62464346204485,1.0,0.31928540243622355
8,P7,P7 / M8,5,proposed_prior_regularized,sample,5843,177,4,2000,0.8660091234535574,290.9932165322562,180.54594667434694,1.0,0.16354125592222554
8,P7,P7 / M8,5,proposed_prior_regularized,sample,5858,177,5,6000,0.8732161369754429,247.95692537281252,131.8395619222096,2.0,0.2161588528416127
8,P7,P7 / M8,5,proposed_prior_regularized,sample,5887,178,5,2000,0.9614913652273709,147.4952012658021,90.18016888618469,1.0,0.3620091096981657
8,P7,P7 / M8,5,proposed_prior_regularized,sample,6248,189,5,0,0.9192394518932896,223.60886509108664,142.91119302749632,1.0,0.5454851799822017
8,P7,P7 / M8,5,proposed_prior_regularized,sample,6299,190,6,7000,0.9412239685731186,193.4137145686815,121.18386905843562,0.0,0.5520159164726507
8,P7,P7 / M8,5,proposed_prior_regularized,sample,6359,192,6,1000,0.9889636320069922,87.0199969896394,55.5232234434648,1.0,0.7150533311032551
8,P7,P7 / M8,5,proposed_prior_regularized,sample,6407,194,4,5000,0.9784856206591518,112.28664178068455,57.43483887116114,1.0,0.1348365230675205
8,P7,P7 / M8,5,proposed_prior_regularized,sample,6425,194,6,1000,0.545137451558703,545.6209511556016,327.92982259004015,2.0,2.3053248629200493
8,P7,P7 / M8,5,proposed_prior_regularized,sample,6466,195,6,9000,0.9884425586894895,83.20389449898266,51.39642174427326,1.0,0.3781724486661657
8,P7,P7 / M8,5,proposed_prior_regularized,sample,6743,204,5,0,0.9856022383670018,96.391160113371,63.36341227655826,0.0,0.3829243356376814
8,P7,P7 / M8,5,proposed_prior_regularized,sample,6752,204,5,9000,0.9193484026668853,186.1238327678878,102.89675312042236,1.0,0.5076326876255296
8,P7,P7 / M8,5,proposed_prior_regularized,sample,6762,204,6,8000,0.9462948334124266,175.4972835709851,112.1320792069802,2.0,0.1722067124833644
8,P7,P7 / M8,5,proposed_prior_regularized,sample,6839,207,4,8000,0.9869387321223836,88.01158624916437,54.783257722854614,1.0,0.6507244491009925
8,P7,P7 / M8,5,proposed_prior_regularized,sample,6878,208,5,3000,0.8891105201213099,242.2286260154305,130.6849868297577,1.0,0.15402182289397237
8,P7,P7 / M8,5,proposed_prior_regularized,sample,6970,211,4,7000,0.9910150359445653,71.26942323654156,46.877635093835686,0.0,0.3126101240709468
8,P7,P7 / M8,5,proposed_prior_regularized,sample,6983,211,5,9000,0.9628916763202081,131.45759141428988,76.80298907940204,1.0,0.6613768334813027
8,P7,P7 / M8,5,proposed_prior_regularized,sample,6987,211,6,2000,0.9832199365822953,102.00428900785934,66.01685888290405,0.0,0.2734535612870883
8,P7,P7 / M8,5,proposed_prior_regularized,sample,7035,213,4,6000,0.9537031823835699,157.47017702658798,86.10319386323293,1.0,0.5757480498164649
8,P7,P7 / M8,5,proposed_prior_regularized,sample,7063,214,4,1000,0.9574979494062666,170.914765175276,107.99902469461614,0.0,0.20880033560965178
8,P7,P7 / M8,5,proposed_prior_regularized,sample,7090,214,6,6000,0.9913710430976823,74.77798490306054,42.30857821132826,0.0,0.2400383013868268
8,P7,P7 / M8,5,proposed_prior_regularized,sample,7141,216,5,2000,0.7962225545482655,336.84678143388265,189.49472399858328,0.0,0.9054362501913326
8,P7,P7 / M8,5,proposed_prior_regularized,sample,7214,218,5,9000,0.880752738541402,229.9223549737261,135.55873412291209,2.0,0.35535787824887183
8,P7,P7 / M8,5,proposed_prior_regularized,sample,7257,219,6,8000,0.9692687941478687,137.03569692079998,87.90410621960957,1.0,0.4829484785535767
8,P7,P7 / M8,5,proposed_prior_regularized,sample,7309,221,5,5000,0.7004934720191929,378.6068002357021,196.05093448392807,2.0,0.1470289373461533
8,P7,P7 / M8,5,proposed_prior_regularized,sample,7333,222,4,7000,0.9372783574966663,186.7671450779091,116.38167121580669,1.0,0.3153596555369143
8,P7,P7 / M8,5,proposed_prior_regularized,sample,7411,224,5,8000,0.8129046265534835,286.0333719975427,144.51296748320263,0.0,0.21011897099935012
8,P7,P7 / M8,5,proposed_prior_regularized,sample,7422,224,6,8000,0.9658265385604702,142.30122318256488,83.14468032121658,1.0,0.38932901421861543
8,P7,P7 / M8,5,proposed_prior_regularized,sample,7439,225,5,3000,0.7872037405089809,333.64334549882125,201.30370762714972,2.0,0.14900383120808192
8,P7,P7 / M8,5,proposed_prior_regularized,sample,7451,225,6,4000,0.9933655293949732,63.90697294824198,41.2398623752594,1.0,0.27559045339076876
8,P7,P7 / M8,5,proposed_prior_regularized,sample,7578,229,5,10000,0.9843203596224204,81.41054557250008,53.7140701124745,1.0,0.26657092563659135
8,P7,P7 / M8,5,proposed_prior_regularized,sample,7764,235,4,9000,0.9624688205607044,140.8481145723406,80.39950883388519,1.0,0.11627447770085461
8,P7,P7 / M8,5,proposed_prior_regularized,sample,7785,235,6,8000,0.9726495560507811,129.95876988420264,83.05971961021423,0.0,0.3128816949335456
8,P7,P7 / M8,5,proposed_prior_regularized,sample,7869,238,5,4000,0.9792657201841559,106.21952531240002,68.2728841304779,1.0,0.304550886465993
8,P7,P7 / M8,5,proposed_prior_regularized,sample,7884,238,6,8000,0.9867642145261789,91.4145107503135,60.09400414466858,0.0,0.3061756282670873
8,P7,P7 / M8,5,proposed_prior_regularized,sample,7923,240,4,3000,0.9927156374357281,68.28360237095231,43.5361559788386,0.0,0.29877633879148624
8,P7,P7 / M8,5,proposed_prior_regularized,sample,7931,240,5,0,0.9784187726470998,118.44162963039044,66.8843159866333,1.0,0.2663617154420666
8,P7,P7 / M8,5,proposed_prior_regularized,sample,7948,240,6,6000,0.9716104266970185,134.14013606981905,76.53968386650085,1.0,0.5324340958233347
8,P7,P7 / M8,5,proposed_prior_regularized,sample,7971,241,5,7000,0.972803538489239,112.66236840758485,75.15467081246553,1.0,2.1411127440686863
8,P7,P7 / M8,5,proposed_prior_regularized,sample,8015,242,6,7000,0.7767892919541497,357.74510741263686,233.76533426178827,0.0,1.040015998541048
8,P7,P7 / M8,5,proposed_prior_regularized,sample,8259,250,4,9000,0.9817391963173856,102.2863668469378,63.350435963383426,0.0,0.4745806646627552
8,P7,P7 / M8,5,proposed_prior_regularized,sample,8325,252,4,9000,0.9450553610133847,182.63579551699516,110.70998057003679,0.0,1.039233037735642
8,P7,P7 / M8,5,proposed_prior_regularized,sample,8330,252,5,3000,0.8356366830302256,320.3504380692154,163.08347602073962,1.0,0.23351737962281466
8,P7,P7 / M8,5,proposed_prior_regularized,sample,8407,254,6,3000,0.9102105645327679,261.2815627110693,148.8478491306305,0.0,0.8548132846225478
8,P7,P7 / M8,5,proposed_prior_regularized,sample,8441,255,6,4000,0.8152591139855516,350.92527456615034,218.38490429878235,0.0,1.8801712249482916
8,P7,P7 / M8,7,gaussian,sample,33,1,4,0,0.9898146969680404,77.56237770576463,44.466583295212104,1.0,0.8526086716577738
8,P7,P7 / M8,7,gaussian,sample,34,1,4,1000,0.9895152204358778,78.62874617413148,47.81354233273074,1.0,0.7993098334362879
8,P7,P7 / M8,7,gaussian,sample,107,3,4,8000,0.9980520662231186,31.970265384832757,22.122448421477895,1.0,1.1412857698918726
8,P7,P7 / M8,7,gaussian,sample,117,3,5,7000,0.9890216419262656,69.1074667038702,38.482216100096856,1.0,0.7214048403017468
8,P7,P7 / M8,7,gaussian,sample,166,5,4,1000,0.9953451483072493,51.4432110892163,28.32267123046058,0.0,0.38722937335168917
8,P7,P7 / M8,7,gaussian,sample,279,8,5,4000,0.9929892070759083,59.8483616531199,40.39736981153522,1.0,0.641538595114522
8,P7,P7 / M8,7,gaussian,sample,281,8,5,6000,0.992130951591015,60.644894550249866,40.931164878024596,1.0,0.935773421272908
8,P7,P7 / M8,7,gaussian,sample,363,11,4,0,0.990682369286477,78.19388070688088,41.01723978430682,1.0,0.24923231805601592
8,P7,P7 / M8,7,gaussian,sample,389,11,6,4000,0.9937647074390773,62.37189591884153,44.41696433588805,0.0,1.0582180920015254
8,P7,P7 / M8,7,gaussian,sample,423,12,6,5000,0.98305602070018,100.25344072161116,62.2631431287735,0.0,0.5749211677063141
8,P7,P7 / M8,7,gaussian,sample,621,18,6,5000,0.9955609575088137,53.719571119138166,36.548253123129236,0.0,0.3780760658129169
8,P7,P7 / M8,7,gaussian,sample,642,19,5,4000,0.9965689243227285,42.405516094982616,26.82689758458685,0.0,0.28128022767496075
8,P7,P7 / M8,7,gaussian,sample,694,21,4,1000,0.9978386221245844,38.16344558153345,27.945307277657598,0.0,1.0627183455057803
8,P7,P7 / M8,7,gaussian,sample,695,21,4,2000,0.9935410338617049,63.84357644776633,35.89053667743643,0.0,0.9347870446881823
8,P7,P7 / M8,7,gaussian,sample,782,23,6,1000,0.9961688863171242,52.21713090294702,39.56321231163415,1.0,0.7821021332913642
8,P7,P7 / M8,7,gaussian,sample,881,26,6,1000,0.987981163696585,90.02385014328618,55.07234961839516,1.0,0.18845826057343143
8,P7,P7 / M8,7,gaussian,sample,990,30,4,0,0.9965099114151752,47.372309103264726,29.030218241980283,1.0,0.6234234889888598
8,P7,P7 / M8,7,gaussian,sample,997,30,4,7000,0.9918073445486084,68.96890368735968,43.62998810741944,1.0,0.6026181211386991
8,P7,P7 / M8,7,gaussian,sample,1035,31,5,1000,0.9918693055178383,68.99998761079954,43.08189021481519,0.0,0.7322210077943964
8,P7,P7 / M8,7,gaussian,sample,1054,31,6,9000,0.9904076200376039,73.75998424329353,47.7552692256647,0.0,1.3818245968405163
8,P7,P7 / M8,7,gaussian,sample,1056,32,4,0,0.9969719653106641,45.870527555229344,32.152599235183075,1.0,0.6133343348564854
8,P7,P7 / M8,7,gaussian,sample,1070,32,5,3000,0.9951281185580617,51.435096497508454,30.66334591377497,0.0,0.3635292084283137
8,P7,P7 / M8,7,gaussian,sample,1107,33,5,7000,0.9932452319746636,57.51899638433925,38.07236831746738,0.0,0.7688769289258366
8,P7,P7 / M8,7,gaussian,sample,1168,35,5,2000,0.9972099401379404,40.24993158886524,28.033093844762092,0.0,0.5003660111782958
8,P7,P7 / M8,7,gaussian,sample,1224,37,4,3000,0.9918656929511102,68.73434797001349,40.92238326479797,1.0,0.45135350549826575
8,P7,P7 / M8,7,gaussian,sample,1273,38,5,8000,0.9925245598784844,59.11209387890971,43.05816465646068,1.0,1.9396644099479892
8,P7,P7 / M8,7,gaussian,sample,1296,39,4,9000,0.9970523712110171,40.42217689462853,25.806256406614416,1.0,0.25053134929615856
8,P7,P7 / M8,7,gaussian,sample,1389,42,4,3000,0.9951958112590548,52.28925798547709,32.102255736292186,1.0,0.5319883355388783
8,P7,P7 / M8,7,gaussian,sample,1442,43,6,1000,0.9890308500907342,85.49158639673712,54.29007038516792,1.0,0.21404257799953336
8,P7,P7 / M8,7,gaussian,sample,1467,44,5,4000,0.9947525645300186,51.71124902933383,29.921662841533195,1.0,0.6912980411553007
8,P7,P7 / M8,7,gaussian,sample,1576,47,6,3000,0.9922143911432497,70.07751308884234,40.337002444812,0.0,1.268724308079373
8,P7,P7 / M8,7,gaussian,sample,1632,49,5,4000,0.997873982079755,32.58945311820554,23.762813975613792,1.0,0.557552449448004
8,P7,P7 / M8,7,gaussian,sample,1736,52,5,9000,0.980424983204929,92.19034892040737,56.95116359995784,1.0,0.5810849626841029
8,P7,P7 / M8,7,gaussian,sample,1867,56,5,8000,0.9873958123627222,74.36921943126815,45.634544302354094,0.0,0.4183673028119405
8,P7,P7 / M8,7,gaussian,sample,2061,62,5,4000,0.991070253594458,70.37099347989333,39.90711734090533,1.0,0.5501238881324183
8,P7,P7 / M8,7,gaussian,sample,2192,66,5,3000,0.9851403807357002,91.32235864950255,51.79983882737233,1.0,0.4858600668656257
8,P7,P7 / M8,7,gaussian,sample,2237,67,6,4000,0.9935443261223865,61.82258361597284,34.840122000676416,1.0,0.8216463795011799
8,P7,P7 / M8,7,gaussian,sample,2276,68,6,10000,0.990659231049723,72.43572851171731,39.94784194002165,1.0,0.26586494339676964
8,P7,P7 / M8,7,gaussian,sample,2296,69,5,8000,0.9894498917473841,69.54390285878104,42.45539084360496,0.0,0.7078677305970322
8,P7,P7 / M8,7,gaussian,sample,2319,70,4,9000,0.9936191235297239,62.99514973669682,38.31859467556512,0.0,0.9892428138656497
8,P7,P7 / M8,7,gaussian,sample,2345,71,4,2000,0.9899074440381337,75.10224789436688,35.825947068094074,1.0,0.3041728839502243
8,P7,P7 / M8,7,gaussian,sample,2388,72,5,1000,0.9981086863260739,34.54253090236481,24.491229732675702,0.0,0.7342371000196061
8,P7,P7 / M8,7,gaussian,sample,2424,73,5,4000,0.9941983090202899,57.83414162781207,38.9747667981443,1.0,0.8919307585747708
8,P7,P7 / M8,7,gaussian,sample,2508,76,4,0,0.9893778008175802,84.99146708818029,48.41889730458135,0.0,0.20783629702544734
8,P7,P7 / M8,7,gaussian,sample,2546,77,4,5000,0.9842685681160767,96.87138936390542,54.04223026712209,1.0,0.5689091273712567
8,P7,P7 / M8,7,gaussian,sample,2573,77,6,10000,0.9886466152174779,79.66023891459938,46.77466914584243,0.0,0.902858233894939
8,P7,P7 / M8,7,gaussian,sample,2692,81,5,8000,0.9913478195814981,63.40227388975263,45.49292561934759,0.0,1.5090721915963654
8,P7,P7 / M8,7,gaussian,sample,2711,82,4,5000,0.989005083820726,81.92801729328417,41.35976817601888,1.0,0.22955611189742312
8,P7,P7 / M8,7,gaussian,sample,2720,82,5,3000,0.9855157176088798,88.04362053128521,53.79237591143483,0.0,1.2659732700071396
8,P7,P7 / M8,7,gaussian,sample,2747,83,4,8000,0.9907849819362802,72.93308338151792,45.33096109802488,0.0,0.6408300242943926
8,P7,P7 / M8,7,gaussian,sample,2857,86,5,8000,0.9911544847902896,64.83536187842847,41.483171867100054,0.0,0.6622947062410122
8,P7,P7 / M8,7,gaussian,sample,2858,86,5,9000,0.995804202589563,43.6085536532608,28.260023558706532,0.0,0.6152021438316461
8,P7,P7 / M8,7,gaussian,sample,3158,95,6,1000,0.9651901499569333,157.19234524726645,90.14117652782511,1.0,0.49288572673873854
8,P7,P7 / M8,7,gaussian,sample,3159,95,6,2000,0.9886278663708391,88.51384844532345,46.51926733390129,1.0,0.6712231453091924
8,P7,P7 / M8,7,gaussian,sample,3236,98,4,2000,0.9951737328847903,56.86166393640679,33.9137197626376,1.0,0.4315430129372298
8,P7,P7 / M8,7,gaussian,sample,3266,98,6,10000,0.9852488711490127,93.7684907968788,49.7559461272231,0.0,0.09839408362039455
8,P7,P7 / M8,7,gaussian,sample,3331,100,6,9000,0.9878904693852826,87.13634558171678,52.64102789709334,0.0,0.8143545075050805
8,P7,P7 / M8,7,gaussian,sample,3332,100,6,10000,0.9823092322448754,103.10702547296995,60.39676310574626,1.0,1.067284132860135
8,P7,P7 / M8,7,gaussian,sample,3337,101,4,4000,0.9911488859106412,70.52062442586833,41.48932129024903,0.0,0.6946236981756845
8,P7,P7 / M8,7,gaussian,sample,3474,105,4,9000,0.9963079833471897,45.60308619023596,28.44333522031973,0.0,0.5167968454329788
8,P7,P7 / M8,7,gaussian,sample,3485,105,5,9000,0.9921286860934427,58.77146132551011,39.08762982750378,0.0,0.4313181008131166
8,P7,P7 / M8,7,gaussian,sample,3492,105,6,5000,0.9849340588921603,101.00757488307242,63.692368635604275,1.0,0.3314415733974755
8,P7,P7 / M8,7,gaussian,sample,3500,106,4,2000,0.9859221690742676,93.0089433031633,57.788321703705584,1.0,0.4579396432212809
8,P7,P7 / M8,7,gaussian,sample,3514,106,5,5000,0.989674507443726,73.4139671059179,48.5065484843908,1.0,0.8580184282033538
8,P7,P7 / M8,7,gaussian,sample,3519,106,5,10000,0.9845724288518903,81.97293833360743,53.33650958329749,0.0,0.7252390187779121
8,P7,P7 / M8,7,gaussian,sample,3566,108,4,2000,0.9885614691844632,83.27025893010006,55.49761820159728,1.0,0.5511774531065526
8,P7,P7 / M8,7,gaussian,sample,3751,113,6,0,0.9922733683249638,77.52065583512949,51.969355327672,0.0,0.5871632731242723
8,P7,P7 / M8,7,gaussian,sample,3772,114,4,10000,0.9952470157766241,52.205025840131086,32.92348253150248,0.0,0.6854076352239834
8,P7,P7 / M8,7,gaussian,sample,3805,115,4,10000,0.997350432425773,39.60013155071456,25.160834721970193,1.0,0.23107330851819458
8,P7,P7 / M8,7,gaussian,sample,3828,116,4,0,0.9945369350525731,63.346877675209605,37.52903438003794,0.0,0.20871749804552686
8,P7,P7 / M8,7,gaussian,sample,3858,116,6,8000,0.9842709140648278,97.15259638592617,49.725256231633054,1.0,0.38442434150419036
8,P7,P7 / M8,7,gaussian,sample,3919,118,6,3000,0.9785796552356449,123.50600164782996,78.87569505092324,1.0,0.26281643358203716
8,P7,P7 / M8,7,gaussian,sample,4048,122,6,0,0.994152863872738,66.64715003505708,39.54084201379103,0.0,0.5748843646409416
8,P7,P7 / M8,7,gaussian,sample,4188,126,6,8000,0.9823120405053617,102.7542616401647,52.34779152445929,0.0,0.466694821603377
8,P7,P7 / M8,7,gaussian,sample,4189,126,6,9000,0.9574525506226117,165.33840605512236,91.75226379611956,2.0,0.3891905693024634
8,P7,P7 / M8,7,gaussian,sample,4193,127,4,2000,0.9923759764741369,68.02442376324609,45.332385478926035,1.0,0.7186818596035727
8,P7,P7 / M8,7,gaussian,sample,4225,128,4,1000,0.9945202086842254,60.49729299924126,31.859238898275873,0.0,0.2140072142472534
8,P7,P7 / M8,7,gaussian,sample,4448,134,6,4000,0.9867765970073715,97.79173721002897,56.25378270776268,1.0,0.5333542344991054
8,P7,P7 / M8,7,gaussian,sample,4461,135,4,6000,0.9944191629682495,55.97155564597189,28.27297516661848,1.0,0.3241184824126925
8,P7,P7 / M8,7,gaussian,sample,4524,137,4,3000,0.9954159596960568,53.989780191347954,33.20736284507626,0.0,0.49787886882631144
8,P7,P7 / M8,7,gaussian,sample,4565,138,5,0,0.9960283959267453,50.87061891897658,29.500444760069346,0.0,0.2555213101194165
8,P7,P7 / M8,7,gaussian,sample,4607,139,5,9000,0.9876180566668158,75.21123115023694,46.553539879233064,1.0,1.1470299280074057
8,P7,P7 / M8,7,gaussian,sample,4647,140,6,5000,0.9907205610592305,77.58929208520787,43.715925930226916,1.0,0.35807255424620904
8,P7,P7 / M8,7,gaussian,sample,4717,142,6,9000,0.9846215758682857,100.97949101511404,54.49286744027193,1.0,0.27872594477163
8,P7,P7 / M8,7,gaussian,sample,4776,144,6,2000,0.9838522701970899,101.5469360526302,50.19343475128751,1.0,0.5320490159516609
8,P7,P7 / M8,7,gaussian,sample,4792,145,4,7000,0.9881519074257545,81.24844044253305,45.531550444303626,0.0,0.6197532259588339
8,P7,P7 / M8,7,gaussian,sample,4826,146,4,8000,0.9807453888230443,109.96006180555673,62.26555584822055,1.0,0.36551041379108223
8,P7,P7 / M8,7,gaussian,sample,4849,146,6,9000,0.9918628804915641,66.82138294321804,40.29036370861577,0.0,0.5837536395618813
8,P7,P7 / M8,7,gaussian,sample,4869,147,5,7000,0.9792534385034358,93.57139403040162,60.49962169869073,1.0,2.0894775319667582
8,P7,P7 / M8,7,gaussian,sample,4877,147,6,4000,0.98880907325862,85.50741175525116,41.98317835189819,0.0,0.28948051182567386
8,P7,P7 / M8,7,gaussian,sample,4929,149,5,1000,0.9911231333978971,73.11701494733018,42.63196590286478,1.0,0.6430591223417136
8,P7,P7 / M8,7,gaussian,sample,4949,149,6,10000,0.98371739582665,97.33874827946634,52.266755805622445,1.0,0.39290101237693775
8,P7,P7 / M8,7,gaussian,sample,5043,152,6,5000,0.982795507498317,105.71008315983015,64.40216041519422,1.0,1.4133727605825281
8,P7,P7 / M8,7,gaussian,sample,5101,154,5,8000,0.990233498985709,67.61792677029732,49.179077901063614,0.0,1.8811315696906528
8,P7,P7 / M8,7,gaussian,sample,5112,154,6,8000,0.9898199087224255,82.82929089524738,51.10291654798028,0.0,0.6141418675149131
8,P7,P7 / M8,7,gaussian,sample,5144,155,6,7000,0.9943585030003728,61.32701935966518,35.27669585958859,1.0,0.3691989833914248
8,P7,P7 / M8,7,gaussian,sample,5316,161,4,3000,0.9904308729264342,76.71629877218493,47.604901422750316,1.0,0.66176443299367
8,P7,P7 / M8,7,gaussian,sample,5381,163,4,2000,0.9968110165579059,46.190683464122436,26.748877961502263,0.0,0.48582634427549554
8,P7,P7 / M8,7,gaussian,sample,5384,163,4,5000,0.9981977080102478,34.35003246465306,22.834988982280386,1.0,0.27845077905652643
8,P7,P7 / M8,7,gaussian,sample,5414,164,4,2000,0.9951555830847494,56.91140965831248,34.45941582321842,0.0,0.7083594721910592
8,P7,P7 / M8,7,gaussian,sample,5534,167,6,1000,0.9879534364083089,91.573288499906,52.03999277394492,0.0,0.7074828830320956
8,P7,P7 / M8,7,gaussian,sample,5617,170,4,7000,0.9943602743152,55.99739149512069,34.7912697824795,0.0,0.38231066738992814
8,P7,P7 / M8,7,gaussian,sample,5658,171,5,4000,0.9972523074133209,39.38710430921448,26.925178977559668,0.0,0.7850735515153032
8,P7,P7 / M8,7,gaussian,sample,5694,172,5,7000,0.9948989419871216,51.6217739715137,35.34149437042247,1.0,0.6643738957788627
8,P7,P7 / M8,7,gaussian,sample,5816,176,4,8000,0.9900566286279564,77.04872391063358,43.912210256833134,0.0,0.21326802467923558
8,P7,P7 / M8,7,gaussian,sample,5841,177,4,0,0.9951172761651188,55.725436321903466,31.735014080428794,1.0,0.1471014288151232
8,P7,P7 / M8,7,gaussian,sample,5843,177,4,2000,0.9856603336160132,96.51120409368555,57.00638178802151,1.0,0.2796825351620826
8,P7,P7 / M8,7,gaussian,sample,5858,177,5,6000,0.9928209027039785,60.47336105165162,39.19645477273642,0.0,0.7582493142948233
8,P7,P7 / M8,7,gaussian,sample,5887,178,5,2000,0.9936954743794522,61.03439109937481,37.0074843120701,0.0,0.36332912570451825
8,P7,P7 / M8,7,gaussian,sample,6248,189,5,0,0.994029613158449,62.18279818303813,37.63571616389249,0.0,0.24991498732048933
8,P7,P7 / M8,7,gaussian,sample,6299,190,6,7000,0.9742260885732591,131.23982541572744,79.38811190047923,1.0,0.3734413495669304
8,P7,P7 / M8,7,gaussian,sample,6359,192,6,1000,0.993388102451594,69.05030030321393,43.91428107850548,0.0,1.306926850079092
8,P7,P7 / M8,7,gaussian,sample,6407,194,4,5000,0.9817285632228204,105.9998896427521,58.28672105064986,0.0,0.3370900413708881
8,P7,P7 / M8,7,gaussian,sample,6425,194,6,1000,0.9786301921727554,117.737159480472,72.34273139182525,1.0,0.6498002606789177
8,P7,P7 / M8,7,gaussian,sample,6466,195,6,9000,0.993377943756497,64.94692017619856,39.52483270829961,1.0,0.6369447510146439
8,P7,P7 / M8,7,gaussian,sample,6743,204,5,0,0.9944063310626069,61.59368758773733,41.72847441579766,0.0,0.39586530942023446
8,P7,P7 / M8,7,gaussian,sample,6752,204,5,9000,0.9950640666429459,47.05141708370693,35.42093597682846,0.0,0.7181119563997702
8,P7,P7 / M8,7,gaussian,sample,6762,204,6,8000,0.9757736276359287,120.5563971314121,71.97987597764869,1.0,1.0862864642221821
8,P7,P7 / M8,7,gaussian,sample,6839,207,4,8000,0.9969493577285249,43.14663320741733,27.217548437580525,0.0,0.7669591887127594
8,P7,P7 / M8,7,gaussian,sample,6878,208,5,3000,0.9955327733437659,49.765151811803776,31.620128276297624,0.0,0.6553302960138225
8,P7,P7 / M8,7,gaussian,sample,6970,211,4,7000,0.9968429243372823,43.35663283613894,29.021220095550277,0.0,0.30267427418507264
8,P7,P7 / M8,7,gaussian,sample,6983,211,5,9000,0.9971770975892362,36.819504427069916,27.38574426233798,0.0,1.138967630171989
8,P7,P7 / M8,7,gaussian,sample,6987,211,6,2000,0.9899846767001489,81.29594027662004,51.22092804420935,0.0,0.9218117833732753
8,P7,P7 / M8,7,gaussian,sample,7035,213,4,6000,0.9895077312094086,76.78029531368377,41.233278257675444,0.0,0.23410717633218206
8,P7,P7 / M8,7,gaussian,sample,7063,214,4,1000,0.9932410638478664,69.79859812518846,47.73777072845918,1.0,0.30231208499447165
8,P7,P7 / M8,7,gaussian,sample,7090,214,6,6000,0.9967064387478416,47.444863348927804,34.81691338011662,0.0,1.0054190568410575
8,P7,P7 / M8,7,gaussian,sample,7141,216,5,2000,0.983975087107481,96.15770996862467,60.93802813091232,1.0,0.7289538322870529
8,P7,P7 / M8,7,gaussian,sample,7214,218,5,9000,0.9946754807052701,49.70581105819123,34.40057684104545,0.0,1.1056299290790086
8,P7,P7 / M8,7,gaussian,sample,7257,219,6,8000,0.994410491065656,59.522725978495544,39.88349856302792,0.0,0.3385736332226918
8,P7,P7 / M8,7,gaussian,sample,7309,221,5,5000,0.9880248684709899,77.00335580784197,47.01577407421491,1.0,0.5059937405674435
8,P7,P7 / M8,7,gaussian,sample,7333,222,4,7000,0.9915122608541068,70.5911195745764,39.32590943747013,1.0,0.30235938642540894
8,P7,P7 / M8,7,gaussian,sample,7411,224,5,8000,0.9750235388082574,105.69920832782644,58.650410377774634,1.0,0.2641206515162415
8,P7,P7 / M8,7,gaussian,sample,7422,224,6,8000,0.9772472231037187,119.50857616898087,65.63583727098447,0.0,0.5314671435888036
8,P7,P7 / M8,7,gaussian,sample,7439,225,5,3000,0.9960647934597041,46.243221105783675,30.92286777969369,0.0,0.767279519458782
8,P7,P7 / M8,7,gaussian,sample,7451,225,6,4000,0.9885396861472489,85.47438016127941,46.68843788265481,1.0,0.3748987504546599
8,P7,P7 / M8,7,gaussian,sample,7578,229,5,10000,0.9899734793387243,66.6338517592381,45.010840404110596,1.0,0.7491341464030367
8,P7,P7 / M8,7,gaussian,sample,7764,235,4,9000,0.989237720135758,77.21602147092764,40.25934205657601,0.0,0.06840285573841991
8,P7,P7 / M8,7,gaussian,sample,7785,235,6,8000,0.9897614687940353,81.93525789466815,48.250151174871995,0.0,0.3419325250685901
8,P7,P7 / M8,7,gaussian,sample,7869,238,5,4000,0.988554373776776,80.06682025316593,52.270941038500396,1.0,0.29604792584997675
8,P7,P7 / M8,7,gaussian,sample,7884,238,6,8000,0.9844286416753351,100.77238316062146,61.57007985764435,0.0,0.7155246263131991
8,P7,P7 / M8,7,gaussian,sample,7923,240,4,3000,0.994455518013904,60.795626372965444,32.35943311760313,0.0,0.5631644362208755
8,P7,P7 / M8,7,gaussian,sample,7931,240,5,0,0.9966260392997363,47.820848831958386,31.05729869560347,0.0,0.3315863897985872
8,P7,P7 / M8,7,gaussian,sample,7948,240,6,6000,0.9917123384327129,73.02082644383339,45.283471401238224,1.0,0.614874385336726
8,P7,P7 / M8,7,gaussian,sample,7971,241,5,7000,0.9945270609502316,50.95164833545643,36.18213173991791,0.0,0.7720740685286432
8,P7,P7 / M8,7,gaussian,sample,8015,242,6,7000,0.963048788967347,148.2111125141894,71.14587263507553,1.0,0.3164135771176273
8,P7,P7 / M8,7,gaussian,sample,8259,250,4,9000,0.9947053995179966,55.92519612429716,40.008558908905805,0.0,1.4793544422877534
8,P7,P7 / M8,7,gaussian,sample,8325,252,4,9000,0.9522962847627019,171.85972203444675,93.4168785981169,0.0,1.0480670738470501
8,P7,P7 / M8,7,gaussian,sample,8330,252,5,3000,0.9861351281878279,94.87609141158747,54.0819948381116,0.0,0.39951675070424675
8,P7,P7 / M8,7,gaussian,sample,8407,254,6,3000,0.9900480415243392,87.83194008798539,56.42783079675252,1.0,0.5458544631717358
8,P7,P7 / M8,7,gaussian,sample,8441,255,6,4000,0.9904375191849945,79.68166275252881,53.755625458758885,0.0,0.7231473136097453
8,P7,P7 / M8,7,spline,sample,33,1,4,0,0.9825865097186063,101.41613389798948,75.7363768908675,0.0,1.6616931710867962
8,P7,P7 / M8,7,spline,sample,34,1,4,1000,0.9839489536180253,97.28667781571329,71.86350917796807,0.0,1.6904281790833224
8,P7,P7 / M8,7,spline,sample,107,3,4,8000,0.9968680818504297,40.53818954694212,34.06071326162731,1.0,1.535935016298216
8,P7,P7 / M8,7,spline,sample,117,3,5,7000,0.9855520880463399,79.27911993633039,60.27445434233495,1.0,2.232469113217463
8,P7,P7 / M8,7,spline,sample,166,5,4,1000,0.9743908009462388,120.66272890239973,92.5733320774514,0.0,2.8839479168110946
8,P7,P7 / M8,7,spline,sample,279,8,5,4000,0.991934235903684,64.19355897186311,46.7926497022301,0.0,0.8214407830000019
8,P7,P7 / M8,7,spline,sample,281,8,5,6000,0.9865038166507324,79.42159809401095,62.086665179973075,0.0,1.5630830116981167
8,P7,P7 / M8,7,spline,sample,363,11,4,0,0.9903756600845509,79.47041793109932,57.01203617212755,1.0,1.062978012526617
8,P7,P7 / M8,7,spline,sample,389,11,6,4000,0.9926204764937633,67.85388025003458,49.04527172024491,0.0,1.2056760398962612
8,P7,P7 / M8,7,spline,sample,423,12,6,5000,0.976074608118418,119.12999142336022,87.77125924481942,0.0,2.4001284104823757
8,P7,P7 / M8,7,spline,sample,621,18,6,5000,0.9958103901359373,52.18848351146734,33.36340468396741,0.0,0.685378092589851
8,P7,P7 / M8,7,spline,sample,642,19,5,4000,0.9956775234540818,47.59633661185923,33.91815324994808,0.0,0.7379848436499665
8,P7,P7 / M8,7,spline,sample,694,21,4,1000,0.9955544321887592,54.732570714614326,40.23041209266669,0.0,0.8161701704960204
8,P7,P7 / M8,7,spline,sample,695,21,4,2000,0.9928077431267309,67.37027169995011,48.4851565878408,0.0,1.6026147512450981
8,P7,P7 / M8,7,spline,sample,782,23,6,1000,0.9946662937457849,61.611961155473736,45.103519396342776,1.0,0.5956753709455054
8,P7,P7 / M8,7,spline,sample,881,26,6,1000,0.9900454257281137,81.92901215996591,54.89275354680468,1.0,0.279874659901956
8,P7,P7 / M8,7,spline,sample,990,30,4,0,0.9960934566226579,50.11902972577032,36.56361952923643,0.0,1.188174468005331
8,P7,P7 / M8,7,spline,sample,997,30,4,7000,0.9904898056798499,74.30801716199699,48.944302446406915,0.0,0.49630443446458766
8,P7,P7 / M8,7,spline,sample,1035,31,5,1000,0.9927219790900645,65.28175797891625,53.430526589082476,0.0,2.0083876829629483
8,P7,P7 / M8,7,spline,sample,1054,31,6,9000,0.9858335114644211,89.63729368579178,73.897876037842,0.0,3.2629911196243904
8,P7,P7 / M8,7,spline,sample,1056,32,4,0,0.9973045991812901,43.27778149373575,29.828306452716344,0.0,0.4363607847692482
8,P7,P7 / M8,7,spline,sample,1070,32,5,3000,0.9912134848017704,69.0747840234575,57.56372002466145,0.0,1.587320514616425
8,P7,P7 / M8,7,spline,sample,1107,33,5,7000,0.9934058951386469,56.83083077799289,37.18094309999571,0.0,0.5544252022852217
8,P7,P7 / M8,7,spline,sample,1168,35,5,2000,0.9966793137198766,43.910897094342985,32.83602134702367,0.0,0.5715163699824415
8,P7,P7 / M8,7,spline,sample,1224,37,4,3000,0.9884455540194711,81.91965215112965,64.80966978674425,1.0,1.9322286816106484
8,P7,P7 / M8,7,spline,sample,1273,38,5,8000,0.9768203918682861,104.09047839178753,81.57030143738119,0.0,2.68475577936487
8,P7,P7 / M8,7,spline,sample,1296,39,4,9000,0.9917796276389278,67.50392860375999,49.52900287881862,0.0,0.764688071323689
8,P7,P7 / M8,7,spline,sample,1389,42,4,3000,0.9688396482410719,133.1691489417468,91.45654796492144,0.0,3.0334163123065085
8,P7,P7 / M8,7,spline,sample,1442,43,6,1000,0.9932484047061455,67.07181998154769,50.53912044786113,1.0,1.014424691097582
8,P7,P7 / M8,7,spline,sample,1467,44,5,4000,0.9801447783969534,100.58861856615894,72.91751205592652,0.0,1.6443988819706523
8,P7,P7 / M8,7,spline,sample,1576,47,6,3000,0.9913950645231406,73.67263438435167,53.0455864970051,0.0,1.8330292604477998
8,P7,P7 / M8,7,spline,sample,1632,49,5,4000,0.9912886885647159,65.96831365688475,51.651694227412015,1.0,1.4241232758502562
8,P7,P7 / M8,7,spline,sample,1736,52,5,9000,0.9795940716802888,94.12664200791795,64.54451706490563,0.0,0.6776471455057644
8,P7,P7 / M8,7,spline,sample,1867,56,5,8000,0.9833352462292004,85.5136106079332,62.24669021883065,0.0,1.7188707184651975
8,P7,P7 / M8,7,spline,sample,2061,62,5,4000,0.9871945921358469,84.2695796084179,58.613256404699435,0.0,1.1783018133990866
8,P7,P7 / M8,7,spline,sample,2192,66,5,3000,0.9834775971770929,96.29636239618226,70.14082066314748,0.0,0.8964481693688449
8,P7,P7 / M8,7,spline,sample,2237,67,6,4000,0.9692070672263483,135.02117594351944,99.11152551598194,0.0,3.134986272038416
8,P7,P7 / M8,7,spline,sample,2276,68,6,10000,0.9854237248788571,90.48670956174398,69.89491460303384,1.0,3.131640574978513
8,P7,P7 / M8,7,spline,sample,2296,69,5,8000,0.9871844651244042,76.64767231518466,53.59585290594094,0.0,0.9683405213144051
8,P7,P7 / M8,7,spline,sample,2319,70,4,9000,0.9952825654973321,54.16514169575128,39.34643894541297,0.0,1.060730839873077
8,P7,P7 / M8,7,spline,sample,2345,71,4,2000,0.9398137962821929,183.4006322113577,127.05904505175073,1.0,3.1800318196908535
8,P7,P7 / M8,7,spline,sample,2388,72,5,1000,0.9975171441957799,39.57747858140556,32.79418883511236,0.0,1.1951052704643286
8,P7,P7 / M8,7,spline,sample,2424,73,5,4000,0.9885324145446573,81.30981825137303,55.18286517552119,0.0,0.5171384188918555
8,P7,P7 / M8,7,spline,sample,2508,76,4,0,0.9920339270172991,73.60210682389305,58.1254680022099,0.0,1.5144498068903063
8,P7,P7 / M8,7,spline,sample,2546,77,4,5000,0.9808933994263132,106.7586599603076,85.77002413598164,1.0,2.660551148384709
8,P7,P7 / M8,7,spline,sample,2573,77,6,10000,0.9522879540874408,163.30254232129658,117.5374818999347,0.0,3.217477020990571
8,P7,P7 / M8,7,spline,sample,2692,81,5,8000,0.9924140451127536,59.36728365595702,40.045281460932415,0.0,0.9573955490145726
8,P7,P7 / M8,7,spline,sample,2711,82,4,5000,0.9921163859179379,69.37438748066468,52.34159856773562,1.0,1.4140939809054451
8,P7,P7 / M8,7,spline,sample,2720,82,5,3000,0.9816264209204063,99.16222960487656,80.77374140931725,0.0,2.2495659123146168
8,P7,P7 / M8,7,spline,sample,2747,83,4,8000,0.9950102102364347,53.668270862836074,43.5267757633788,0.0,1.240331422724313
8,P7,P7 / M8,7,spline,sample,2857,86,5,8000,0.9927666516690183,58.630022682462055,39.05175968520943,0.0,0.7360298713488156
8,P7,P7 / M8,7,spline,sample,2858,86,5,9000,0.9965804362625894,39.36858260182045,27.327733705909925,0.0,0.5791344331151483
8,P7,P7 / M8,7,spline,sample,3158,95,6,1000,0.9770704928608555,127.57855451556553,90.60018762760758,1.0,1.4281926530689777
8,P7,P7 / M8,7,spline,sample,3159,95,6,2000,0.9927426148601359,70.70991774583904,50.456866878948816,1.0,1.390423160047321
8,P7,P7 / M8,7,spline,sample,3236,98,4,2000,0.9960319635814459,51.55867068461476,37.74139661375393,0.0,1.1180295842088674
8,P7,P7 / M8,7,spline,sample,3266,98,6,10000,0.9867592884538516,88.83824285895614,60.726950219039054,0.0,0.8804838534946253
8,P7,P7 / M8,7,spline,sample,3331,100,6,9000,0.9891344726949436,82.53935885779522,52.32928420111072,0.0,0.4252319732283428
8,P7,P7 / M8,7,spline,sample,3332,100,6,10000,0.9816264475501735,105.0779240817225,74.59419200798112,1.0,1.5144783521902963
8,P7,P7 / M8,7,spline,sample,3337,101,4,4000,0.9948731332258315,53.67143360411865,41.11410809861628,0.0,1.974546205772417
8,P7,P7 / M8,7,spline,sample,3474,105,4,9000,0.9949390469770936,53.39229169553458,38.00348875175035,0.0,0.9400823722076098
8,P7,P7 / M8,7,spline,sample,3485,105,5,9000,0.9886954227781712,70.43200239725853,51.05785903193182,0.0,1.068037030564928
8,P7,P7 / M8,7,spline,sample,3492,105,6,5000,0.9844658344843563,102.56513961260451,73.73066681752925,1.0,1.0220519497304976
8,P7,P7 / M8,7,spline,sample,3500,106,4,2000,0.9845088339616979,97.56608806131058,71.11774387877401,0.0,1.8688125585735773
8,P7,P7 / M8,7,spline,sample,3514,106,5,5000,0.9860412668498256,85.35840796063955,63.03909078573648,1.0,0.7444216307016117
8,P7,P7 / M8,7,spline,sample,3519,106,5,10000,0.9794641858809584,94.575290960164,64.8960816871007,0.0,0.6108190820048283
8,P7,P7 / M8,7,spline,sample,3566,108,4,2000,0.9894425110512495,79.99910155526699,62.711012226495676,0.0,2.18712526778229
8,P7,P7 / M8,7,spline,sample,3751,113,6,0,0.9894542320145598,90.56521851951663,69.29358008122936,0.0,0.8790445119609012
8,P7,P7 / M8,7,spline,sample,3772,114,4,10000,0.9915480802529519,69.61563854467315,54.99471658248477,0.0,2.057728459765895
8,P7,P7 / M8,7,spline,sample,3805,115,4,10000,0.9954891546427593,51.66995673468272,33.38230589242258,0.0,0.19542666816935345
8,P7,P7 / M8,7,spline,sample,3828,116,4,0,0.9948517285908479,61.494708748296205,41.283504617584754,0.0,0.5925279848780928
8,P7,P7 / M8,7,spline,sample,3858,116,6,8000,0.9741807757659172,124.47274397531173,87.05590118969985,0.0,1.4652101268586544
8,P7,P7 / M8,7,spline,sample,3919,118,6,3000,0.9888500134665834,89.10703754324172,57.489718881751614,1.0,0.7356430832154212
8,P7,P7 / M8,7,spline,sample,4048,122,6,0,0.997178429392022,46.29727628634905,36.845367462311515,0.0,1.0154358384134856
8,P7,P7 / M8,7,spline,sample,4188,126,6,8000,0.982302404020473,102.78224833533794,62.92773196407551,0.0,1.8151347383637375
8,P7,P7 / M8,7,spline,sample,4189,126,6,9000,0.9746249234626075,127.68522961516216,94.87799699641414,1.0,1.3721704450080439
8,P7,P7 / M8,7,spline,sample,4193,127,4,2000,0.9835835024037043,99.81895326082586,81.82230811771723,0.0,2.549075045681679
8,P7,P7 / M8,7,spline,sample,4225,128,4,1000,0.9952694823987276,56.209311240739105,33.93810057872592,0.0,0.5356349283379044
8,P7,P7 / M8,7,spline,sample,4448,134,6,4000,0.9863246965563043,99.44868165530019,58.59366669809983,0.0,0.8372968520492167
8,P7,P7 / M8,7,spline,sample,4461,135,4,6000,0.9737307557369468,121.43433439106677,81.89936130835734,0.0,2.137679517608237
8,P7,P7 / M8,7,spline,sample,4524,137,4,3000,0.9945244320632897,59.00678212813848,37.689173934263344,0.0,0.5847209737027572
8,P7,P7 / M8,7,spline,sample,4565,138,5,0,0.9888992228407,85.04734102317451,60.748321363094206,0.0,3.047115986509814
8,P7,P7 / M8,7,spline,sample,4607,139,5,9000,0.9412131073948392,163.88097686648135,106.15591003560634,0.0,2.048170029856956
8,P7,P7 / M8,7,spline,sample,4647,140,6,5000,0.9881128176936469,87.81736299724804,67.43773124460976,0.0,2.1707980057678884
8,P7,P7 / M8,7,spline,sample,4717,142,6,9000,0.984772464191535,100.48288015639754,66.04415777734219,1.0,0.8062016088038696
8,P7,P7 / M8,7,spline,sample,4776,144,6,2000,0.9831835265407514,103.62834213234152,78.13558283075454,0.0,2.288433813916697
8,P7,P7 / M8,7,spline,sample,4792,145,4,7000,0.9858217365527961,88.87964983675856,69.35181427392509,1.0,2.9732576693966735
8,P7,P7 / M8,7,spline,sample,4826,146,4,8000,0.9845491450038125,98.50172977601255,64.9712053861292,0.0,0.8003715181265043
8,P7,P7 / M8,7,spline,sample,4849,146,6,9000,0.9772522070359744,111.72484114712239,81.80109156494227,1.0,2.700227661269758
8,P7,P7 / M8,7,spline,sample,4869,147,5,7000,0.922297450158316,181.08716558031685,112.32368807972564,0.0,3.0136358818841
8,P7,P7 / M8,7,spline,sample,4877,147,6,4000,0.9913306936791727,75.2597738171836,43.99628820149465,0.0,0.6824288300795428
8,P7,P7 / M8,7,spline,sample,4929,149,5,1000,0.9859633110070578,91.94348152488695,66.44398137936076,0.0,1.2977663293566435
8,P7,P7 / M8,7,spline,sample,4949,149,6,10000,0.9445083435402413,179.69569341941417,114.87262527370707,0.0,2.1156364842545345
8,P7,P7 / M8,7,spline,sample,5043,152,6,5000,0.9849350600569541,98.9188784509642,78.19558398144561,0.0,2.0150981741631013
8,P7,P7 / M8,7,spline,sample,5101,154,5,8000,0.9823028323303085,91.02155146389177,72.14813302262463,0.0,1.956555511789252
8,P7,P7 / M8,7,spline,sample,5112,154,6,8000,0.9870482748605662,93.42689531827048,63.29546155853443,0.0,0.7091385184653238
8,P7,P7 / M8,7,spline,sample,5144,155,6,7000,0.9936701595387334,64.9607542426344,47.95967732114827,0.0,0.7119744365499854
8,P7,P7 / M8,7,spline,sample,5316,161,4,3000,0.9887391798606868,83.22168252701238,69.38204270588417,0.0,2.9920779499090555
8,P7,P7 / M8,7,spline,sample,5381,163,4,2000,0.9970948684646037,44.087061850967444,29.306937188838855,0.0,0.5775727493580949
8,P7,P7 / M8,7,spline,sample,5384,163,4,5000,0.9973838950753913,41.384923312139584,30.426410501581884,0.0,0.6266500525694998
8,P7,P7 / M8,7,spline,sample,5414,164,4,2000,0.9907245390001153,78.74923414029493,50.345515702915286,0.0,0.5318964461351212
8,P7,P7 / M8,7,spline,sample,5534,167,6,1000,0.9893241006957088,86.20638945911483,54.949114046786875,0.0,0.8877021462034164
8,P7,P7 / M8,7,spline,sample,5617,170,4,7000,0.9780092978743766,110.57535811951065,84.83069603363701,0.0,2.708245323207259
8,P7,P7 / M8,7,spline,sample,5658,171,5,4000,0.9970793043143562,40.608143653709796,28.629746948034295,0.0,0.8124923481581448
8,P7,P7 / M8,7,spline,sample,5694,172,5,7000,0.9933559491049209,58.91410288818672,40.45046593297829,0.0,0.8292756972718324
8,P7,P7 / M8,7,spline,sample,5816,176,4,8000,0.989573688610515,78.8976314975701,43.93896448422598,0.0,0.5062587928954566
8,P7,P7 / M8,7,spline,sample,5841,177,4,0,0.9864167538345187,92.94460425440728,70.40614380751464,0.0,2.1735230814534527
8,P7,P7 / M8,7,spline,sample,5843,177,4,2000,0.987504624226777,90.09130354937786,68.14672909698999,1.0,0.7198658965180587
8,P7,P7 / M8,7,spline,sample,5858,177,5,6000,0.9931181823595333,59.208051291081624,36.35619414206321,0.0,0.504413749261809
8,P7,P7 / M8,7,spline,sample,5887,178,5,2000,0.9931705869656645,63.52433082497364,45.94594636730358,0.0,0.7541982971754907
8,P7,P7 / M8,7,spline,sample,6248,189,5,0,0.9947825436592074,58.12974759105908,49.3033461618468,0.0,1.4667636266441588
8,P7,P7 / M8,7,spline,sample,6299,190,6,7000,0.9770020633038659,123.97094599795903,73.31286425196701,1.0,0.38042707685856136
8,P7,P7 / M8,7,spline,sample,6359,192,6,1000,0.9915452766647229,78.08223110414987,52.93761821361928,0.0,1.075130148386251
8,P7,P7 / M8,7,spline,sample,6407,194,4,5000,0.9842953755200381,98.2726894152691,56.045231055280574,0.0,0.4265862005459927
8,P7,P7 / M8,7,spline,sample,6425,194,6,1000,0.9865333693137553,93.46364637531052,74.5994633823452,1.0,1.5997990616167903
8,P7,P7 / M8,7,spline,sample,6466,195,6,9000,0.9913060825477328,74.41661049158628,47.61825928727192,1.0,0.7051778922783727
8,P7,P7 / M8,7,spline,sample,6743,204,5,0,0.9909963549248362,78.14424683962196,54.43225677044878,0.0,0.48160480596727173
8,P7,P7 / M8,7,spline,sample,6752,204,5,9000,0.9957195923873219,43.815788152477396,35.72720037331326,0.0,0.817899988430317
8,P7,P7 / M8,7,spline,sample,6762,204,6,8000,0.9715444593801384,130.65603871755928,84.66915929548406,1.0,0.7816003296540084
8,P7,P7 / M8,7,spline,sample,6839,207,4,8000,0.9940976433774198,60.0155781222003,42.92596977946507,0.0,0.915834516445862
8,P7,P7 / M8,7,spline,sample,6878,208,5,3000,0.99564974933404,49.10927020631188,31.962233005787027,0.0,0.812177488613248
8,P7,P7 / M8,7,spline,sample,6970,211,4,7000,0.9953515493687037,52.6098620390436,35.17310803344199,0.0,0.36894576229494513
8,P7,P7 / M8,7,spline,sample,6983,211,5,9000,0.997389611315528,35.40646719063167,26.436748156313694,0.0,0.7248856974871349
8,P7,P7 / M8,7,spline,sample,6987,211,6,2000,0.989958673038979,81.40140974649934,52.90660234318134,0.0,0.7249289101775215
8,P7,P7 / M8,7,spline,sample,7035,213,4,6000,0.9812216763621432,102.71727374710403,73.15142929101157,0.0,1.3396646059410848
8,P7,P7 / M8,7,spline,sample,7063,214,4,1000,0.9907613377878621,81.60411747954925,53.3898543705345,0.0,0.3148434154681438
8,P7,P7 / M8,7,spline,sample,7090,214,6,6000,0.9945229006798371,61.18312227439364,43.73159214688845,0.0,0.5778044443416288
8,P7,P7 / M8,7,spline,sample,7141,216,5,2000,0.987638648138908,84.45381206404662,66.49615152898289,1.0,1.2590737734775468
8,P7,P7 / M8,7,spline,sample,7214,218,5,9000,0.9952695430180841,46.850961786166096,31.21696194167682,0.0,0.798359792729495
8,P7,P7 / M8,7,spline,sample,7257,219,6,8000,0.994686015667367,58.0371556608076,39.54155274379969,0.0,0.7054404468093093
8,P7,P7 / M8,7,spline,sample,7309,221,5,5000,0.9838420006024347,89.44648936401036,63.23908639358055,1.0,0.9265863004474894
8,P7,P7 / M8,7,spline,sample,7333,222,4,7000,0.9874878157624307,85.70785440805703,48.33531480204867,1.0,0.33224438989181587
8,P7,P7 / M8,7,spline,sample,7411,224,5,8000,0.9621203459723575,130.16951414351243,79.89385903685091,0.0,1.206144442295253
8,P7,P7 / M8,7,spline,sample,7422,224,6,8000,0.9777848297664512,118.08825113612455,64.86050386459902,0.0,0.30827189886540374
8,P7,P7 / M8,7,spline,sample,7439,225,5,3000,0.9957478530301405,48.06937166942076,37.864528619828064,0.0,1.2209452671580576
8,P7,P7 / M8,7,spline,sample,7451,225,6,4000,0.993471573942981,64.5122143574189,50.85308860293463,1.0,0.9706100893671433
8,P7,P7 / M8,7,spline,sample,7578,229,5,10000,0.9967646839302274,37.85106897787022,22.7505320237313,1.0,0.44175642311122715
8,P7,P7 / M8,7,spline,sample,7764,235,4,9000,0.9849091421346718,91.43495272176911,62.071930923573554,0.0,1.4146319027150134
8,P7,P7 / M8,7,spline,sample,7785,235,6,8000,0.9921202897084355,71.87984319459417,46.72795650160101,0.0,0.3937596045426007
8,P7,P7 / M8,7,spline,sample,7869,238,5,4000,0.9810136014410527,103.12265799678723,79.11209846227555,1.0,1.5377410006933097
8,P7,P7 / M8,7,spline,sample,7884,238,6,8000,0.9866075711313635,93.45616467014521,72.7094683472046,0.0,1.6271178517758256
8,P7,P7 / M8,7,spline,sample,7923,240,4,3000,0.9931482441769856,67.5838281236359,43.090067077083525,0.0,0.5244039196853526
8,P7,P7 / M8,7,spline,sample,7931,240,5,0,0.9960875819335147,51.49557344256305,39.9409457593419,0.0,0.48415742121101446
8,P7,P7 / M8,7,spline,sample,7948,240,6,6000,0.9927511752735312,68.29116779928488,55.582333890233464,0.0,1.7412775192839507
8,P7,P7 / M8,7,spline,sample,7971,241,5,7000,0.9932806314539749,56.45626769016362,43.24615917353487,0.0,1.0184800456861065
8,P7,P7 / M8,7,spline,sample,8015,242,6,7000,0.9541088344370176,165.16992558069774,112.8364476818265,0.0,1.6173203171623634
8,P7,P7 / M8,7,spline,sample,8259,250,4,9000,0.9947300873110221,55.79465909039886,42.9114928438705,0.0,1.7558653277664313
8,P7,P7 / M8,7,spline,sample,8325,252,4,9000,0.8863103950958323,265.312909173476,156.191295883487,0.0,1.7913261607244928
8,P7,P7 / M8,7,spline,sample,8330,252,5,3000,0.9749977841289363,127.40547924565628,92.27163703179933,0.0,1.8065879277221983
8,P7,P7 / M8,7,spline,sample,8407,254,6,3000,0.9841858139673589,110.71886367162715,81.11145288169294,0.0,1.8764237938338648
8,P7,P7 / M8,7,spline,sample,8441,255,6,4000,0.9778997040018097,121.1356976626156,99.40220513670353,0.0,2.1540119179750987
8,P7,P7 / M8,7,source_pretrained_mlp,sample,33,1,4,0,0.8928869646794159,251.52739903829075,117.10290700655717,1.0,1.0591060330746465
8,P7,P7 / M8,7,source_pretrained_mlp,sample,34,1,4,1000,-2.1306303341336696,1358.6812835330377,554.3409270287458,3.0,0.46463983721255897
8,P7,P7 / M8,7,source_pretrained_mlp,sample,107,3,4,8000,0.991840649437602,65.43151011216705,34.24443739036034,1.0,0.5936790790979751
8,P7,P7 / M8,7,source_pretrained_mlp,sample,117,3,5,7000,-16.31678109221922,2744.6682643614618,823.0825395199561,13.0,1.5107364664618803
8,P7,P7 / M8,7,source_pretrained_mlp,sample,166,5,4,1000,0.10328350635792294,714.0074186002674,381.13134598731995,2.0,10.398184680306882
8,P7,P7 / M8,7,source_pretrained_mlp,sample,279,8,5,4000,0.9786876997889697,104.3479349645185,68.34169034300179,1.0,0.8120040491030128
8,P7,P7 / M8,7,source_pretrained_mlp,sample,281,8,5,6000,0.9846244899058416,84.77111648229182,55.03361512081964,1.0,0.39200333542771537
8,P7,P7 / M8,7,source_pretrained_mlp,sample,363,11,4,0,0.9896483435804679,82.41854529348592,51.42761326022446,1.0,0.13253419644348266
8,P7,P7 / M8,7,source_pretrained_mlp,sample,389,11,6,4000,0.9939236554673248,61.57178200816002,37.689765961170195,0.0,0.13038885197880518
8,P7,P7 / M8,7,source_pretrained_mlp,sample,423,12,6,5000,0.9464449654552629,178.234483701358,117.26492113113403,1.0,1.32865439246548
8,P7,P7 / M8,7,source_pretrained_mlp,sample,621,18,6,5000,0.9925656291969766,69.52003705368035,51.11261593211781,0.0,0.49093910886865194
8,P7,P7 / M8,7,source_pretrained_mlp,sample,642,19,5,4000,0.9893526671144336,74.70120728870366,48.98388681241444,1.0,0.1992734807705029
8,P7,P7 / M8,7,source_pretrained_mlp,sample,694,21,4,1000,0.9918082020397547,74.2970967443139,49.890353424208506,0.0,0.368392645084867
8,P7,P7 / M8,7,source_pretrained_mlp,sample,695,21,4,2000,0.9970738912870519,42.97154143081764,28.441237532175503,0.0,0.3732556930157254
8,P7,P7 / M8,7,source_pretrained_mlp,sample,782,23,6,1000,0.9720037097740897,141.15645062178348,92.85865635620921,1.0,0.20324568615958807
8,P7,P7 / M8,7,source_pretrained_mlp,sample,881,26,6,1000,0.9783117352142154,120.93131523938304,80.58079125570214,1.0,0.2116363239285289
8,P7,P7 / M8,7,source_pretrained_mlp,sample,990,30,4,0,0.1570438715773541,736.2220413877546,208.40709616587714,12.0,0.3408499744764373
8,P7,P7 / M8,7,source_pretrained_mlp,sample,997,30,4,7000,0.9876841922268319,84.56145132853169,54.27019412318865,0.0,0.3526370744345621
8,P7,P7 / M8,7,source_pretrained_mlp,sample,1035,31,5,1000,0.9659824475360899,141.13564852429727,69.84998664489159,0.0,0.16928664420212877
8,P7,P7 / M8,7,source_pretrained_mlp,sample,1054,31,6,9000,-1791.921004251653,31888.802164453115,7345.755778842502,12.0,31.449009600055245
8,P7,P7 / M8,7,source_pretrained_mlp,sample,1056,32,4,0,0.9951020929358605,58.338946470873665,34.547901186076075,0.0,0.12880249223330303
8,P7,P7 / M8,7,source_pretrained_mlp,sample,1070,32,5,3000,0.9856901632063372,88.15126393024605,48.709740267859566,1.0,0.3424374849272968
8,P7,P7 / M8,7,source_pretrained_mlp,sample,1107,33,5,7000,0.9639850208802506,132.81516431074348,90.3897495093169,0.0,3.981587117046909
8,P7,P7 / M8,7,source_pretrained_mlp,sample,1168,35,5,2000,-51.536325085576784,5523.167716143717,1212.681485671997,10.0,0.4940630293936899
8,P7,P7 / M8,7,source_pretrained_mlp,sample,1224,37,4,3000,0.9972629322758527,39.87092469133382,26.03606191048255,1.0,0.5778632406317763
8,P7,P7 / M8,7,source_pretrained_mlp,sample,1273,38,5,8000,0.9528396621089057,148.4726341604177,76.60576311062123,1.0,0.9731297275398333
8,P7,P7 / M8,7,source_pretrained_mlp,sample,1296,39,4,9000,-230.2625126562717,11322.332993424949,2248.491053846147,10.0,0.10563150201103334
8,P7,P7 / M8,7,source_pretrained_mlp,sample,1389,42,4,3000,0.9262483022445015,204.87476080451472,107.41829279450079,1.0,0.4408780384532178
8,P7,P7 / M8,7,source_pretrained_mlp,sample,1442,43,6,1000,0.9927488338263623,69.508964553566,50.67068918546041,1.0,1.1516893250760378
8,P7,P7 / M8,7,source_pretrained_mlp,sample,1467,44,5,4000,0.9808812250450875,98.70553461875429,57.81279811520001,0.0,0.4020155654729978
8,P7,P7 / M8,7,source_pretrained_mlp,sample,1576,47,6,3000,0.9896767067923281,80.6940516279609,50.19110845143978,0.0,0.09308325044946901
8,P7,P7 / M8,7,source_pretrained_mlp,sample,1632,49,5,4000,0.9744421499367542,112.99410100781667,62.34229372143746,1.0,0.3575761705422623
8,P7,P7 / M8,7,source_pretrained_mlp,sample,1736,52,5,9000,0.9091583759747494,198.5988968851397,111.59591002774735,2.0,0.17909022221999285
8,P7,P7 / M8,7,source_pretrained_mlp,sample,1867,56,5,8000,-5.0152620663648655,1624.6621762168663,492.0189761884751,13.0,0.172614398999108
8,P7,P7 / M8,7,source_pretrained_mlp,sample,2061,62,5,4000,0.970123042945889,128.71889443035616,82.75687026023864,0.0,0.531991396092024
8,P7,P7 / M8,7,source_pretrained_mlp,sample,2192,66,5,3000,0.9774626795011367,112.46682091848012,68.37078734397888,1.0,0.46387700658873493
8,P7,P7 / M8,7,source_pretrained_mlp,sample,2237,67,6,4000,0.9887032373788393,81.78117775506927,49.49456411820871,1.0,0.13351385041596747
8,P7,P7 / M8,7,source_pretrained_mlp,sample,2276,68,6,10000,0.9702303294557317,129.31488910103724,67.26733573845455,1.0,0.6356788225253223
8,P7,P7 / M8,7,source_pretrained_mlp,sample,2296,69,5,8000,-4124.393187333968,43487.383226177495,11727.515732680049,13.0,0.0991570912656282
8,P7,P7 / M8,7,source_pretrained_mlp,sample,2319,70,4,9000,0.9835312032196125,101.20404692323841,54.53872430801392,1.0,0.41914647725727705
8,P7,P7 / M8,7,source_pretrained_mlp,sample,2345,71,4,2000,0.989059631964436,78.19307978808091,45.942631195982294,1.0,0.2841170148053162
8,P7,P7 / M8,7,source_pretrained_mlp,sample,2388,72,5,1000,0.9941115972126751,60.949637694310866,42.81272294123968,0.0,2.2529888921397285
8,P7,P7 / M8,7,source_pretrained_mlp,sample,2424,73,5,4000,0.9447034281826661,178.54845702892337,83.45566253228621,0.0,0.5437540771513946
8,P7,P7 / M8,7,source_pretrained_mlp,sample,2508,76,4,0,0.9870326249318191,93.90617297057699,62.810283806013025,1.0,0.4944311890581736
8,P7,P7 / M8,7,source_pretrained_mlp,sample,2546,77,4,5000,0.9889986218558323,81.00931275896357,50.021296299022175,1.0,1.0169783079135417
8,P7,P7 / M8,7,source_pretrained_mlp,sample,2573,77,6,10000,0.9895184960747178,76.54039986840758,43.807639920711516,0.0,0.6398997522987212
8,P7,P7 / M8,7,source_pretrained_mlp,sample,2692,81,5,8000,-2190.3650444489226,31907.9876512589,6319.272670619763,12.0,0.5295981140356423
8,P7,P7 / M8,7,source_pretrained_mlp,sample,2711,82,4,5000,0.9892804234574744,80.89567408368073,52.085707227389015,1.0,1.9245523426670308
8,P7,P7 / M8,7,source_pretrained_mlp,sample,2720,82,5,3000,0.9626478007993268,141.38635233197064,93.5954562150515,0.0,0.9265083401343716
8,P7,P7 / M8,7,source_pretrained_mlp,sample,2747,83,4,8000,0.38096753854039844,597.7687273617091,316.9497468812125,1.0,0.13229268890086998
8,P7,P7 / M8,7,source_pretrained_mlp,sample,2857,86,5,8000,-1.6809912683537003,1128.7508027245212,421.530870490604,8.0,0.3611783757742035
8,P7,P7 / M8,7,source_pretrained_mlp,sample,2858,86,5,9000,-5.284678984118763,1687.7416855140852,489.49357057841763,8.0,0.292856856290773
8,P7,P7 / M8,7,source_pretrained_mlp,sample,3158,95,6,1000,0.8987560486506898,268.0802751235195,157.58491059353477,1.0,1.0578896880398418
8,P7,P7 / M8,7,source_pretrained_mlp,sample,3159,95,6,2000,0.9931383578146924,68.75499899193552,38.695281963348386,1.0,0.8506583721824813
8,P7,P7 / M8,7,source_pretrained_mlp,sample,3236,98,4,2000,0.9678118865979122,146.84584011524709,81.15085036858268,0.0,0.08551487757541262
8,P7,P7 / M8,7,source_pretrained_mlp,sample,3266,98,6,10000,0.9818555912759834,103.99577792986564,62.588242347423844,0.0,0.1044327300241685
8,P7,P7 / M8,7,source_pretrained_mlp,sample,3331,100,6,9000,0.9805596069399265,110.4048642528509,65.21500266116598,1.0,0.424682083989468
8,P7,P7 / M8,7,source_pretrained_mlp,sample,3332,100,6,10000,0.8376583497422553,312.3416468007376,174.38588577967423,2.0,0.5610182876623624
8,P7,P7 / M8,7,source_pretrained_mlp,sample,3337,101,4,4000,0.9800368811285514,105.90863632835327,56.59827573299408,1.0,0.3863859146394829
8,P7,P7 / M8,7,source_pretrained_mlp,sample,3474,105,4,9000,0.9945372803930139,55.47111092739835,32.41617300308177,0.0,0.18184982070371133
8,P7,P7 / M8,7,source_pretrained_mlp,sample,3485,105,5,9000,0.9735494340449425,107.73587858843321,57.267384890852306,0.0,0.27366057487949325
8,P7,P7 / M8,7,source_pretrained_mlp,sample,3492,105,6,5000,0.9828730642692569,107.69502599568484,64.51438490910964,0.0,1.3235257827113973
8,P7,P7 / M8,7,source_pretrained_mlp,sample,3500,106,4,2000,0.9245576485054441,215.31012152973446,91.67906823328563,0.0,0.1508498747588937
8,P7,P7 / M8,7,source_pretrained_mlp,sample,3514,106,5,5000,0.9455633859472602,168.5655632564806,100.37030400276184,1.0,0.5141974437560554
8,P7,P7 / M8,7,source_pretrained_mlp,sample,3519,106,5,10000,0.9475181604013057,151.19110757204237,91.1519164272717,0.0,0.4298608369325863
8,P7,P7 / M8,7,source_pretrained_mlp,sample,3566,108,4,2000,0.9682874603296218,138.65013717932504,70.78501576185226,0.0,0.4747042086300722
8,P7,P7 / M8,7,source_pretrained_mlp,sample,3751,113,6,0,0.986488675573773,102.51119453348763,66.48455301084016,1.0,0.7747686084241857
8,P7,P7 / M8,7,source_pretrained_mlp,sample,3772,114,4,10000,0.9677261093042882,136.03629354408866,73.92339456932885,0.0,0.4785984221612465
8,P7,P7 / M8,7,source_pretrained_mlp,sample,3805,115,4,10000,0.9965140216457141,45.42254581093047,25.72955338542278,1.0,0.10361008848911878
8,P7,P7 / M8,7,source_pretrained_mlp,sample,3828,116,4,0,0.9907260209588267,82.53536702503452,43.96729230880737,0.0,0.24555143772027457
8,P7,P7 / M8,7,source_pretrained_mlp,sample,3858,116,6,8000,0.9839774392591089,98.05474898811309,58.19086542954812,1.0,0.06670962561445379
8,P7,P7 / M8,7,source_pretrained_mlp,sample,3919,118,6,3000,0.9871636691573065,95.60823149120458,60.73588502974737,1.0,0.17070285241501193
8,P7,P7 / M8,7,source_pretrained_mlp,sample,4048,122,6,0,0.9960231007471559,54.96449916136157,34.856744243577126,0.0,0.21052899763205357
8,P7,P7 / M8,7,source_pretrained_mlp,sample,4188,126,6,8000,-0.31007398924411445,884.3188600564339,207.7412131185885,7.0,52.19091341248233
8,P7,P7 / M8,7,source_pretrained_mlp,sample,4189,126,6,9000,0.9741796124214622,128.80074049907813,80.87795278004238,2.0,0.3351125492784709
8,P7,P7 / M8,7,source_pretrained_mlp,sample,4193,127,4,2000,0.9864662065553397,90.63220155844883,44.36583578109741,1.0,0.24425657993369113
8,P7,P7 / M8,7,source_pretrained_mlp,sample,4225,128,4,1000,0.9945667611587954,60.23977356103993,36.82209751916968,1.0,0.1360132707513047
8,P7,P7 / M8,7,source_pretrained_mlp,sample,4448,134,6,4000,0.9825200535494454,112.43475899342849,64.35972289605574,0.0,0.30128586029051685
8,P7,P7 / M8,7,source_pretrained_mlp,sample,4461,135,4,6000,0.9821278488292275,100.1627228304216,62.4441876411438,1.0,0.7900385105205313
8,P7,P7 / M8,7,source_pretrained_mlp,sample,4524,137,4,3000,0.9871540366017695,90.37965636612525,55.55928454796473,0.0,0.27208949488935713
8,P7,P7 / M8,7,source_pretrained_mlp,sample,4565,138,5,0,0.9517241922694157,177.3571993770989,100.31865972739,1.0,2.0073456916583434
8,P7,P7 / M8,7,source_pretrained_mlp,sample,4607,139,5,9000,0.9210897369893869,189.8694258848633,104.19254888642219,2.0,1.3710361705202085
8,P7,P7 / M8,7,source_pretrained_mlp,sample,4647,140,6,5000,0.9932483104860448,66.18310851751056,32.864686806996666,0.0,0.2330835383523631
8,P7,P7 / M8,7,source_pretrained_mlp,sample,4717,142,6,9000,0.9773807606537791,122.46620445931484,75.29710957407951,2.0,0.20107851261338333
8,P7,P7 / M8,7,source_pretrained_mlp,sample,4776,144,6,2000,0.9761460128720115,123.42171517759517,67.06876180648804,1.0,0.333381128406997
8,P7,P7 / M8,7,source_pretrained_mlp,sample,4792,145,4,7000,0.9923431797017241,65.31531735166003,34.98778950373332,0.0,0.27057952591128837
8,P7,P7 / M8,7,source_pretrained_mlp,sample,4826,146,4,8000,0.9803746830438822,111.0135366412666,62.88357066071552,0.0,0.09823192167251912
8,P7,P7 / M8,7,source_pretrained_mlp,sample,4849,146,6,9000,0.972467068969773,122.91541047476792,64.40949846431613,1.0,0.7091841068425102
8,P7,P7 / M8,7,source_pretrained_mlp,sample,4869,147,5,7000,0.9195607219712585,184.2485665765649,93.98955843789237,2.0,0.21923864817696523
8,P7,P7 / M8,7,source_pretrained_mlp,sample,4877,147,6,4000,0.9897033314929903,82.0198744366457,45.06573015993292,0.0,0.1521134730892571
8,P7,P7 / M8,7,source_pretrained_mlp,sample,4929,149,5,1000,0.9848702743977787,95.45619782942642,50.63226922658774,1.0,0.15125218811615057
8,P7,P7 / M8,7,source_pretrained_mlp,sample,4949,149,6,10000,0.9731089582388762,125.09145327218833,75.64551214235169,0.0,0.49171818807119577
8,P7,P7 / M8,7,source_pretrained_mlp,sample,5043,152,6,5000,0.9211872201589328,226.25271756428526,128.18015577242926,2.0,0.14857406537513823
8,P7,P7 / M8,7,source_pretrained_mlp,sample,5101,154,5,8000,0.9723864907093308,113.69808564358888,73.68906655311585,1.0,0.7008203750621244
8,P7,P7 / M8,7,source_pretrained_mlp,sample,5112,154,6,8000,0.9662528328338488,150.8088293422388,88.0249551690143,0.0,0.29168833032913316
8,P7,P7 / M8,7,source_pretrained_mlp,sample,5144,155,6,7000,0.9917882573431525,73.98988325941237,38.250186962925866,1.0,0.17299909809136857
8,P7,P7 / M8,7,source_pretrained_mlp,sample,5316,161,4,3000,0.9848146228722011,96.64163569987767,50.09581045921032,1.0,0.19961774219804096
8,P7,P7 / M8,7,source_pretrained_mlp,sample,5381,163,4,2000,0.9887752812947946,86.65946216645405,49.94503359993299,0.0,0.8462775333612421
8,P7,P7 / M8,7,source_pretrained_mlp,sample,5384,163,4,5000,0.9839428284998305,102.52956116597875,72.08518505096436,0.0,3.369425986720457
8,P7,P7 / M8,7,source_pretrained_mlp,sample,5414,164,4,2000,0.9805907815669411,113.91544494317519,74.8069960280605,0.0,0.20713306592910324
8,P7,P7 / M8,7,source_pretrained_mlp,sample,5534,167,6,1000,0.9675941680533772,150.192694744158,91.4703059877668,1.0,0.15535419306959586
8,P7,P7 / M8,7,source_pretrained_mlp,sample,5617,170,4,7000,0.9715458528895411,125.78000073152161,75.73050768375397,1.0,0.26085127559152405
8,P7,P7 / M8,7,source_pretrained_mlp,sample,5658,171,5,4000,0.9795984195772164,107.32524486850761,79.96204814314842,0.0,1.8945848340152383
8,P7,P7 / M8,7,source_pretrained_mlp,sample,5694,172,5,7000,0.9672747778100658,130.75072194572434,90.50661135673523,1.0,3.043030547476581
8,P7,P7 / M8,7,source_pretrained_mlp,sample,5816,176,4,8000,0.9863445944760042,90.29234268901375,64.64066474636395,0.0,1.4378872058021461
8,P7,P7 / M8,7,source_pretrained_mlp,sample,5841,177,4,0,0.35477439526653853,640.5871072034809,236.47869124320837,9.0,0.30523419050213774
8,P7,P7 / M8,7,source_pretrained_mlp,sample,5843,177,4,2000,0.996078607086535,50.46942886627595,30.921054508375086,1.0,0.12265281813495915
8,P7,P7 / M8,7,source_pretrained_mlp,sample,5858,177,5,6000,0.9797868839301334,101.47190698853403,68.21343624591827,0.0,0.26637001705473434
8,P7,P7 / M8,7,source_pretrained_mlp,sample,5887,178,5,2000,0.9875289433516649,85.84204105705585,49.30819625439851,1.0,0.4235819262541633
8,P7,P7 / M8,7,source_pretrained_mlp,sample,6248,189,5,0,0.9931776413108921,66.47162560425943,44.26393287078194,0.0,1.1619236689965626
8,P7,P7 / M8,7,source_pretrained_mlp,sample,6299,190,6,7000,0.9684502384300584,145.20230777553093,71.75230679512023,0.0,0.14901265817486659
8,P7,P7 / M8,7,source_pretrained_mlp,sample,6359,192,6,1000,0.9817282323865085,114.78702375482418,80.37501106262206,0.0,0.8784850053346821
8,P7,P7 / M8,7,source_pretrained_mlp,sample,6407,194,4,5000,0.8974337734168285,251.1431009955102,143.94204154881564,1.0,11.190351431546107
8,P7,P7 / M8,7,source_pretrained_mlp,sample,6425,194,6,1000,0.9143707207792533,235.68090094286094,156.9592182295663,1.0,0.628632816405234
8,P7,P7 / M8,7,source_pretrained_mlp,sample,6466,195,6,9000,0.990508624892549,77.75470850332987,46.11403905351957,1.0,0.7751021145871695
8,P7,P7 / M8,7,source_pretrained_mlp,sample,6743,204,5,0,0.9877516486661972,91.14369772035069,54.59517105420431,0.0,0.2790872383886568
8,P7,P7 / M8,7,source_pretrained_mlp,sample,6752,204,5,9000,0.9912854351241491,62.51884094730584,37.981566097055165,0.0,0.5548843683711212
8,P7,P7 / M8,7,source_pretrained_mlp,sample,6762,204,6,8000,-0.1780980733496249,840.6917571986827,376.8057841161887,3.0,0.7957099377749056
8,P7,P7 / M8,7,source_pretrained_mlp,sample,6839,207,4,8000,0.9615953718001318,153.08867118065675,85.4731718193401,2.0,0.6920781258396278
8,P7,P7 / M8,7,source_pretrained_mlp,sample,6878,208,5,3000,0.7438617593901793,376.8283339786061,242.8558211326599,1.0,3.8463936630250464
8,P7,P7 / M8,7,source_pretrained_mlp,sample,6970,211,4,7000,0.9353651585082794,196.1762350875488,122.74959508577983,1.0,0.16259146682398085
8,P7,P7 / M8,7,source_pretrained_mlp,sample,6983,211,5,9000,0.9568697587128749,143.9199337381049,83.7143981854121,1.0,0.4509611716071796
8,P7,P7 / M8,7,source_pretrained_mlp,sample,6987,211,6,2000,0.9875849849961936,90.5127992489646,51.4518287907476,0.0,0.24496045037577466
8,P7,P7 / M8,7,source_pretrained_mlp,sample,7035,213,4,6000,0.7869124512755492,346.0143505292276,159.2186673624175,0.0,3.0863194377502525
8,P7,P7 / M8,7,source_pretrained_mlp,sample,7063,214,4,1000,0.7707837468102908,406.47162406298344,194.73182802200319,1.0,19.867214855031595
8,P7,P7 / M8,7,source_pretrained_mlp,sample,7090,214,6,6000,0.555666119026779,551.0754231014238,254.2925305536815,0.0,1.0747242362840383
8,P7,P7 / M8,7,source_pretrained_mlp,sample,7141,216,5,2000,0.9460297011304072,176.4670739873765,106.22104122241338,1.0,0.2734554405823593
8,P7,P7 / M8,7,source_pretrained_mlp,sample,7214,218,5,9000,0.9646516210821351,128.07126905627902,79.55600315332413,1.0,0.23908448911281419
8,P7,P7 / M8,7,source_pretrained_mlp,sample,7257,219,6,8000,0.9951736391352438,55.31028299625099,33.566247062249616,0.0,0.4402638940829661
8,P7,P7 / M8,7,source_pretrained_mlp,sample,7309,221,5,5000,0.8714317350427624,252.3111235923658,139.9922267486309,3.0,3.92890513913948
8,P7,P7 / M8,7,source_pretrained_mlp,sample,7333,222,4,7000,0.26734753294921687,655.8478000103845,300.6203866004944,3.0,0.6531373232513266
8,P7,P7 / M8,7,source_pretrained_mlp,sample,7411,224,5,8000,0.9657750456948463,123.73077137744664,72.8777277810233,0.0,0.10749793483656096
8,P7,P7 / M8,7,source_pretrained_mlp,sample,7422,224,6,8000,0.8897599110129533,263.05807978401634,125.72164136713201,2.0,0.1973844670131394
8,P7,P7 / M8,7,source_pretrained_mlp,sample,7439,225,5,3000,0.7081716555594076,398.22456595650453,244.0710984071096,1.0,3.5077395120696164
8,P7,P7 / M8,7,source_pretrained_mlp,sample,7451,225,6,4000,0.7632579703190732,388.48601351867984,218.7379184494848,2.0,0.39862383756631137
8,P7,P7 / M8,7,source_pretrained_mlp,sample,7578,229,5,10000,0.1526093282747213,612.5783323522738,318.36488311866236,3.0,1.4306337123641333
8,P7,P7 / M8,7,source_pretrained_mlp,sample,7764,235,4,9000,0.9475946868679478,170.38954393563057,81.25893124086517,1.0,0.11142075218419299
8,P7,P7 / M8,7,source_pretrained_mlp,sample,7785,235,6,8000,0.9416597060432216,195.58534136531625,90.55960023921469,2.0,0.14719051618822573
8,P7,P7 / M8,7,source_pretrained_mlp,sample,7869,238,5,4000,-0.11254779932784231,789.3909468099039,478.94836631774905,2.0,21.874270944059283
8,P7,P7 / M8,7,source_pretrained_mlp,sample,7884,238,6,8000,0.9618428842120671,157.74879478951812,89.38992364510246,1.0,0.2527422110697866
8,P7,P7 / M8,7,source_pretrained_mlp,sample,7923,240,4,3000,0.993685542682428,64.87985415177755,46.02204077894037,0.0,0.4685504547508097
8,P7,P7 / M8,7,source_pretrained_mlp,sample,7931,240,5,0,-1.0466076526119696,1177.781064333057,464.9919370360996,9.0,0.9971024789803906
8,P7,P7 / M8,7,source_pretrained_mlp,sample,7948,240,6,6000,0.9039006431473064,248.65144104953825,127.91228734928629,0.0,2.017270132977802
8,P7,P7 / M8,7,source_pretrained_mlp,sample,7971,241,5,7000,0.420586736881298,524.2544780050264,282.3064461517334,1.0,7.566738737805212
8,P7,P7 / M8,7,source_pretrained_mlp,sample,8015,242,6,7000,0.956788323093442,160.27544416571445,85.95388745307922,1.0,0.8882691328057695
8,P7,P7 / M8,7,source_pretrained_mlp,sample,8259,250,4,9000,-856.2558981613727,22503.29737523334,4592.4340401315685,11.0,3.4325680827918594
8,P7,P7 / M8,7,source_pretrained_mlp,sample,8325,252,4,9000,0.9940392459446921,60.75032484695584,37.11031307114495,0.0,0.881711792157913
8,P7,P7 / M8,7,source_pretrained_mlp,sample,8330,252,5,3000,-5092.987595424135,57507.93816046895,20550.726577878,11.0,0.72078239941888
8,P7,P7 / M8,7,source_pretrained_mlp,sample,8407,254,6,3000,0.991760632897402,79.91809530734442,54.58784533143044,1.0,0.8641993039489044
8,P7,P7 / M8,7,source_pretrained_mlp,sample,8441,255,6,4000,0.9767272901271882,124.3072839442955,79.45703912817913,1.0,1.030793377690815
8,P7,P7 / M8,7,proposed_prior_regularized,sample,33,1,4,0,0.9927435663106422,65.46749930201784,44.36175170311561,1.0,0.40642828768175526
8,P7,P7 / M8,7,proposed_prior_regularized,sample,34,1,4,1000,0.9827497842980386,100.85535521735393,55.12658872774669,1.0,0.2229814047108947
8,P7,P7 / M8,7,proposed_prior_regularized,sample,107,3,4,8000,0.9926030337026887,62.299701700009706,33.24485784563525,1.0,0.2690743859541708
8,P7,P7 / M8,7,proposed_prior_regularized,sample,117,3,5,7000,0.969671265943841,114.8638631992208,64.20164287474847,1.0,0.9306759043369028
8,P7,P7 / M8,7,proposed_prior_regularized,sample,166,5,4,1000,0.9824313499057846,99.94114985255274,56.52009600195392,0.0,0.3426341751808248
8,P7,P7 / M8,7,proposed_prior_regularized,sample,279,8,5,4000,0.988411634406629,76.94489126833814,48.81085949108518,1.0,0.23458058408787943
8,P7,P7 / M8,7,proposed_prior_regularized,sample,281,8,5,6000,0.984422626745271,85.32577662754709,53.382770938532694,0.0,0.18924404643115833
8,P7,P7 / M8,7,proposed_prior_regularized,sample,363,11,4,0,0.9942005606706908,61.689752108568285,34.22075275580088,1.0,0.0781894051948834
8,P7,P7 / M8,7,proposed_prior_regularized,sample,389,11,6,4000,0.9951036532296198,55.27090958346964,34.366053133010865,0.0,0.5458396021243935
8,P7,P7 / M8,7,proposed_prior_regularized,sample,423,12,6,5000,0.978280904604533,113.50433457629758,72.38936275482178,0.0,0.6230974492462235
8,P7,P7 / M8,7,proposed_prior_regularized,sample,621,18,6,5000,0.9780625624901496,119.42103587496283,81.15980061617765,1.0,0.16942683989081972
8,P7,P7 / M8,7,proposed_prior_regularized,sample,642,19,5,4000,0.9959647140944462,45.987982754238566,28.5334780727114,0.0,0.07956797789565914
8,P7,P7 / M8,7,proposed_prior_regularized,sample,694,21,4,1000,0.875847296120959,289.2413090554855,194.897161370232,1.0,2.238437761940839
8,P7,P7 / M8,7,proposed_prior_regularized,sample,695,21,4,2000,0.9960098970135667,50.17966486397606,28.10277961767637,0.0,0.33951927599305287
8,P7,P7 / M8,7,proposed_prior_regularized,sample,782,23,6,1000,0.998757986099155,29.73128734469856,18.228163217243395,1.0,0.27658739032591695
8,P7,P7 / M8,7,proposed_prior_regularized,sample,881,26,6,1000,0.9932279733938243,67.57494497232688,43.073102712631226,1.0,0.10050940822624037
8,P7,P7 / M8,7,proposed_prior_regularized,sample,990,30,4,0,0.9973192343842094,41.51793565400927,26.428831595640915,0.0,0.34363536843053416
8,P7,P7 / M8,7,proposed_prior_regularized,sample,997,30,4,7000,0.9909167006222187,72.62109474083817,44.45357615749041,0.0,0.2890734380772746
8,P7,P7 / M8,7,proposed_prior_regularized,sample,1035,31,5,1000,0.997153554097694,40.82598378299285,26.60901367664337,0.0,0.32355960860903105
8,P7,P7 / M8,7,proposed_prior_regularized,sample,1054,31,6,9000,0.9922744467374219,66.19457897062196,35.35046324023494,1.0,0.4461313664803589
8,P7,P7 / M8,7,proposed_prior_regularized,sample,1056,32,4,0,0.9971184188262224,44.74749631430061,32.2380131483078,1.0,0.19598917331870183
8,P7,P7 / M8,7,proposed_prior_regularized,sample,1070,32,5,3000,0.9917135231658217,67.08048032463707,37.719673545272265,1.0,0.1855822774352619
8,P7,P7 / M8,7,proposed_prior_regularized,sample,1107,33,5,7000,0.9914495405508773,64.71438168672823,35.69809753806503,0.0,0.1686636673406414
8,P7,P7 / M8,7,proposed_prior_regularized,sample,1168,35,5,2000,0.9985249826336049,29.26556767246577,18.735450248718262,0.0,0.6083968738246667
8,P7,P7 / M8,7,proposed_prior_regularized,sample,1224,37,4,3000,0.9834892970747469,97.92561729814162,58.259422925802376,1.0,0.16449360270058852
8,P7,P7 / M8,7,proposed_prior_regularized,sample,1273,38,5,8000,0.9838292005927279,86.94081452404568,53.15373604050998,1.0,0.937006375702689
8,P7,P7 / M8,7,proposed_prior_regularized,sample,1296,39,4,9000,0.9925735215943281,64.16153785755372,39.65023723355046,0.0,0.06384270922021454
8,P7,P7 / M8,7,proposed_prior_regularized,sample,1389,42,4,3000,0.9989902588471865,23.97217706014174,13.334416111310324,1.0,0.2570594445941373
8,P7,P7 / M8,7,proposed_prior_regularized,sample,1442,43,6,1000,0.9944783271456522,60.65578479155515,35.011077880859375,1.0,0.2721752197779166
8,P7,P7 / M8,7,proposed_prior_regularized,sample,1467,44,5,4000,0.9583547133315355,145.67814492536175,86.4638348612292,1.0,1.925011888774598
8,P7,P7 / M8,7,proposed_prior_regularized,sample,1576,47,6,3000,0.9897018802532296,80.59560492150611,45.68404917533581,1.0,0.06190378893196025
8,P7,P7 / M8,7,proposed_prior_regularized,sample,1632,49,5,4000,0.9978364190469833,32.876091989582925,21.43020187218984,1.0,0.714869888911621
8,P7,P7 / M8,7,proposed_prior_regularized,sample,1736,52,5,9000,0.9553347210442705,139.25776231545763,86.11254847049713,1.0,0.1482452362447483
8,P7,P7 / M8,7,proposed_prior_regularized,sample,1867,56,5,8000,0.9887847087732353,70.15216377748844,39.65651539448769,0.0,0.09351349682470511
8,P7,P7 / M8,7,proposed_prior_regularized,sample,2061,62,5,4000,0.9903185370910503,73.27310787468356,41.41773191452026,1.0,0.765681923341726
8,P7,P7 / M8,7,proposed_prior_regularized,sample,2192,66,5,3000,0.9833694847189332,96.61090082995449,52.313892154693605,1.0,0.1336276699791298
8,P7,P7 / M8,7,proposed_prior_regularized,sample,2237,67,6,4000,0.986088797352309,90.752520926202,53.73698687553406,0.0,1.3422007706994197
8,P7,P7 / M8,7,proposed_prior_regularized,sample,2276,68,6,10000,0.9883989527596649,80.72538317453936,42.93810053382601,0.0,0.6279810011226945
8,P7,P7 / M8,7,proposed_prior_regularized,sample,2296,69,5,8000,0.9882130044267088,73.50758626609121,41.373943073408945,0.0,0.21417601536149258
8,P7,P7 / M8,7,proposed_prior_regularized,sample,2319,70,4,9000,0.9960393791641272,49.63049171291082,33.420172910690304,0.0,0.38854525538746765
8,P7,P7 / M8,7,proposed_prior_regularized,sample,2345,71,4,2000,0.9809683739733784,103.13125450600697,56.517817401885985,1.0,0.08615253089301278
8,P7,P7 / M8,7,proposed_prior_regularized,sample,2388,72,5,1000,0.9934626437826911,64.22046541164717,40.17324430743853,0.0,0.4028824903535494
8,P7,P7 / M8,7,proposed_prior_regularized,sample,2424,73,5,4000,0.9928392262029863,64.25204801083223,43.636320699344985,1.0,0.1949837320769875
8,P7,P7 / M8,7,proposed_prior_regularized,sample,2508,76,4,0,0.9792046128741324,118.91909905742484,72.8827799299489,1.0,0.13630308218664902
8,P7,P7 / M8,7,proposed_prior_regularized,sample,2546,77,4,5000,0.9835165318120704,99.159812900713,59.97989417159039,1.0,0.7623868533346776
8,P7,P7 / M8,7,proposed_prior_regularized,sample,2573,77,6,10000,0.9785516493700551,109.49035817525407,55.97528169155121,0.0,0.5196774204345781
8,P7,P7 / M8,7,proposed_prior_regularized,sample,2692,81,5,8000,0.9887930763981992,72.15812772436318,48.63514460050143,0.0,0.500252985626999
8,P7,P7 / M8,7,proposed_prior_regularized,sample,2711,82,4,5000,0.9961345094285005,48.577906265192425,28.843776057163875,1.0,0.7084716747306508
8,P7,P7 / M8,7,proposed_prior_regularized,sample,2720,82,5,3000,0.9883320697290244,79.02169011743419,54.58377871146569,0.0,0.9597643964542564
8,P7,P7 / M8,7,proposed_prior_regularized,sample,2747,83,4,8000,0.9918207831895997,68.71196037980376,40.146478491170065,0.0,0.1902025406260941
8,P7,P7 / M8,7,proposed_prior_regularized,sample,2857,86,5,8000,0.9939105258608133,53.794796334514835,32.16590956405357,0.0,0.46648881597853464
8,P7,P7 / M8,7,proposed_prior_regularized,sample,2858,86,5,9000,0.9935427082383718,54.09904920376896,32.962937142167775,1.0,0.30267061066385514
8,P7,P7 / M8,7,proposed_prior_regularized,sample,3158,95,6,1000,0.9801378638517628,118.73897471092592,79.38078206463864,1.0,0.8767169198394009
8,P7,P7 / M8,7,proposed_prior_regularized,sample,3159,95,6,2000,0.9962432445879517,50.87409619687407,28.154482793807983,1.0,0.7560142692020781
8,P7,P7 / M8,7,proposed_prior_regularized,sample,3236,98,4,2000,0.9958764465827572,52.55931534238253,29.325912143873133,0.0,0.060397158720692366
8,P7,P7 / M8,7,proposed_prior_regularized,sample,3266,98,6,10000,0.9781572255124048,114.10329839685168,59.09197534964635,1.0,0.11481297291945866
8,P7,P7 / M8,7,proposed_prior_regularized,sample,3331,100,6,9000,0.9887292712910347,84.06431635173794,46.01729753743047,0.0,0.15202287518304022
8,P7,P7 / M8,7,proposed_prior_regularized,sample,3332,100,6,10000,0.9594107450991237,156.17821579342356,92.52577126026154,1.0,0.525104390097657
8,P7,P7 / M8,7,proposed_prior_regularized,sample,3337,101,4,4000,0.9951200827876401,52.36286574706828,27.790840927759806,1.0,0.12979823048334538
8,P7,P7 / M8,7,proposed_prior_regularized,sample,3474,105,4,9000,0.9964008126721549,45.026131405296454,29.364041098526545,0.0,0.17715489840588539
8,P7,P7 / M8,7,proposed_prior_regularized,sample,3485,105,5,9000,0.9918186249826109,59.9178226751701,40.08627358798323,0.0,0.3081757645574317
8,P7,P7 / M8,7,proposed_prior_regularized,sample,3492,105,6,5000,0.9868298054234786,94.43911466343854,52.58822440017354,1.0,0.15844526556694333
8,P7,P7 / M8,7,proposed_prior_regularized,sample,3500,106,4,2000,0.9956323509887032,51.80607657393361,30.870277558054244,0.0,0.2172156382316207
8,P7,P7 / M8,7,proposed_prior_regularized,sample,3514,106,5,5000,0.9922649450184906,63.54114060645135,40.66312533378601,1.0,0.158462529929711
8,P7,P7 / M8,7,proposed_prior_regularized,sample,3519,106,5,10000,0.9837208457969018,84.20495386641903,51.50336201701845,1.0,0.49946739806869744
8,P7,P7 / M8,7,proposed_prior_regularized,sample,3566,108,4,2000,0.9937610959753572,61.49771000709454,38.815159211556114,1.0,0.21363874931725632
8,P7,P7 / M8,7,proposed_prior_regularized,sample,3751,113,6,0,0.9933760820784565,71.77609130682016,45.646081359762896,0.0,0.5604436497261911
8,P7,P7 / M8,7,proposed_prior_regularized,sample,3772,114,4,10000,0.9940896862555363,58.21493227226839,33.26495128018515,0.0,0.4336874370742264
8,P7,P7 / M8,7,proposed_prior_regularized,sample,3805,115,4,10000,0.9951698026169536,53.46770801219838,34.17680238760435,0.0,0.17295363705637792
8,P7,P7 / M8,7,proposed_prior_regularized,sample,3828,116,4,0,0.9935015135581297,69.08967351804104,35.97573035103934,0.0,0.14916226432544888
8,P7,P7 / M8,7,proposed_prior_regularized,sample,3858,116,6,8000,0.9801471105677222,109.14768550774342,61.91076882985922,1.0,0.05691206303168022
8,P7,P7 / M8,7,proposed_prior_regularized,sample,3919,118,6,3000,0.9837441959891775,107.59177222692786,72.31431791895912,1.0,0.41642086187333555
8,P7,P7 / M8,7,proposed_prior_regularized,sample,4048,122,6,0,0.9962339603679512,53.48751526941413,30.7676962852478,0.0,0.08606205850358989
8,P7,P7 / M8,7,proposed_prior_regularized,sample,4188,126,6,8000,0.9804830549568716,107.9361430231066,45.01749429879365,1.0,0.824364381557154
8,P7,P7 / M8,7,proposed_prior_regularized,sample,4189,126,6,9000,0.9689455387521329,141.25342303272564,81.95029585702079,2.0,0.1871807584524175
8,P7,P7 / M8,7,proposed_prior_regularized,sample,4193,127,4,2000,0.9911763710811068,73.18066899682262,44.17018460273743,0.0,0.5785746349920882
8,P7,P7 / M8,7,proposed_prior_regularized,sample,4225,128,4,1000,0.9932446414819506,67.17043080249857,37.32851626562036,0.0,0.2448503841862859
8,P7,P7 / M8,7,proposed_prior_regularized,sample,4448,134,6,4000,0.9937137596827601,67.42578854419756,39.71502637863159,1.0,0.905727186924524
8,P7,P7 / M8,7,proposed_prior_regularized,sample,4461,135,4,6000,0.9929716007606872,62.812476819964694,36.186218467252004,1.0,0.39685780606480237
8,P7,P7 / M8,7,proposed_prior_regularized,sample,4524,137,4,3000,0.994428315638664,59.52242251841835,37.337784161170326,0.0,0.24095793127163886
8,P7,P7 / M8,7,proposed_prior_regularized,sample,4565,138,5,0,0.9930654816744086,67.21902331037951,40.4812627022083,0.0,0.487678017813915
8,P7,P7 / M8,7,proposed_prior_regularized,sample,4607,139,5,9000,0.9236081531196213,186.81502254976024,94.34874904540277,0.0,0.6197918564817927
8,P7,P7 / M8,7,proposed_prior_regularized,sample,4647,140,6,5000,0.9952338631568689,55.606323754959895,31.96827095746994,1.0,0.392390666577024
8,P7,P7 / M8,7,proposed_prior_regularized,sample,4717,142,6,9000,0.9889112630701926,85.74687478462722,50.17810966571172,1.0,0.5299042698043532
8,P7,P7 / M8,7,proposed_prior_regularized,sample,4776,144,6,2000,0.9708078137541343,136.53512672703422,75.53128462791443,1.0,0.17470877407931584
8,P7,P7 / M8,7,proposed_prior_regularized,sample,4792,145,4,7000,0.9954668880417217,50.25612933584944,29.937965512275696,1.0,0.8120801432884162
8,P7,P7 / M8,7,proposed_prior_regularized,sample,4826,146,4,8000,0.9856377162246251,94.96845013925092,50.81885464295097,1.0,0.09188234584488784
8,P7,P7 / M8,7,proposed_prior_regularized,sample,4849,146,6,9000,0.9957619950774426,48.22373463277162,28.60230477154255,0.0,0.49019241107679584
8,P7,P7 / M8,7,proposed_prior_regularized,sample,4869,147,5,7000,0.9307753536728096,170.92296133441752,86.00637454305377,0.0,0.4757606553743958
8,P7,P7 / M8,7,proposed_prior_regularized,sample,4877,147,6,4000,0.9911640699179153,75.97957672867324,37.96370627663352,0.0,0.07586107795419941
8,P7,P7 / M8,7,proposed_prior_regularized,sample,4929,149,5,1000,0.9905809071222148,75.31702299304811,43.10948200409229,1.0,0.08270960649056334
8,P7,P7 / M8,7,proposed_prior_regularized,sample,4949,149,6,10000,0.9828537414174343,99.88689402391849,52.72005361318588,0.0,0.5673337978817246
8,P7,P7 / M8,7,proposed_prior_regularized,sample,5043,152,6,5000,0.9882524121247176,87.35139247452929,46.846316410945015,1.0,0.3057954031357742
8,P7,P7 / M8,7,proposed_prior_regularized,sample,5101,154,5,8000,0.9801829332040174,96.31901610038872,60.54656075636546,0.0,0.7896170235064728
8,P7,P7 / M8,7,proposed_prior_regularized,sample,5112,154,6,8000,0.997135286596732,43.93885114348082,25.904036832892377,0.0,0.1063543283029763
8,P7,P7 / M8,7,proposed_prior_regularized,sample,5144,155,6,7000,0.9830273301582685,106.37259602211243,58.947489365287446,0.0,0.11532571901272798
8,P7,P7 / M8,7,proposed_prior_regularized,sample,5316,161,4,3000,0.9929756499570568,65.7286259801408,41.55209726553697,1.0,0.6285837634995647
8,P7,P7 / M8,7,proposed_prior_regularized,sample,5381,163,4,2000,0.9967439376259293,46.67395617662241,24.24014737208684,1.0,0.5002509235786783
8,P7,P7 / M8,7,proposed_prior_regularized,sample,5384,163,4,5000,0.9979970999295973,36.21130834407959,24.65943127586728,0.0,0.184292844424351
8,P7,P7 / M8,7,proposed_prior_regularized,sample,5414,164,4,2000,0.9945344930815655,60.44965285564414,33.166657167932264,1.0,0.06612701943043454
8,P7,P7 / M8,7,proposed_prior_regularized,sample,5534,167,6,1000,0.9882997829176703,90.24729249004204,47.400484993344264,0.0,0.1512436306011858
8,P7,P7 / M8,7,proposed_prior_regularized,sample,5617,170,4,7000,0.9823642729220116,99.02286586655438,51.7406369527181,0.0,0.14031413216081334
8,P7,P7 / M8,7,proposed_prior_regularized,sample,5658,171,5,4000,0.995985529073982,47.608460787493264,30.899896224339802,0.0,0.607037348613557
8,P7,P7 / M8,7,proposed_prior_regularized,sample,5694,172,5,7000,0.9934974321646183,58.28344839724879,37.60192419052124,1.0,0.5289913234482791
8,P7,P7 / M8,7,proposed_prior_regularized,sample,5816,176,4,8000,0.9868953310182518,88.45281277705048,51.69819897413254,0.0,0.36353120808818457
8,P7,P7 / M8,7,proposed_prior_regularized,sample,5841,177,4,0,0.9944412102725012,59.45830439713407,33.10560241112342,0.0,0.2580769309929644
8,P7,P7 / M8,7,proposed_prior_regularized,sample,5843,177,4,2000,0.9758217053097057,125.32018967967858,74.89382518892702,0.0,0.19704239029196285
8,P7,P7 / M8,7,proposed_prior_regularized,sample,5858,177,5,6000,0.9901194806665352,70.94455574227207,43.81827554335961,0.0,0.23246667080140937
8,P7,P7 / M8,7,proposed_prior_regularized,sample,5887,178,5,2000,0.9956246205276141,50.84593895745758,31.37674619840539,0.0,0.22421044872877385
8,P7,P7 / M8,7,proposed_prior_regularized,sample,6248,189,5,0,0.9960397822334132,50.64406520476908,27.781965535619985,0.0,0.07668546558122563
8,P7,P7 / M8,7,proposed_prior_regularized,sample,6299,190,6,7000,0.987459412507395,91.54495581090791,59.76806478500366,1.0,0.570901406699205
8,P7,P7 / M8,7,proposed_prior_regularized,sample,6359,192,6,1000,0.9916290899376583,77.69424519572618,50.67573690414429,0.0,0.8489429871722789
8,P7,P7 / M8,7,proposed_prior_regularized,sample,6407,194,4,5000,0.9830635921411849,102.05392567201393,55.05659040537748,0.0,0.10084397810354427
8,P7,P7 / M8,7,proposed_prior_regularized,sample,6425,194,6,1000,0.983868732180919,102.29337232330619,67.95674771354312,1.0,0.8544708718035408
8,P7,P7 / M8,7,proposed_prior_regularized,sample,6466,195,6,9000,0.9921641033525783,70.64907473768687,40.28182931741079,1.0,0.7148304405277407
8,P7,P7 / M8,7,proposed_prior_regularized,sample,6743,204,5,0,0.9952601515553336,56.69830216829337,39.110994134630474,0.0,0.15121194082184766
8,P7,P7 / M8,7,proposed_prior_regularized,sample,6752,204,5,9000,0.9925873946709378,57.659849301738824,38.24391659668514,0.0,0.3573849506873582
8,P7,P7 / M8,7,proposed_prior_regularized,sample,6762,204,6,8000,0.9666260309630887,141.4979004204696,84.8678778509299,2.0,0.3697930243806909
8,P7,P7 / M8,7,proposed_prior_regularized,sample,6839,207,4,8000,0.9978751476182918,36.0093807463614,23.33464306051081,1.0,0.5282363022190002
8,P7,P7 / M8,7,proposed_prior_regularized,sample,6878,208,5,3000,0.9970681430916045,40.31602672429903,24.341428726911545,0.0,0.22884959592141196
8,P7,P7 / M8,7,proposed_prior_regularized,sample,6970,211,4,7000,0.9907795100475723,74.09519595763291,44.99972260991732,0.0,0.21971600186618576
8,P7,P7 / M8,7,proposed_prior_regularized,sample,6983,211,5,9000,0.9819923838314801,92.9946831551605,56.387361427148186,0.0,0.319220028052374
8,P7,P7 / M8,7,proposed_prior_regularized,sample,6987,211,6,2000,0.9915705990048456,74.5821208586433,42.6444442997808,0.0,0.23378927935195332
8,P7,P7 / M8,7,proposed_prior_regularized,sample,7035,213,4,6000,0.9789623213933872,108.72113618463612,66.81751193319049,0.0,0.3035989705433022
8,P7,P7 / M8,7,proposed_prior_regularized,sample,7063,214,4,1000,0.993842986859066,66.61815004753349,45.600211429595944,1.0,0.23794968202209463
8,P7,P7 / M8,7,proposed_prior_regularized,sample,7090,214,6,6000,0.989830555557186,83.36906710703045,55.885003498622346,1.0,0.43753949378206003
8,P7,P7 / M8,7,proposed_prior_regularized,sample,7141,216,5,2000,0.9817308118352579,102.67055214473511,63.873022009929024,0.0,0.17369590487907352
8,P7,P7 / M8,7,proposed_prior_regularized,sample,7214,218,5,9000,0.9948705419070801,48.78684179729865,28.005997581141337,0.0,0.3148652380770204
8,P7,P7 / M8,7,proposed_prior_regularized,sample,7257,219,6,8000,0.9930083383615437,66.57116947332635,47.53520371697166,0.0,0.6267716650275247
8,P7,P7 / M8,7,proposed_prior_regularized,sample,7309,221,5,5000,0.9672659064584099,127.31209524310545,72.2739844404418,1.0,0.39074921583195227
8,P7,P7 / M8,7,proposed_prior_regularized,sample,7333,222,4,7000,0.992982033470034,64.18886614655081,38.433240936352654,1.0,0.2654398552916774
8,P7,P7 / M8,7,proposed_prior_regularized,sample,7411,224,5,8000,0.9682068969436921,119.25394120582558,67.86862169844764,1.0,0.23170362858683813
8,P7,P7 / M8,7,proposed_prior_regularized,sample,7422,224,6,8000,0.9565400948339564,165.16813128884334,98.23113755746321,0.0,0.37170451380753794
8,P7,P7 / M8,7,proposed_prior_regularized,sample,7439,225,5,3000,0.9941097990390098,56.57562599509507,34.297294249137245,0.0,0.22040107998730674
8,P7,P7 / M8,7,proposed_prior_regularized,sample,7451,225,6,4000,0.9953766103578765,54.28976380928044,34.49127251168956,1.0,0.19408406173001388
8,P7,P7 / M8,7,proposed_prior_regularized,sample,7578,229,5,10000,0.9907214657906982,64.10021385267004,44.07690784026836,1.0,0.551345119795729
8,P7,P7 / M8,7,proposed_prior_regularized,sample,7764,235,4,9000,0.9790147841223498,107.8231464140996,56.736688699041096,0.0,0.11322748316002616
8,P7,P7 / M8,7,proposed_prior_regularized,sample,7785,235,6,8000,0.9920342917551698,72.27102158453265,50.06549974109816,0.0,0.18362480794178293
8,P7,P7 / M8,7,proposed_prior_regularized,sample,7869,238,5,4000,0.9900195639609805,74.76658762222804,46.873041496276855,1.0,0.18163955110646898
8,P7,P7 / M8,7,proposed_prior_regularized,sample,7884,238,6,8000,0.9836043730633448,103.4051797486135,68.09025049209595,0.0,0.38356087487522184
8,P7,P7 / M8,7,proposed_prior_regularized,sample,7923,240,4,3000,0.9957084531157591,53.487066500533786,31.025843436067756,0.0,0.11155805703471214
8,P7,P7 / M8,7,proposed_prior_regularized,sample,7931,240,5,0,0.9965313778666234,48.48705048623821,26.8640979061956,0.0,0.155112756678098
8,P7,P7 / M8,7,proposed_prior_regularized,sample,7948,240,6,6000,0.9943477702183335,60.30323968225749,41.055541898893274,1.0,0.827262139315466
8,P7,P7 / M8,7,proposed_prior_regularized,sample,7971,241,5,7000,0.9965313155173813,40.56302464434472,24.418732919692992,0.0,0.803935827661926
8,P7,P7 / M8,7,proposed_prior_regularized,sample,8015,242,6,7000,0.9618564549717319,150.5833504108494,88.35137836456299,0.0,0.4633276876481964
8,P7,P7 / M8,7,proposed_prior_regularized,sample,8259,250,4,9000,0.9970849431085002,41.49678358932507,25.79493232727051,0.0,0.4614449747647694
8,P7,P7 / M8,7,proposed_prior_regularized,sample,8325,252,4,9000,0.7932543715752183,357.780091455393,189.11683107305456,1.0,0.9784531773867211
8,P7,P7 / M8,7,proposed_prior_regularized,sample,8330,252,5,3000,0.9795460357940754,115.23584780643247,73.06826641162236,0.0,0.24835698063253184
8,P7,P7 / M8,7,proposed_prior_regularized,sample,8407,254,6,3000,0.9923650382132623,76.93104505506007,52.05880545377731,1.0,0.5638652767786417
8,P7,P7 / M8,7,proposed_prior_regularized,sample,8441,255,6,4000,0.9878850753389388,89.68781806331496,54.96965587657431,0.0,1.2130642500827484
8,P7,P7 / M8,9,gaussian,sample,33,1,4,0,0.9883898745978363,81.70712618862484,42.920396237498345,1.0,0.5200887413592872
8,P7,P7 / M8,9,gaussian,sample,34,1,4,1000,0.9942000015184039,59.29564951523097,34.07727649359922,0.0,0.7330942787812423
8,P7,P7 / M8,9,gaussian,sample,107,3,4,8000,0.9979700638641793,32.93670895636633,22.1721679203654,1.0,0.7698791005766479
8,P7,P7 / M8,9,gaussian,sample,117,3,5,7000,0.9914057519376226,61.424307268867004,37.37102256121426,1.0,0.8813739725071127
8,P7,P7 / M8,9,gaussian,sample,166,5,4,1000,0.9916707344565188,68.77206383951506,40.110692605478505,0.0,0.3338651594059175
8,P7,P7 / M8,9,gaussian,sample,279,8,5,4000,0.9932436740207491,58.089287783368896,37.31542565208152,1.0,0.7271548735601283
8,P7,P7 / M8,9,gaussian,sample,281,8,5,6000,0.9918176635252245,62.43629415653178,44.5551746931086,1.0,0.8365732423165215
8,P7,P7 / M8,9,gaussian,sample,363,11,4,0,0.992540457338883,70.82188646505554,36.539958711355226,1.0,0.18852962507759663
8,P7,P7 / M8,9,gaussian,sample,389,11,6,4000,0.9910783707741229,74.20034890931514,48.77464898855488,0.0,0.8389013101528342
8,P7,P7 / M8,9,gaussian,sample,423,12,6,5000,0.9750607218240277,120.96968256309059,76.49804315338756,0.0,0.415223638980422
8,P7,P7 / M8,9,gaussian,sample,621,18,6,5000,0.9965774736702394,47.35290299198185,34.16500546091542,0.0,0.31789607435264405
8,P7,P7 / M8,9,gaussian,sample,642,19,5,4000,0.9958799603809443,46.91350991202001,31.737875371889892,0.0,0.8079369863805458
8,P7,P7 / M8,9,gaussian,sample,694,21,4,1000,0.9974759342541945,41.375593913367645,30.03756581112104,0.0,0.5688417232586719
8,P7,P7 / M8,9,gaussian,sample,695,21,4,2000,0.9963832256452925,48.03009387957941,31.19957154639157,0.0,0.8900267198793481
8,P7,P7 / M8,9,gaussian,sample,782,23,6,1000,0.994201387570739,64.18493516875265,41.829438091078266,1.0,0.9127053734030006
8,P7,P7 / M8,9,gaussian,sample,881,26,6,1000,0.9780837536512319,119.11150555139331,71.97259768021217,1.0,0.23070300702726326
8,P7,P7 / M8,9,gaussian,sample,990,30,4,0,0.9971402039561886,43.03850997310459,30.41519671705319,0.0,0.9039967254038644
8,P7,P7 / M8,9,gaussian,sample,997,30,4,7000,0.991407311720191,71.76710665020072,39.10805405464077,0.0,0.2318825997120459
8,P7,P7 / M8,9,gaussian,sample,1035,31,5,1000,0.9962364986943287,47.065800760597725,31.976370755195052,0.0,0.9324389194465375
8,P7,P7 / M8,9,gaussian,sample,1054,31,6,9000,0.9942779132107457,57.44164275922437,35.24013979500782,1.0,0.7317633031334554
8,P7,P7 / M8,9,gaussian,sample,1056,32,4,0,0.9962646467066028,51.6343073824443,33.472111006497265,1.0,0.5163656581432817
8,P7,P7 / M8,9,gaussian,sample,1070,32,5,3000,0.9948387438065749,53.12631042857977,31.86977504286883,0.0,0.6363723024174864
8,P7,P7 / M8,9,gaussian,sample,1107,33,5,7000,0.9897833918341817,70.58581029100516,48.28114164148058,0.0,0.7319642924720969
8,P7,P7 / M8,9,gaussian,sample,1168,35,5,2000,0.9970360638397645,40.94014296901449,25.259149928264147,0.0,0.5805549131910738
8,P7,P7 / M8,9,gaussian,sample,1224,37,4,3000,0.9926170135185964,65.72945184794386,38.82619656350093,1.0,0.9831640384655946
8,P7,P7 / M8,9,gaussian,sample,1273,38,5,8000,0.9956843861349076,45.40082630513097,31.240278893866368,1.0,0.6852343725973316
8,P7,P7 / M8,9,gaussian,sample,1296,39,4,9000,0.9967351094335726,42.85609789057602,27.38646085336511,1.0,0.22141496150595757
8,P7,P7 / M8,9,gaussian,sample,1389,42,4,3000,0.9963886245778223,45.50845853166225,25.856633197257448,1.0,0.6958956935012308
8,P7,P7 / M8,9,gaussian,sample,1442,43,6,1000,0.9874469783604727,93.56133095272637,56.810771528094776,1.0,0.6327091131553633
8,P7,P7 / M8,9,gaussian,sample,1467,44,5,4000,0.9933715083961414,57.52254980306442,34.242463855257974,0.0,0.44905709168159336
8,P7,P7 / M8,9,gaussian,sample,1576,47,6,3000,0.9926897749720651,68.04821366877209,35.86928992919207,0.0,1.0870333155507361
8,P7,P7 / M8,9,gaussian,sample,1632,49,5,4000,0.9973816143231695,36.411122760480254,25.153029557467413,1.0,0.5872740369338881
8,P7,P7 / M8,9,gaussian,sample,1736,52,5,9000,0.9765440984260174,100.63296297292091,67.15583990819334,0.0,1.243130885242929
8,P7,P7 / M8,9,gaussian,sample,1867,56,5,8000,0.9885221649469761,71.37152499242606,44.22031353921001,0.0,0.9653255574002363
8,P7,P7 / M8,9,gaussian,sample,2061,62,5,4000,0.9904996698420853,70.9827313411614,39.86483960392185,1.0,0.5806063116954119
8,P7,P7 / M8,9,gaussian,sample,2192,66,5,3000,0.9837320153028044,95.43124390025106,54.65865974131133,1.0,0.5394756974914071
8,P7,P7 / M8,9,gaussian,sample,2237,67,6,4000,0.9948148637400428,55.82264135492651,33.504260614669484,1.0,0.6912574260304782
8,P7,P7 / M8,9,gaussian,sample,2276,68,6,10000,0.9888318584512223,79.13142078350025,46.71670613399093,1.0,0.5350829914192914
8,P7,P7 / M8,9,gaussian,sample,2296,69,5,8000,0.9897957748099382,68.99880565481378,43.06725204236878,0.0,0.9546924012177405
8,P7,P7 / M8,9,gaussian,sample,2319,70,4,9000,0.99567556074294,50.81895404998521,33.3674412623897,0.0,0.829925143373352
8,P7,P7 / M8,9,gaussian,sample,2345,71,4,2000,0.9919864673601039,67.55016792947767,32.23918203384982,1.0,0.24027592809944276
8,P7,P7 / M8,9,gaussian,sample,2388,72,5,1000,0.9978375148546366,36.81670608962438,25.12870204285441,0.0,0.45483752479135897
8,P7,P7 / M8,9,gaussian,sample,2424,73,5,4000,0.9958741571146678,48.731882469086266,38.89347852167954,0.0,1.2951373303613398
8,P7,P7 / M8,9,gaussian,sample,2508,76,4,0,0.9914531493324166,75.8910517359882,45.79375942138808,0.0,0.6494325167900193
8,P7,P7 / M8,9,gaussian,sample,2546,77,4,5000,0.9905597236753806,75.0300349996382,44.18699941061973,1.0,0.3784930047100736
8,P7,P7 / M8,9,gaussian,sample,2573,77,6,10000,0.984676738003748,94.0640250711103,54.42002017064908,0.0,0.7510885327568324
8,P7,P7 / M8,9,gaussian,sample,2692,81,5,8000,0.991476482792327,63.09477899999852,45.24145300937638,0.0,1.1521460031795059
8,P7,P7 / M8,9,gaussian,sample,2711,82,4,5000,0.9917610557432925,71.16698753393693,39.135449510702784,1.0,0.32148073565057916
8,P7,P7 / M8,9,gaussian,sample,2720,82,5,3000,0.9905902667171254,71.70971019727307,42.14870038226274,0.0,0.41236014346817096
8,P7,P7 / M8,9,gaussian,sample,2747,83,4,8000,0.9974533124240437,38.78766259367702,28.15061728874052,0.0,0.6183196817344006
8,P7,P7 / M8,9,gaussian,sample,2857,86,5,8000,0.9901037455582613,68.02381120239409,42.64268928720895,0.0,0.7621107722199286
8,P7,P7 / M8,9,gaussian,sample,2858,86,5,9000,0.9954671761746086,44.90053787312797,27.53067672134653,0.0,0.5987961763693331
8,P7,P7 / M8,9,gaussian,sample,3158,95,6,1000,0.98835881336409,92.94832118493528,58.573004455265746,1.0,1.0919971005970053
8,P7,P7 / M8,9,gaussian,sample,3159,95,6,2000,0.9927616003535987,71.27150315964087,45.66244844481159,1.0,1.368964866404513
8,P7,P7 / M8,9,gaussian,sample,3236,98,4,2000,0.9946350416061726,59.60188657228791,39.92522073221128,0.0,0.28208175875877417
8,P7,P7 / M8,9,gaussian,sample,3266,98,6,10000,0.9837989999078499,98.4477009594611,60.430918265359516,0.0,0.1431367839760481
8,P7,P7 / M8,9,gaussian,sample,3331,100,6,9000,0.9887319566486839,83.11276624144044,53.19654699143729,0.0,0.6094829894653262
8,P7,P7 / M8,9,gaussian,sample,3332,100,6,10000,0.9825583352625803,102.17314150095804,57.48594242270867,0.0,0.8378693726402437
8,P7,P7 / M8,9,gaussian,sample,3337,101,4,4000,0.997496749874924,38.170893885305695,24.673591802000363,0.0,0.38716453629361186
8,P7,P7 / M8,9,gaussian,sample,3474,105,4,9000,0.9981697933956585,32.16224989367938,21.39797170711109,0.0,0.39513632199716264
8,P7,P7 / M8,9,gaussian,sample,3485,105,5,9000,0.9878032951291063,73.04126044004367,51.10461393697381,0.0,1.0258723583618794
8,P7,P7 / M8,9,gaussian,sample,3492,105,6,5000,0.9831161194860639,109.12136520785117,69.07016005220825,1.0,0.2551152255257139
8,P7,P7 / M8,9,gaussian,sample,3500,106,4,2000,0.9958595502962271,51.40307335569745,32.332227973427344,1.0,0.2478003769335142
8,P7,P7 / M8,9,gaussian,sample,3514,106,5,5000,0.9893123874143422,73.96410235677625,46.30073696508668,1.0,1.0583240329032653
8,P7,P7 / M8,9,gaussian,sample,3519,106,5,10000,0.9857539722554812,78.63161456194203,51.115126912301996,1.0,0.6936592362226068
8,P7,P7 / M8,9,gaussian,sample,3566,108,4,2000,0.9951262734261298,54.79359662250822,38.003605368591735,1.0,0.6359511071389871
8,P7,P7 / M8,9,gaussian,sample,3751,113,6,0,0.990025830064118,86.33796550987886,59.63598517736573,0.0,0.7758980194418602
8,P7,P7 / M8,9,gaussian,sample,3772,114,4,10000,0.9968976395513433,42.222696722321736,25.745560689794697,0.0,0.7454488518494444
8,P7,P7 / M8,9,gaussian,sample,3805,115,4,10000,0.9965858058766784,44.610674816634024,28.455159453855384,1.0,0.29353452519139683
8,P7,P7 / M8,9,gaussian,sample,3828,116,4,0,0.9942367326604207,65.54609878672845,39.26500358855413,0.0,0.2007008432661581
8,P7,P7 / M8,9,gaussian,sample,3858,116,6,8000,0.9876744178150967,87.06095124857121,51.42086526428639,1.0,0.4004277088594657
8,P7,P7 / M8,9,gaussian,sample,3919,118,6,3000,0.9772247649305112,126.60669855325554,80.08748732115733,1.0,0.46430334098104686
8,P7,P7 / M8,9,gaussian,sample,4048,122,6,0,0.9958567420723198,57.17603124561601,39.12320008870723,0.0,0.30561138527158355
8,P7,P7 / M8,9,gaussian,sample,4188,126,6,8000,0.9841140782032927,98.0278937752428,50.04330244730104,0.0,0.6749662413621438
8,P7,P7 / M8,9,gaussian,sample,4189,126,6,9000,0.9758797755310653,125.41859452734633,78.49155629230216,2.0,0.49520190057470415
8,P7,P7 / M8,9,gaussian,sample,4193,127,4,2000,0.9951048829440879,54.67469917860937,35.83213279111747,0.0,0.5116861106092443
8,P7,P7 / M8,9,gaussian,sample,4225,128,4,1000,0.9930886656945008,68.13431863940525,36.447580409481965,0.0,0.3228273558003363
8,P7,P7 / M8,9,gaussian,sample,4448,134,6,4000,0.9891841211338771,87.46659475175217,65.50663987509056,1.0,1.926506453941194
8,P7,P7 / M8,9,gaussian,sample,4461,135,4,6000,0.9956943141081565,48.76852604322756,29.854136519726875,0.0,0.5899135729601517
8,P7,P7 / M8,9,gaussian,sample,4524,137,4,3000,0.9948868158960483,57.42961327513712,39.17913407248954,0.0,0.3840310808748503
8,P7,P7 / M8,9,gaussian,sample,4565,138,5,0,0.9948922293669752,57.74902605374431,34.80183196154164,0.0,0.37576423485985216
8,P7,P7 / M8,9,gaussian,sample,4607,139,5,9000,0.9916856428628786,62.03689610070793,39.58134101498523,1.0,0.5379581573904999
8,P7,P7 / M8,9,gaussian,sample,4647,140,6,5000,0.9943410594910255,61.015633530960194,38.98254488262236,1.0,0.4434573638881678
8,P7,P7 / M8,9,gaussian,sample,4717,142,6,9000,0.9860922486745697,94.36248768749445,52.3785973491822,1.0,0.1647462374894903
8,P7,P7 / M8,9,gaussian,sample,4776,144,6,2000,0.9889069350899092,84.79867768198388,45.5256981014137,0.0,0.30002536119732875
8,P7,P7 / M8,9,gaussian,sample,4792,145,4,7000,0.9946671113455038,55.182802641221635,29.795712998808288,0.0,0.1461576064890138
8,P7,P7 / M8,9,gaussian,sample,4826,146,4,8000,0.9865822525512016,89.91871286443005,47.65124176528032,1.0,0.22755647131198745
8,P7,P7 / M8,9,gaussian,sample,4849,146,6,9000,0.9929801465070857,62.16585041029161,35.30295459516628,0.0,1.0493900980033464
8,P7,P7 / M8,9,gaussian,sample,4869,147,5,7000,0.9913341646522325,60.0031163017595,37.48403015931442,1.0,0.8833099568400246
8,P7,P7 / M8,9,gaussian,sample,4877,147,6,4000,0.9894170944810137,83.7770117782867,43.86944963419462,0.0,0.21658563028413727
8,P7,P7 / M8,9,gaussian,sample,4929,149,5,1000,0.9926866732670913,67.0448308745322,38.88616707618211,1.0,0.3930725960261059
8,P7,P7 / M8,9,gaussian,sample,4949,149,6,10000,0.9849322855343261,95.44462871020492,58.42785116746946,1.0,0.9838023096706594
8,P7,P7 / M8,9,gaussian,sample,5043,152,6,5000,0.9920304847498485,73.25889928521296,43.230992443930084,1.0,0.5453607826213644
8,P7,P7 / M8,9,gaussian,sample,5101,154,5,8000,0.9915427995272714,63.89770110941878,36.13074318685223,0.0,0.5158553514138986
8,P7,P7 / M8,9,gaussian,sample,5112,154,6,8000,0.9933610384699176,66.22790276333687,52.38753729877527,0.0,0.9699609400037966
8,P7,P7 / M8,9,gaussian,sample,5144,155,6,7000,0.9923822099641065,69.5721013358841,34.69616099952608,1.0,0.2778677368123896
8,P7,P7 / M8,9,gaussian,sample,5316,161,4,3000,0.9941124930986385,60.196704801340154,38.814422411228165,1.0,0.7952928084737337
8,P7,P7 / M8,9,gaussian,sample,5381,163,4,2000,0.9961511038472547,50.44121654573437,33.288882711223465,0.0,0.661023647749643
8,P7,P7 / M8,9,gaussian,sample,5384,163,4,5000,0.9982988822763941,33.49340091422939,23.0698655814396,1.0,0.21970185550042562
8,P7,P7 / M8,9,gaussian,sample,5414,164,4,2000,0.9957895588581422,53.23852840497209,32.04609372472852,0.0,0.49096713349068155
8,P7,P7 / M8,9,gaussian,sample,5534,167,6,1000,0.9815284829503038,114.37454507632718,62.7650209359236,0.0,0.20451055082588285
8,P7,P7 / M8,9,gaussian,sample,5617,170,4,7000,0.9960549577164222,47.590075566887435,30.021462056668973,0.0,0.257775707869259
8,P7,P7 / M8,9,gaussian,sample,5658,171,5,4000,0.9971065251462985,40.05668766596248,27.71638070110589,0.0,0.7726674484984589
8,P7,P7 / M8,9,gaussian,sample,5694,172,5,7000,0.9950279240834271,50.92114123577765,34.930990465689376,1.0,0.967988277321176
8,P7,P7 / M8,9,gaussian,sample,5816,176,4,8000,0.9836153761714881,99.13142001208092,60.102092184139835,1.0,0.6507329449440443
8,P7,P7 / M8,9,gaussian,sample,5841,177,4,0,0.9944189741091131,59.90839539494139,34.80293250061417,0.0,0.40322475229742893
8,P7,P7 / M8,9,gaussian,sample,5843,177,4,2000,0.990525387283424,79.39918880809472,45.54545413679405,1.0,0.4206453047570889
8,P7,P7 / M8,9,gaussian,sample,5858,177,5,6000,0.9910897276569754,66.84612782030752,45.01663629535762,1.0,0.6335512748345484
8,P7,P7 / M8,9,gaussian,sample,5887,178,5,2000,0.9903030036457736,74.77737383859022,49.88904797786601,0.0,0.664597801648793
8,P7,P7 / M8,9,gaussian,sample,6248,189,5,0,0.9950862333996,56.3093590700144,40.1218300996295,0.0,0.5700225874303878
8,P7,P7 / M8,9,gaussian,sample,6299,190,6,7000,0.9678928431142213,145.85200469970695,88.80310165684702,1.0,0.33625357195023353
8,P7,P7 / M8,9,gaussian,sample,6359,192,6,1000,0.9958235540471898,55.56548543605655,32.75448035085142,0.0,0.6938875084609003
8,P7,P7 / M8,9,gaussian,sample,6407,194,4,5000,0.9849271955335521,97.89122519724964,52.93937424764094,0.0,0.21831586576192938
8,P7,P7 / M8,9,gaussian,sample,6425,194,6,1000,0.9935842986145945,65.54620372608358,40.98920082042323,1.0,0.6332567454854922
8,P7,P7 / M8,9,gaussian,sample,6466,195,6,9000,0.990393584282344,77.55979859791977,48.47249351726725,1.0,0.7074884448664357
8,P7,P7 / M8,9,gaussian,sample,6743,204,5,0,0.9909948032484103,75.93613452030952,50.74744218535263,1.0,0.5461742495400199
8,P7,P7 / M8,9,gaussian,sample,6752,204,5,9000,0.9938382121107138,52.1988097807661,39.548491068753755,0.0,0.7761529881475313
8,P7,P7 / M8,9,gaussian,sample,6762,204,6,8000,0.9726212959626226,125.0892088481041,70.77242475207642,1.0,0.5205970153420636
8,P7,P7 / M8,9,gaussian,sample,6839,207,4,8000,0.9969816763006916,43.14634429255588,27.648650693741615,0.0,0.7319212310328433
8,P7,P7 / M8,9,gaussian,sample,6878,208,5,3000,0.9949241137888695,52.37144125340271,31.2078798658076,0.0,0.79889146875425
8,P7,P7 / M8,9,gaussian,sample,6970,211,4,7000,0.9967584257591688,44.092638786291154,27.91055309745558,0.0,0.43985246047308973
8,P7,P7 / M8,9,gaussian,sample,6983,211,5,9000,0.9961657252324513,42.234068717103504,33.40583365452114,0.0,1.5963603409791147
8,P7,P7 / M8,9,gaussian,sample,6987,211,6,2000,0.9906056164234686,77.62986103175679,52.00111299647491,1.0,1.0646018082867292
8,P7,P7 / M8,9,gaussian,sample,7035,213,4,6000,0.9852745884499639,91.65343164310977,51.85637137687823,0.0,0.5948816113170865
8,P7,P7 / M8,9,gaussian,sample,7063,214,4,1000,0.9923619721441611,74.8971119533286,49.9976665407425,0.0,0.6389611695867741
8,P7,P7 / M8,9,gaussian,sample,7090,214,6,6000,0.9963124197111644,50.37890745959956,36.431425704972945,0.0,0.7962841337804102
8,P7,P7 / M8,9,gaussian,sample,7141,216,5,2000,0.9899323082580496,77.07591223449785,50.913144300709995,1.0,0.2947261030173061
8,P7,P7 / M8,9,gaussian,sample,7214,218,5,9000,0.9914005962487066,63.77317550962405,42.01261552059422,0.0,0.8706466237032706
8,P7,P7 / M8,9,gaussian,sample,7257,219,6,8000,0.9933120777505977,64.95624288666619,38.52783894932408,0.0,0.5696014569521587
8,P7,P7 / M8,9,gaussian,sample,7309,221,5,5000,0.9884521482015218,75.89065214051125,44.98717536873948,1.0,0.628158341150506
8,P7,P7 / M8,9,gaussian,sample,7333,222,4,7000,0.9886456255536292,81.37823255710053,50.31752668901498,1.0,0.6189812822551427
8,P7,P7 / M8,9,gaussian,sample,7411,224,5,8000,0.9737640717179695,108.33385432889328,61.88587295451665,1.0,0.39443138344007134
8,P7,P7 / M8,9,gaussian,sample,7422,224,6,8000,0.976959692807423,121.76244563998361,63.89112210478385,0.0,0.4412196775479326
8,P7,P7 / M8,9,gaussian,sample,7439,225,5,3000,0.9945259489936191,53.85437200055758,38.86796742936066,0.0,0.8473663879865451
8,P7,P7 / M8,9,gaussian,sample,7451,225,6,4000,0.9887182837979981,82.33951420476585,45.892738957222846,1.0,0.32003353604323453
8,P7,P7 / M8,9,gaussian,sample,7578,229,5,10000,0.9911983476326554,61.936754523220735,44.798533397725514,1.0,0.7309977692447422
8,P7,P7 / M8,9,gaussian,sample,7764,235,4,9000,0.9864832985290629,86.39083577269768,47.06055355924131,0.0,0.08734287322909115
8,P7,P7 / M8,9,gaussian,sample,7785,235,6,8000,0.9836658361725478,103.89037149024472,54.31632217303753,1.0,0.3897564855008439
8,P7,P7 / M8,9,gaussian,sample,7869,238,5,4000,0.9897637799634209,76.140771291781,50.09082766347153,1.0,0.5822835757413724
8,P7,P7 / M8,9,gaussian,sample,7884,238,6,8000,0.9931188139436846,67.62074791094255,40.303017508226546,0.0,0.42158099300245566
8,P7,P7 / M8,9,gaussian,sample,7923,240,4,3000,0.9927909510291423,69.05472224241204,35.020384488339275,0.0,0.575521705663258
8,P7,P7 / M8,9,gaussian,sample,7931,240,5,0,0.9935667902943991,65.71736433115086,46.291397184806954,0.0,0.5975760799460083
8,P7,P7 / M8,9,gaussian,sample,7948,240,6,6000,0.9929584027659968,67.77870901725291,42.11114964033978,1.0,0.5157965354781503
8,P7,P7 / M8,9,gaussian,sample,7971,241,5,7000,0.9930953405574491,57.35805598687691,35.46883125855377,0.0,0.6516417094503176
8,P7,P7 / M8,9,gaussian,sample,8015,242,6,7000,0.9692439791756491,131.84559835980718,72.53889363878189,1.0,0.4486559647273478
8,P7,P7 / M8,9,gaussian,sample,8259,250,4,9000,0.9965378947857988,44.88939101673606,33.575664076237,0.0,1.5920206614874695
8,P7,P7 / M8,9,gaussian,sample,8325,252,4,9000,0.9971486554760168,42.322919568808835,23.549862717834394,0.0,0.31469365081086903
8,P7,P7 / M8,9,gaussian,sample,8330,252,5,3000,0.9873129984040134,91.89765814855171,59.09293839395236,0.0,1.032660129067855
8,P7,P7 / M8,9,gaussian,sample,8407,254,6,3000,0.9924474024922277,77.23645485373933,55.48890802088013,1.0,0.9194111805574103
8,P7,P7 / M8,9,gaussian,sample,8441,255,6,4000,0.9905823085847596,82.07218490152113,54.12126051200287,0.0,0.7829034258184224
8,P7,P7 / M8,9,spline,sample,33,1,4,0,0.9902801514650077,74.76033332984257,37.24691524580528,1.0,0.23168665054625218
8,P7,P7 / M8,9,spline,sample,34,1,4,1000,0.995767174879086,50.65520224762276,26.502515668638793,0.0,0.15493302602906475
8,P7,P7 / M8,9,spline,sample,107,3,4,8000,0.9966240817205425,42.47515549376861,30.227370343941203,1.0,0.46077639148562766
8,P7,P7 / M8,9,spline,sample,117,3,5,7000,0.9935338450298672,53.27940660471988,33.429480062088835,1.0,0.5813362161861694
8,P7,P7 / M8,9,spline,sample,166,5,4,1000,0.9938866658664137,58.91796938378675,36.971541600988445,0.0,0.2462742074008249
8,P7,P7 / M8,9,spline,sample,279,8,5,4000,0.9929843847216538,59.193447795433336,37.98525210269682,0.0,0.6484553989745951
8,P7,P7 / M8,9,spline,sample,281,8,5,6000,0.9938375384774115,54.18456124377135,37.68179878482034,1.0,0.535982973109277
8,P7,P7 / M8,9,spline,sample,363,11,4,0,0.9943531611216627,61.61892080952695,39.1390494311233,1.0,0.5444043402814854
8,P7,P7 / M8,9,spline,sample,389,11,6,4000,0.987684692172424,87.17791904357074,58.197666143835875,0.0,0.8134031661880649
8,P7,P7 / M8,9,spline,sample,423,12,6,5000,0.9729304501709821,126.03034294312808,89.91754469595735,0.0,1.2144855518231454
8,P7,P7 / M8,9,spline,sample,621,18,6,5000,0.9969534650681919,44.67620663074562,30.760448655238168,0.0,0.6310838472749993
8,P7,P7 / M8,9,spline,sample,642,19,5,4000,0.9952158280676878,50.553429127568954,31.99165223223086,0.0,0.16567396024597292
8,P7,P7 / M8,9,spline,sample,694,21,4,1000,0.9968829528575857,45.97964295943469,37.82383150687264,0.0,0.4727337326546877
8,P7,P7 / M8,9,spline,sample,695,21,4,2000,0.9934470105868708,64.65058535116621,43.756039043296745,0.0,0.9851576699362883
8,P7,P7 / M8,9,spline,sample,782,23,6,1000,0.9964433905069328,50.26771654704741,35.56640317683372,1.0,0.38089130841798635
8,P7,P7 / M8,9,spline,sample,881,26,6,1000,0.9750891209848044,126.98872231766056,86.26552117545359,1.0,0.4413700887623337
8,P7,P7 / M8,9,spline,sample,990,30,4,0,0.9934246318043158,65.26040056428775,46.929534640447265,0.0,0.8086907870043842
8,P7,P7 / M8,9,spline,sample,997,30,4,7000,0.9921481256819514,68.60370627399558,42.892769659747124,0.0,0.7493372314391062
8,P7,P7 / M8,9,spline,sample,1035,31,5,1000,0.9940973050163782,58.943319123691175,37.91593145046073,0.0,0.21322088567174674
8,P7,P7 / M8,9,spline,sample,1054,31,6,9000,0.9905342938596036,73.87987301109438,55.209292869990925,0.0,0.6096299053897554
8,P7,P7 / M8,9,spline,sample,1056,32,4,0,0.9979446184203978,38.30176115915109,26.642969408687186,1.0,0.4100331785330641
8,P7,P7 / M8,9,spline,sample,1070,32,5,3000,0.9933856864664545,60.14151110571959,33.97969616642104,0.0,0.226118790316031
8,P7,P7 / M8,9,spline,sample,1107,33,5,7000,0.9940434286849773,53.89670420081561,29.6884274354565,0.0,0.28944626111939026
8,P7,P7 / M8,9,spline,sample,1168,35,5,2000,0.9915435478180546,69.1526824343345,47.052831200375614,0.0,0.9218066445088074
8,P7,P7 / M8,9,spline,sample,1224,37,4,3000,0.99550603480779,51.281276366528935,31.788792393382735,1.0,0.5427317734197658
8,P7,P7 / M8,9,spline,sample,1273,38,5,8000,0.9965122240633616,40.814713831197636,26.036085305973238,1.0,0.4986209974019659
8,P7,P7 / M8,9,spline,sample,1296,39,4,9000,0.9959375734497392,47.80475225098451,32.50496458785076,0.0,0.12916024998715833
8,P7,P7 / M8,9,spline,sample,1389,42,4,3000,0.9948482141749228,54.35440001107797,32.65716642149514,1.0,0.16290491931461917
8,P7,P7 / M8,9,spline,sample,1442,43,6,1000,0.9894889123687327,85.6142548054428,49.04846355388821,0.0,0.38857887057065765
8,P7,P7 / M8,9,spline,sample,1467,44,5,4000,0.9941065090227614,54.23967580016275,32.1734396292221,0.0,0.20901880776196965
8,P7,P7 / M8,9,spline,sample,1576,47,6,3000,0.9908177057130106,76.26529594406826,43.177550774429655,0.0,0.5637085363855802
8,P7,P7 / M8,9,spline,sample,1632,49,5,4000,0.9980664093033089,31.289565795867095,21.118737765329666,0.0,0.35600016814581514
8,P7,P7 / M8,9,spline,sample,1736,52,5,9000,0.9795747721203311,93.90693153793298,60.19894644379351,0.0,0.5891580934882549
8,P7,P7 / M8,9,spline,sample,1867,56,5,8000,0.9904813870319512,64.99528030126089,35.04176454284519,0.0,0.2743350812849493
8,P7,P7 / M8,9,spline,sample,2061,62,5,4000,0.9912789123344428,68.00935929480029,37.914153204533825,0.0,0.545498359478013
8,P7,P7 / M8,9,spline,sample,2192,66,5,3000,0.9858363574550897,89.04533783244035,54.380902366436914,1.0,0.17395846262252312
8,P7,P7 / M8,9,spline,sample,2237,67,6,4000,0.9948985825696384,55.37015332703257,37.69218403907255,0.0,0.33912066954522474
8,P7,P7 / M8,9,spline,sample,2276,68,6,10000,0.9853587214581437,90.60413323500255,61.209088715901025,0.0,0.2908115139899066
8,P7,P7 / M8,9,spline,sample,2296,69,5,8000,0.9919781270693389,61.17717878070549,36.23739917591591,0.0,0.5724848382808757
8,P7,P7 / M8,9,spline,sample,2319,70,4,9000,0.9907400655062005,74.36434873056255,50.927173997689444,0.0,0.4775175091774765
8,P7,P7 / M8,9,spline,sample,2345,71,4,2000,0.992782259751306,64.10841686238507,45.8133975436611,1.0,0.5639914177683976
8,P7,P7 / M8,9,spline,sample,2388,72,5,1000,0.9885927122936882,84.55894613043294,49.73933881127345,0.0,0.3593671035423177
8,P7,P7 / M8,9,spline,sample,2424,73,5,4000,0.9936316218589054,60.54402179702234,44.95365469996736,0.0,0.5234836915112258
8,P7,P7 / M8,9,spline,sample,2508,76,4,0,0.986828125070659,94.2131040377148,63.44736030447991,0.0,0.3833151379106538
8,P7,P7 / M8,9,spline,sample,2546,77,4,5000,0.9909952587544868,73.27881110060525,43.7839746773756,1.0,0.8727889311207421
8,P7,P7 / M8,9,spline,sample,2573,77,6,10000,0.9834104833857611,97.87343052232396,53.77082773178955,0.0,0.3998457630177221
8,P7,P7 / M8,9,spline,sample,2692,81,5,8000,0.9925917708468637,58.82219223999132,36.702777595945484,0.0,0.5274907394284285
8,P7,P7 / M8,9,spline,sample,2711,82,4,5000,0.9945227920693058,58.02597073451081,33.58280573510181,1.0,0.19246017866658827
8,P7,P7 / M8,9,spline,sample,2720,82,5,3000,0.9924396544778201,64.27767102852765,35.51117542815988,0.0,0.09939238672340725
8,P7,P7 / M8,9,spline,sample,2747,83,4,8000,0.9919267020851618,69.06074574311072,47.902150552997924,0.0,0.37120772956647474
8,P7,P7 / M8,9,spline,sample,2857,86,5,8000,0.992862889322376,57.767922592904064,34.654080078681325,0.0,0.2447028695513362
8,P7,P7 / M8,9,spline,sample,2858,86,5,9000,0.9945576587402106,49.199422928955734,32.69553049896799,0.0,0.3722138484806917
8,P7,P7 / M8,9,spline,sample,3158,95,6,1000,0.979114285260086,124.49949648956559,96.7795957537358,1.0,2.145649362053764
8,P7,P7 / M8,9,spline,sample,3159,95,6,2000,0.9846389744136003,103.825670838985,70.32159616909495,1.0,0.7551371143919787
8,P7,P7 / M8,9,spline,sample,3236,98,4,2000,0.9954656197352035,54.79435217182495,38.38688865721666,0.0,0.6944817561100968
8,P7,P7 / M8,9,spline,sample,3266,98,6,10000,0.9847835570024369,95.40941610482588,62.51414633174099,0.0,0.45160365218705883
8,P7,P7 / M8,9,spline,sample,3331,100,6,9000,0.9876402789989248,87.0457990481688,49.70932844038275,0.0,0.4913006076686675
8,P7,P7 / M8,9,spline,sample,3332,100,6,10000,0.9809721092531803,106.71810484502655,65.60646546559728,0.0,0.3747333232133823
8,P7,P7 / M8,9,spline,sample,3337,101,4,4000,0.9980913215596946,33.33086549667703,21.370266318086042,0.0,0.12620117717906565
8,P7,P7 / M8,9,spline,sample,3474,105,4,9000,0.9951363769565535,52.42957250484831,34.99672510902112,0.0,0.3205915147449195
8,P7,P7 / M8,9,spline,sample,3485,105,5,9000,0.9893202018265211,68.34842703372902,44.93767639527036,0.0,0.3811909541056787
8,P7,P7 / M8,9,spline,sample,3492,105,6,5000,0.9774603962229239,126.08017252415131,76.15001176007424,0.0,0.6528946557593761
8,P7,P7 / M8,9,spline,sample,3500,106,4,2000,0.9971189441004336,42.87865672695274,25.217290398877648,0.0,0.33670921806607207
8,P7,P7 / M8,9,spline,sample,3514,106,5,5000,0.9883152115903912,77.33766682273871,48.615819767426395,1.0,0.46007508191797863
8,P7,P7 / M8,9,spline,sample,3519,106,5,10000,0.9899406231363413,66.07479733563865,36.566636643315505,1.0,0.34708984567561774
8,P7,P7 / M8,9,spline,sample,3566,108,4,2000,0.9936702124898281,62.4444426153928,41.515612288039215,0.0,0.32962886089049825
8,P7,P7 / M8,9,spline,sample,3751,113,6,0,0.9887229937397949,91.80373268937333,72.75887905170163,0.0,1.0111243902147877
8,P7,P7 / M8,9,spline,sample,3772,114,4,10000,0.9950178755369076,53.50657184726512,36.29657324171107,0.0,0.6527036493941566
8,P7,P7 / M8,9,spline,sample,3805,115,4,10000,0.9936714726666499,60.73597639620761,45.60953249469097,1.0,0.7826260593862973
8,P7,P7 / M8,9,spline,sample,3828,116,4,0,0.9942157173793356,65.66549427765706,45.15433232369333,0.0,0.5153122766941143
8,P7,P7 / M8,9,spline,sample,3858,116,6,8000,0.9893064311198744,81.09256222289744,44.679240896597406,1.0,0.4062887377127913
8,P7,P7 / M8,9,spline,sample,3919,118,6,3000,0.9839499625675175,106.28287036948086,69.38538381325665,1.0,0.8619276150575454
8,P7,P7 / M8,9,spline,sample,4048,122,6,0,0.9953587613316377,60.514572886666365,38.69720169138558,0.0,1.1925093103194153
8,P7,P7 / M8,9,spline,sample,4188,126,6,8000,0.9822550788607288,103.60494825987068,56.98796567881738,0.0,0.5269146873225968
8,P7,P7 / M8,9,spline,sample,4189,126,6,9000,0.9834469817504736,103.89863789282595,64.47909600080573,1.0,0.5340299938145298
8,P7,P7 / M8,9,spline,sample,4193,127,4,2000,0.9949675246249088,55.43648564874012,37.1304297517545,0.0,0.5956451536490667
8,P7,P7 / M8,9,spline,sample,4225,128,4,1000,0.9926157505357415,70.42683102576991,44.99875647390094,0.0,0.49734338741773326
8,P7,P7 / M8,9,spline,sample,4448,134,6,4000,0.978555064513238,123.16113530749685,88.42448387231579,0.0,1.374626826439535
8,P7,P7 / M8,9,spline,sample,4461,135,4,6000,0.995952301071879,47.28490912938617,34.90140566067016,0.0,0.2738857266069588
8,P7,P7 / M8,9,spline,sample,4524,137,4,3000,0.9942472824907184,60.915343969466456,46.40669590943121,0.0,0.5846223924970986
8,P7,P7 / M8,9,spline,sample,4565,138,5,0,0.994240637153083,61.3219830848119,38.82890929423567,0.0,0.17386688857590513
8,P7,P7 / M8,9,spline,sample,4607,139,5,9000,0.9864986077081686,79.054209619791,49.91675467109816,1.0,0.5021974708916157
8,P7,P7 / M8,9,spline,sample,4647,140,6,5000,0.9945379379395722,59.94484974441213,36.29499165005198,0.0,0.3102654596075926
8,P7,P7 / M8,9,spline,sample,4717,142,6,9000,0.9847417173654769,98.83795496718025,72.71145196910346,1.0,0.7065552380861129
8,P7,P7 / M8,9,spline,sample,4776,144,6,2000,0.9888243340890085,85.11380541778887,50.21822303974889,0.0,0.6065476940540994
8,P7,P7 / M8,9,spline,sample,4792,145,4,7000,0.9957887642193864,49.03738182220572,29.995433398562646,0.0,0.347603184310307
8,P7,P7 / M8,9,spline,sample,4826,146,4,8000,0.985730197864364,92.7297845186439,54.73097500817497,1.0,0.3027540520763441
8,P7,P7 / M8,9,spline,sample,4849,146,6,9000,0.9925600634636125,63.99889423577742,37.59419213887574,0.0,0.4701228752266921
8,P7,P7 / M8,9,spline,sample,4869,147,5,7000,0.9901990366423324,63.812090514239145,42.955029416226395,1.0,0.4539679746182211
8,P7,P7 / M8,9,spline,sample,4877,147,6,4000,0.9921904533773097,71.96731782180119,40.228287824924024,0.0,0.29675926449102175
8,P7,P7 / M8,9,spline,sample,4929,149,5,1000,0.9948350075792396,56.34334874955582,29.839224748822502,1.0,0.14616915818035361
8,P7,P7 / M8,9,spline,sample,4949,149,6,10000,0.9813366780621483,106.22390815510951,65.88411803746197,0.0,0.4373403153548712
8,P7,P7 / M8,9,spline,sample,5043,152,6,5000,0.9919819470871005,73.48164922424218,46.51693096301224,0.0,0.3591095497059722
8,P7,P7 / M8,9,spline,sample,5101,154,5,8000,0.9915586360040194,63.83784746052722,29.499726349898236,0.0,0.5100252208971248
8,P7,P7 / M8,9,spline,sample,5112,154,6,8000,0.9892497468113234,84.27529333535924,64.07941162704205,0.0,1.227007823444416
8,P7,P7 / M8,9,spline,sample,5144,155,6,7000,0.9928427374806365,67.43635607567897,45.741416729717834,1.0,0.7209213012350204
8,P7,P7 / M8,9,spline,sample,5316,161,4,3000,0.9948181295185106,56.47422511870824,35.644599657368964,1.0,0.2565667795603293
8,P7,P7 / M8,9,spline,sample,5381,163,4,2000,0.9893196432127451,84.02535114682584,58.44301798924258,0.0,0.34356542188160877
8,P7,P7 / M8,9,spline,sample,5384,163,4,5000,0.9983895246274503,32.58885539842499,26.897162907782647,0.0,0.5235943106203801
8,P7,P7 / M8,9,spline,sample,5414,164,4,2000,0.9936757413914266,65.2479772011395,39.99259556008834,0.0,0.425489818529191
8,P7,P7 / M8,9,spline,sample,5534,167,6,1000,0.9829017155823133,110.04095875078832,61.658095408211324,0.0,0.4386769998448468
8,P7,P7 / M8,9,spline,sample,5617,170,4,7000,0.995773674138751,49.25746448083247,30.00600942219136,0.0,0.29536699519788084
8,P7,P7 / M8,9,spline,sample,5658,171,5,4000,0.9951430301314356,51.89767267191529,36.719866838524396,0.0,0.4626535684157437
8,P7,P7 / M8,9,spline,sample,5694,172,5,7000,0.995237949196619,49.83405934452792,28.779691779409003,1.0,0.29646859843766776
8,P7,P7 / M8,9,spline,sample,5816,176,4,8000,0.9835139780108976,99.4376900885061,62.509160085332404,1.0,0.665598323118276
8,P7,P7 / M8,9,spline,sample,5841,177,4,0,0.9942099979505983,61.019694301042264,38.118995978738546,0.0,0.43093029985186493
8,P7,P7 / M8,9,spline,sample,5843,177,4,2000,0.9959719280637335,51.77068852967738,35.230693450720935,1.0,0.2817679275367367
8,P7,P7 / M8,9,spline,sample,5858,177,5,6000,0.9857610618286241,84.50250198813912,54.048618915339866,0.0,0.48275568802563684
8,P7,P7 / M8,9,spline,sample,5887,178,5,2000,0.9867357082134616,87.45680873358167,57.123051022642755,0.0,0.29341571731205995
8,P7,P7 / M8,9,spline,sample,6248,189,5,0,0.9905850523710652,77.94392584773335,51.87503377671237,0.0,0.2392973918176591
8,P7,P7 / M8,9,spline,sample,6299,190,6,7000,0.9733620713600905,132.85004421073097,86.8747268289976,1.0,0.666858163418054
8,P7,P7 / M8,9,spline,sample,6359,192,6,1000,0.996176395603516,53.1665103968622,37.670538882018235,0.0,0.9827332432511942
8,P7,P7 / M8,9,spline,sample,6407,194,4,5000,0.9862164035668182,93.61124171297115,52.977877083022335,0.0,0.4236565925137495
8,P7,P7 / M8,9,spline,sample,6425,194,6,1000,0.9932503766857711,67.23032964572852,50.61229609328231,1.0,0.8974046379232932
8,P7,P7 / M8,9,spline,sample,6466,195,6,9000,0.990831659978713,75.77070706408571,55.06794000018402,1.0,0.5574979190325485
8,P7,P7 / M8,9,spline,sample,6743,204,5,0,0.9895517588595887,81.79438221234102,59.253142490054415,0.0,0.9024543258442713
8,P7,P7 / M8,9,spline,sample,6752,204,5,9000,0.9958602575315801,42.785231943542314,29.88323241446434,0.0,0.5621273634312389
8,P7,P7 / M8,9,spline,sample,6762,204,6,8000,0.972550529095632,125.25076614149914,83.3166763860181,1.0,0.4688240254426963
8,P7,P7 / M8,9,spline,sample,6839,207,4,8000,0.9966385380884739,45.53288779992976,31.17634799986531,0.0,0.5091544766364262
8,P7,P7 / M8,9,spline,sample,6878,208,5,3000,0.9922270313767503,64.80851111010635,39.475229630358115,0.0,0.18477653435341007
8,P7,P7 / M8,9,spline,sample,6970,211,4,7000,0.9952235968530583,53.522771295425144,37.291049219172,0.0,0.5629761177203354
8,P7,P7 / M8,9,spline,sample,6983,211,5,9000,0.9929547333741858,57.24927921578679,38.75089253815976,0.0,0.47880477751172096
8,P7,P7 / M8,9,spline,sample,6987,211,6,2000,0.9739164216006712,129.3535197039098,76.80660385586427,0.0,0.5012024337593788
8,P7,P7 / M8,9,spline,sample,7035,213,4,6000,0.9856242791898787,90.55862597125387,50.42056663911926,0.0,0.17551071539500093
8,P7,P7 / M8,9,spline,sample,7063,214,4,1000,0.9919926192029783,76.68663717027385,47.994121840248084,0.0,0.3959583477825337
8,P7,P7 / M8,9,spline,sample,7090,214,6,6000,0.995002307627839,58.64929048148507,48.72069567423219,0.0,0.8764175010369978
8,P7,P7 / M8,9,spline,sample,7141,216,5,2000,0.9915221856509893,70.72869901057678,44.498700371362446,0.0,0.24227813773385024
8,P7,P7 / M8,9,spline,sample,7214,218,5,9000,0.9943090634618709,51.87949548356185,32.81954511773807,0.0,0.2916385988517666
8,P7,P7 / M8,9,spline,sample,7257,219,6,8000,0.9933898807700698,64.57730785202132,42.418667438971795,0.0,0.5248536875933347
8,P7,P7 / M8,9,spline,sample,7309,221,5,5000,0.9918246780492177,63.85429528414355,34.07154920063072,0.0,0.3395232849946938
8,P7,P7 / M8,9,spline,sample,7333,222,4,7000,0.9841232786926544,96.2292404311748,60.15645715481449,1.0,0.49235281156310484
8,P7,P7 / M8,9,spline,sample,7411,224,5,8000,0.9764036116103626,102.73980693774612,50.66335369622551,0.0,0.20636538268043228
8,P7,P7 / M8,9,spline,sample,7422,224,6,8000,0.9766649250007504,122.53885850744713,72.50510133096734,0.0,0.6128212602720225
8,P7,P7 / M8,9,spline,sample,7439,225,5,3000,0.9887657224439237,77.15056674879345,46.91020430024166,0.0,0.3496585046305062
8,P7,P7 / M8,9,spline,sample,7451,225,6,4000,0.9915580929082619,71.22640079220112,41.56907045093282,1.0,0.35176081125821834
8,P7,P7 / M8,9,spline,sample,7578,229,5,10000,0.9970654968526027,35.762974143624575,22.151722724322575,1.0,0.30508628163104884
8,P7,P7 / M8,9,spline,sample,7764,235,4,9000,0.9848614522252358,91.42699008086556,55.335538769364014,0.0,0.3336787890672119
8,P7,P7 / M8,9,spline,sample,7785,235,6,8000,0.9863386367599138,95.01099474628545,54.888355272765295,0.0,0.5413856051933301
8,P7,P7 / M8,9,spline,sample,7869,238,5,4000,0.9907423779843134,72.40977329704482,45.04408361611154,1.0,0.42012875092408875
8,P7,P7 / M8,9,spline,sample,7884,238,6,8000,0.9918476519392994,73.60201027667226,48.33751648957751,0.0,0.5686665709145543
8,P7,P7 / M8,9,spline,sample,7923,240,4,3000,0.9926251028578661,69.844526698201,42.45934999790161,0.0,0.46819603757141226
8,P7,P7 / M8,9,spline,sample,7931,240,5,0,0.9895456064892639,83.77524461668389,56.21911448062007,0.0,0.3222900942087903
8,P7,P7 / M8,9,spline,sample,7948,240,6,6000,0.994678446433158,58.92192423432985,38.58511777390703,0.0,0.7822344018219267
8,P7,P7 / M8,9,spline,sample,7971,241,5,7000,0.9955648264356379,45.97043381681184,26.79456303362704,0.0,0.6009200070494582
8,P7,P7 / M8,9,spline,sample,8015,242,6,7000,0.9726971643423264,124.2236940857249,62.894079721020205,0.0,0.2702758647326278
8,P7,P7 / M8,9,spline,sample,8259,250,4,9000,0.9900369944408717,76.14980033729856,51.536378897628786,0.0,0.6348868505182007
8,P7,P7 / M8,9,spline,sample,8325,252,4,9000,0.9942801099972884,59.94384681730875,35.8908616940177,0.0,0.26545297225374487
8,P7,P7 / M8,9,spline,sample,8330,252,5,3000,0.9919555450280699,73.17677398368899,48.21599140067763,0.0,0.4043531988800021
8,P7,P7 / M8,9,spline,sample,8407,254,6,3000,0.9932685123258742,72.91715046212866,44.12831725380434,1.0,0.5890263324542112
8,P7,P7 / M8,9,spline,sample,8441,255,6,4000,0.9911804792562591,79.42299503365305,53.0678511883756,0.0,0.8300720173045653
8,P7,P7 / M8,9,source_pretrained_mlp,sample,33,1,4,0,-4.394691500607982,1761.2653353784808,730.6770019829273,7.0,0.6220174473792378
8,P7,P7 / M8,9,source_pretrained_mlp,sample,34,1,4,1000,0.7760636128676125,368.4437758197275,163.25711564834302,1.0,0.08618313447983227
8,P7,P7 / M8,9,source_pretrained_mlp,sample,107,3,4,8000,0.9952695644718489,50.27934121811838,30.671890117503978,1.0,0.1848354885165131
8,P7,P7 / M8,9,source_pretrained_mlp,sample,117,3,5,7000,0.8508053861023076,255.9251092067019,157.73921179771423,0.0,2.5777793304205083
8,P7,P7 / M8,9,source_pretrained_mlp,sample,166,5,4,1000,0.6339638719781453,455.9011419310302,260.38910494910346,1.0,1.4413752502019306
8,P7,P7 / M8,9,source_pretrained_mlp,sample,279,8,5,4000,0.987115798950927,80.21756976457401,52.425839265187584,1.0,0.312466550154764
8,P7,P7 / M8,9,source_pretrained_mlp,sample,281,8,5,6000,0.9757816181313977,107.41650362209023,52.47358442269839,1.0,0.5355405057521305
8,P7,P7 / M8,9,source_pretrained_mlp,sample,363,11,4,0,0.9655705387423111,152.1515928514851,80.5798057734289,1.0,0.21444744232857332
8,P7,P7 / M8,9,source_pretrained_mlp,sample,389,11,6,4000,0.9933535423054495,64.04407900753095,41.40606464510379,0.0,0.2019130029801728
8,P7,P7 / M8,9,source_pretrained_mlp,sample,423,12,6,5000,0.9441269912789563,181.06546759086143,99.49178239444028,1.0,0.6056302511128615
8,P7,P7 / M8,9,source_pretrained_mlp,sample,621,18,6,5000,0.9822759812663907,107.75918796522407,60.05803309679031,1.0,0.5244301107273605
8,P7,P7 / M8,9,source_pretrained_mlp,sample,642,19,5,4000,0.9950403251146801,51.47233081891729,33.25079852801103,0.0,0.29501844098579627
8,P7,P7 / M8,9,source_pretrained_mlp,sample,694,21,4,1000,0.9848308753250057,101.43180867824572,58.873600313538,0.0,0.27046086015266846
8,P7,P7 / M8,9,source_pretrained_mlp,sample,695,21,4,2000,0.9967775503644255,45.33627118190563,26.96078099682927,1.0,0.14501565174199793
8,P7,P7 / M8,9,source_pretrained_mlp,sample,782,23,6,1000,0.9887782441446771,89.28972259765311,58.230962080114026,0.0,0.5733911131936784
8,P7,P7 / M8,9,source_pretrained_mlp,sample,881,26,6,1000,0.9175311576973185,231.0551092367668,139.6696383498964,1.0,0.10345500316341903
8,P7,P7 / M8,9,source_pretrained_mlp,sample,990,30,4,0,0.9903500026977673,79.05935971370796,50.62330533067385,1.0,0.21610843923944936
8,P7,P7 / M8,9,source_pretrained_mlp,sample,997,30,4,7000,0.9891378878051956,80.68969080479631,56.50404303724115,0.0,0.7721725626634236
8,P7,P7 / M8,9,source_pretrained_mlp,sample,1035,31,5,1000,0.990803035271315,73.57523822632817,48.13110916068157,0.0,0.07724668030681582
8,P7,P7 / M8,9,source_pretrained_mlp,sample,1054,31,6,9000,0.99461591280316,55.71930282405216,37.158188819885254,1.0,0.3950594881035457
8,P7,P7 / M8,9,source_pretrained_mlp,sample,1056,32,4,0,0.9898381478976604,85.16456817312981,43.00534286499023,0.0,0.22967529766937522
8,P7,P7 / M8,9,source_pretrained_mlp,sample,1070,32,5,3000,0.9915116470141181,68.13082733474768,40.162654638290405,1.0,0.16736054485859736
8,P7,P7 / M8,9,source_pretrained_mlp,sample,1107,33,5,7000,0.9807464602584632,96.89900750075556,60.307474021911624,0.0,0.382390431369169
8,P7,P7 / M8,9,source_pretrained_mlp,sample,1168,35,5,2000,0.9867554791374934,86.54322166111747,49.934109138405844,0.0,0.898264467314202
8,P7,P7 / M8,9,source_pretrained_mlp,sample,1224,37,4,3000,0.9950380603811021,53.88522634293811,35.01986445983251,1.0,0.6116927180812852
8,P7,P7 / M8,9,source_pretrained_mlp,sample,1273,38,5,8000,-3460.835521723389,40662.65036635304,11117.734308454725,9.0,0.8245608770244722
8,P7,P7 / M8,9,source_pretrained_mlp,sample,1296,39,4,9000,0.9923593363531535,65.56074073165155,38.72705249786377,0.0,0.17686817529902288
8,P7,P7 / M8,9,source_pretrained_mlp,sample,1389,42,4,3000,0.9967724494416567,43.02217210436029,21.382568691458022,1.0,0.11830916073218813
8,P7,P7 / M8,9,source_pretrained_mlp,sample,1442,43,6,1000,0.98704956664596,95.03080389225201,60.53274658479189,0.0,0.27662088096475745
8,P7,P7 / M8,9,source_pretrained_mlp,sample,1467,44,5,4000,0.9901492899138451,70.1236546685354,47.51797389321857,0.0,0.21908770677994224
8,P7,P7 / M8,9,source_pretrained_mlp,sample,1576,47,6,3000,0.9896279298753349,81.05579659290724,31.32462542131543,0.0,0.06704441433177613
8,P7,P7 / M8,9,source_pretrained_mlp,sample,1632,49,5,4000,0.9910174485273872,67.43993139836792,40.85224134634648,1.0,0.4254746746187028
8,P7,P7 / M8,9,source_pretrained_mlp,sample,1736,52,5,9000,0.9648725380593896,123.15089732881971,78.33103752987725,1.0,0.4761202705013216
8,P7,P7 / M8,9,source_pretrained_mlp,sample,1867,56,5,8000,0.9825613513004675,87.97340492665731,51.37502220581318,0.0,0.13221801790806756
8,P7,P7 / M8,9,source_pretrained_mlp,sample,2061,62,5,4000,0.9809375935574595,100.54771836245136,69.4286887438401,1.0,1.2006583363038683
8,P7,P7 / M8,9,source_pretrained_mlp,sample,2192,66,5,3000,0.9785497198902685,109.58224435755866,63.43054789045583,1.0,0.4011655203483389
8,P7,P7 / M8,9,source_pretrained_mlp,sample,2237,67,6,4000,0.9847609019794059,95.69955680879463,57.733036860227585,1.0,0.5213025531240882
8,P7,P7 / M8,9,source_pretrained_mlp,sample,2276,68,6,10000,0.9877377630393607,82.91695802810993,48.278631095702835,1.0,0.11608804973431969
8,P7,P7 / M8,9,source_pretrained_mlp,sample,2296,69,5,8000,-2182.019702905233,31913.937041960457,6308.390112592624,13.0,0.442118200347908
8,P7,P7 / M8,9,source_pretrained_mlp,sample,2319,70,4,9000,0.9877962363840258,85.37047838210394,52.72196933497553,0.0,0.2167380249387838
8,P7,P7 / M8,9,source_pretrained_mlp,sample,2345,71,4,2000,0.9921003653794722,67.06839757829826,36.60434547918184,1.0,0.28336225863193665
8,P7,P7 / M8,9,source_pretrained_mlp,sample,2388,72,5,1000,0.9952511138532418,54.55872880585433,38.080320076508954,0.0,0.28476309311127707
8,P7,P7 / M8,9,source_pretrained_mlp,sample,2424,73,5,4000,0.9815930610164786,102.93134117540107,65.69804286956787,0.0,0.4623500811675864
8,P7,P7 / M8,9,source_pretrained_mlp,sample,2508,76,4,0,0.9934791622825312,66.28865536578537,33.69004740033831,0.0,0.47269532218969434
8,P7,P7 / M8,9,source_pretrained_mlp,sample,2546,77,4,5000,0.9926589443849321,66.16404568471432,34.92450867380415,1.0,0.6238902696694159
8,P7,P7 / M8,9,source_pretrained_mlp,sample,2573,77,6,10000,0.9442940442904645,179.3489175119363,96.17650260244098,1.0,0.53766053343155
8,P7,P7 / M8,9,source_pretrained_mlp,sample,2692,81,5,8000,0.9843197252977613,85.57774446174068,55.27656365185976,0.0,0.5781266320939973
8,P7,P7 / M8,9,source_pretrained_mlp,sample,2711,82,4,5000,0.9683229751557267,139.54522912025223,76.63735207102515,1.0,0.6178583627556237
8,P7,P7 / M8,9,source_pretrained_mlp,sample,2720,82,5,3000,0.8802624158483756,255.80236554388733,129.62280772129694,0.0,1.1987235626405617
8,P7,P7 / M8,9,source_pretrained_mlp,sample,2747,83,4,8000,-1722.2903274672947,31906.928528431632,6497.258129880978,9.0,0.20349723456446572
8,P7,P7 / M8,9,source_pretrained_mlp,sample,2857,86,5,8000,-2262.710536664518,32533.88898705478,7103.074374198914,8.0,0.3330223990253327
8,P7,P7 / M8,9,source_pretrained_mlp,sample,2858,86,5,9000,-2562.5584264464915,33766.70887918208,8541.10771455673,8.0,0.3717739876597378
8,P7,P7 / M8,9,source_pretrained_mlp,sample,3158,95,6,1000,0.9758635715938536,133.83799651595842,80.50626726711498,0.0,0.4959078801286517
8,P7,P7 / M8,9,source_pretrained_mlp,sample,3159,95,6,2000,0.993040851543491,69.8831849994384,42.63052777622057,0.0,0.6198878057224751
8,P7,P7 / M8,9,source_pretrained_mlp,sample,3236,98,4,2000,0.9848998138833347,99.99262684033317,54.20927619934082,0.0,0.31103688147007724
8,P7,P7 / M8,9,source_pretrained_mlp,sample,3266,98,6,10000,0.9694390560806094,135.21287533674246,79.07123494396608,0.0,0.14699457709461372
8,P7,P7 / M8,9,source_pretrained_mlp,sample,3331,100,6,9000,0.9889025489575812,82.48122482185315,51.041861285056385,0.0,0.3417089351830174
8,P7,P7 / M8,9,source_pretrained_mlp,sample,3332,100,6,10000,0.9785316547480609,113.35536119742646,63.73018832504749,1.0,0.16755482282306966
8,P7,P7 / M8,9,source_pretrained_mlp,sample,3337,101,4,4000,0.9839195332631883,96.74522346816451,49.08654087781906,0.0,0.47611906928569303
8,P7,P7 / M8,9,source_pretrained_mlp,sample,3474,105,4,9000,0.9970216782511749,41.02817217255159,25.16676904891546,0.0,0.11739470272966801
8,P7,P7 / M8,9,source_pretrained_mlp,sample,3485,105,5,9000,0.9872324864064075,74.73089196830954,44.812487147472524,1.0,0.27663552046977585
8,P7,P7 / M8,9,source_pretrained_mlp,sample,3492,105,6,5000,0.9661401208164103,154.53126431162514,87.23569649457932,0.0,1.3103186112732825
8,P7,P7 / M8,9,source_pretrained_mlp,sample,3500,106,4,2000,0.9356920035635986,202.58058398864665,84.39941408083989,0.0,0.07993277117183949
8,P7,P7 / M8,9,source_pretrained_mlp,sample,3514,106,5,5000,0.9841967497592794,89.94019982556648,59.6307822206746,1.0,0.9422641700041398
8,P7,P7 / M8,9,source_pretrained_mlp,sample,3519,106,5,10000,0.967639423990584,118.51093430701063,68.79918773357684,0.0,0.31480252552047205
8,P7,P7 / M8,9,source_pretrained_mlp,sample,3566,108,4,2000,0.9632501203560313,150.46212406100082,78.92566839131442,1.0,0.30215138204646763
8,P7,P7 / M8,9,source_pretrained_mlp,sample,3751,113,6,0,0.9925396057812701,74.66968468739383,52.11926610329572,0.0,0.6434763859378295
8,P7,P7 / M8,9,source_pretrained_mlp,sample,3772,114,4,10000,0.9958331322258037,48.93332196669536,32.07957080694345,0.0,0.5278668816307093
8,P7,P7 / M8,9,source_pretrained_mlp,sample,3805,115,4,10000,0.8941169258671088,248.43224184482722,98.53993412852287,1.0,0.2377806238878539
8,P7,P7 / M8,9,source_pretrained_mlp,sample,3828,116,4,0,0.9951963456194352,59.84093101551237,36.51247718459681,0.0,0.24082151899479812
8,P7,P7 / M8,9,source_pretrained_mlp,sample,3858,116,6,8000,0.9698570973192238,136.14829996324085,76.00630384683609,0.0,0.0651404802548133
8,P7,P7 / M8,9,source_pretrained_mlp,sample,3919,118,6,3000,0.9825670418571226,110.76710208114518,61.9962807203594,1.0,0.24928255019020143
8,P7,P7 / M8,9,source_pretrained_mlp,sample,4048,122,6,0,0.9967013900361991,51.01624676493723,28.905311955346,0.0,0.43085601105613275
8,P7,P7 / M8,9,source_pretrained_mlp,sample,4188,126,6,8000,0.9823673904319922,103.27655838702901,41.995649366378785,1.0,0.40203751549031363
8,P7,P7 / M8,9,source_pretrained_mlp,sample,4189,126,6,9000,0.980042067273198,114.08512807266654,67.79590045778374,1.0,0.375882624724308
8,P7,P7 / M8,9,source_pretrained_mlp,sample,4193,127,4,2000,0.9942894073716824,59.05347403862659,35.247337227282316,0.0,0.5411478907893896
8,P7,P7 / M8,9,source_pretrained_mlp,sample,4225,128,4,1000,0.9953785014654387,55.71554419140549,32.35414124670483,0.0,0.45427126561608305
8,P7,P7 / M8,9,source_pretrained_mlp,sample,4448,134,6,4000,0.9957409316676198,54.88688899423616,33.98937160968781,1.0,0.5617856304139146
8,P7,P7 / M8,9,source_pretrained_mlp,sample,4461,135,4,6000,0.013752892128662486,738.0934124138553,183.09414819876352,9.0,41.05207529629675
8,P7,P7 / M8,9,source_pretrained_mlp,sample,4524,137,4,3000,0.9936842992766457,63.826487926715956,37.08117740804499,1.0,0.4504365640467476
8,P7,P7 / M8,9,source_pretrained_mlp,sample,4565,138,5,0,0.9674125233716213,145.86608847282795,87.61989176273346,1.0,3.9306136094760706
8,P7,P7 / M8,9,source_pretrained_mlp,sample,4607,139,5,9000,0.8637712683161584,251.11351056837748,116.85139406138453,2.0,0.45605021555179037
8,P7,P7 / M8,9,source_pretrained_mlp,sample,4647,140,6,5000,0.9935665835684843,65.05705395079167,33.42349941080267,0.0,0.324130675293113
8,P7,P7 / M8,9,source_pretrained_mlp,sample,4717,142,6,9000,0.9741386679425119,128.67564937503053,72.20186745036732,1.0,0.1921371265313256
8,P7,P7 / M8,9,source_pretrained_mlp,sample,4776,144,6,2000,0.9848173640493346,99.20576086113158,60.28362329109855,0.0,0.4728083792235459
8,P7,P7 / M8,9,source_pretrained_mlp,sample,4792,145,4,7000,0.994218519508517,57.456878488136034,28.89628870146615,0.0,0.1284637667682686
8,P7,P7 / M8,9,source_pretrained_mlp,sample,4826,146,4,8000,0.9911551010616344,73.00569042155443,47.95116576694307,1.0,0.1351514743255773
8,P7,P7 / M8,9,source_pretrained_mlp,sample,4849,146,6,9000,0.9547119120013283,157.89917022467122,88.42851111094157,0.0,1.1560279141573881
8,P7,P7 / M8,9,source_pretrained_mlp,sample,4869,147,5,7000,0.9735083645001948,104.91147070657401,56.9383197480982,2.0,0.3669805161764249
8,P7,P7 / M8,9,source_pretrained_mlp,sample,4877,147,6,4000,0.991144887304457,76.6336396400746,42.799131500720975,0.0,0.11017708706292527
8,P7,P7 / M8,9,source_pretrained_mlp,sample,4929,149,5,1000,0.9938775689751803,61.34367097824993,32.068062514066696,1.0,0.22628374431980444
8,P7,P7 / M8,9,source_pretrained_mlp,sample,4949,149,6,10000,0.9618903887704883,151.79066414777034,72.87261690543248,1.0,0.3247532907660853
8,P7,P7 / M8,9,source_pretrained_mlp,sample,5043,152,6,5000,0.9893498675005212,84.6880126568217,45.76985903580984,1.0,0.1192018074970799
8,P7,P7 / M8,9,source_pretrained_mlp,sample,5101,154,5,8000,0.9314762272338052,181.88318639088502,112.81515132529395,2.0,0.43414779091425226
8,P7,P7 / M8,9,source_pretrained_mlp,sample,5112,154,6,8000,0.9963726453766484,48.953746473795306,31.23048550742013,0.0,0.17651316742145157
8,P7,P7 / M8,9,source_pretrained_mlp,sample,5144,155,6,7000,0.9871015821659805,90.52923332548939,43.73083216803415,1.0,0.18154986347054974
8,P7,P7 / M8,9,source_pretrained_mlp,sample,5316,161,4,3000,0.9866597979634691,90.6125197233126,49.800636142492294,1.0,0.06382627438202457
8,P7,P7 / M8,9,source_pretrained_mlp,sample,5381,163,4,2000,0.9949271491152049,57.90865844707529,37.367186492139645,1.0,0.2860027841221645
8,P7,P7 / M8,9,source_pretrained_mlp,sample,5384,163,4,5000,-2111.497325672931,37324.16899685036,8634.709585120803,9.0,9.814439847988508
8,P7,P7 / M8,9,source_pretrained_mlp,sample,5414,164,4,2000,0.9969496583600398,45.314426059116,27.936077685583207,1.0,0.22476013915341564
8,P7,P7 / M8,9,source_pretrained_mlp,sample,5534,167,6,1000,0.9639136757585665,159.8635381246205,99.04699576528449,0.0,0.19885204101433854
8,P7,P7 / M8,9,source_pretrained_mlp,sample,5617,170,4,7000,0.9867057485160453,87.36198798888631,44.251945316791534,1.0,0.49177067860093415
8,P7,P7 / M8,9,source_pretrained_mlp,sample,5658,171,5,4000,0.9579174860968335,152.7622392173256,91.28206584670328,1.0,5.4884160645580335
8,P7,P7 / M8,9,source_pretrained_mlp,sample,5694,172,5,7000,0.9931809157079305,59.63377224535004,36.46318335118501,0.0,0.3162884516342465
8,P7,P7 / M8,9,source_pretrained_mlp,sample,5816,176,4,8000,0.9814551597836628,105.46409680386033,68.57801593433727,1.0,0.7264583819448603
8,P7,P7 / M8,9,source_pretrained_mlp,sample,5841,177,4,0,0.9860678160838363,94.65428260589404,56.47530466814836,0.0,0.3108245740045827
8,P7,P7 / M8,9,source_pretrained_mlp,sample,5843,177,4,2000,0.9968106091957151,46.06692257342952,31.006309055146716,1.0,0.22204763967789343
8,P7,P7 / M8,9,source_pretrained_mlp,sample,5858,177,5,6000,0.9750562681494852,111.8436882724725,70.30980810523033,0.0,0.23255215132816354
8,P7,P7 / M8,9,source_pretrained_mlp,sample,5887,178,5,2000,0.9838003913563482,96.65044412471352,53.35788575808207,1.0,0.1732699195972408
8,P7,P7 / M8,9,source_pretrained_mlp,sample,6248,189,5,0,0.990435253053538,78.56155378330529,49.801595313208445,0.0,0.4527601103254984
8,P7,P7 / M8,9,source_pretrained_mlp,sample,6299,190,6,7000,0.9766744409723702,124.31613751140345,79.04733551873102,1.0,0.25938591750951
8,P7,P7 / M8,9,source_pretrained_mlp,sample,6359,192,6,1000,0.9869799783103866,98.10870289033515,63.33321521017287,0.0,0.5070095935981745
8,P7,P7 / M8,9,source_pretrained_mlp,sample,6407,194,4,5000,-2080.271872514969,36375.68153258145,8190.134717202187,9.0,0.4875615941496738
8,P7,P7 / M8,9,source_pretrained_mlp,sample,6425,194,6,1000,0.9939804495246432,63.490318076718246,42.21078698886068,1.0,0.5383558624654696
8,P7,P7 / M8,9,source_pretrained_mlp,sample,6466,195,6,9000,0.9915269119641216,72.84115837349502,45.07755230231719,1.0,0.38015178050230697
8,P7,P7 / M8,9,source_pretrained_mlp,sample,6743,204,5,0,0.9853493835126896,96.85673672676063,65.28644085557838,1.0,0.42661667837288914
8,P7,P7 / M8,9,source_pretrained_mlp,sample,6752,204,5,9000,0.9236310752099552,183.76617102806364,77.25468494341924,0.0,0.1426631399997965
8,P7,P7 / M8,9,source_pretrained_mlp,sample,6762,204,6,8000,0.80595465885876,333.0159327367221,180.4359178922393,2.0,0.5472350475089728
8,P7,P7 / M8,9,source_pretrained_mlp,sample,6839,207,4,8000,0.9888491769288359,82.93055279346468,55.62118682861328,0.0,3.7109684157318608
8,P7,P7 / M8,9,source_pretrained_mlp,sample,6878,208,5,3000,0.990302374334488,72.38878626979987,45.90792712298307,0.0,0.7409068757487721
8,P7,P7 / M8,9,source_pretrained_mlp,sample,6970,211,4,7000,0.9913473719998473,72.03807856669927,37.583922895518214,1.0,0.36150605639282984
8,P7,P7 / M8,9,source_pretrained_mlp,sample,6983,211,5,9000,0.9735161099952975,110.9972436206891,57.39156909422441,1.0,0.46857168678128314
8,P7,P7 / M8,9,source_pretrained_mlp,sample,6987,211,6,2000,0.9968331077142658,45.07246503210615,26.95842409133911,1.0,0.2826108892178417
8,P7,P7 / M8,9,source_pretrained_mlp,sample,7035,213,4,6000,0.9561209365937979,158.21355316795007,73.79271073066272,2.0,0.20512036491228114
8,P7,P7 / M8,9,source_pretrained_mlp,sample,7063,214,4,1000,0.9915675090185503,78.69595232550601,53.56231644418504,1.0,0.5529072891475715
8,P7,P7 / M8,9,source_pretrained_mlp,sample,7090,214,6,6000,0.798842030479095,372.08882254691713,166.8666756529557,3.0,0.25533840918866185
8,P7,P7 / M8,9,source_pretrained_mlp,sample,7141,216,5,2000,0.9752213273847518,120.91849623113822,63.95040150122209,0.0,0.16007980637080768
8,P7,P7 / M8,9,source_pretrained_mlp,sample,7214,218,5,9000,0.833078933414983,280.9696744281623,168.65180851862982,2.0,0.33685957210989825
8,P7,P7 / M8,9,source_pretrained_mlp,sample,7257,219,6,8000,0.9920637137417606,70.7593689990667,39.80976643562317,1.0,0.32989936145322807
8,P7,P7 / M8,9,source_pretrained_mlp,sample,7309,221,5,5000,0.8515862015217326,272.06634623937407,130.800537109375,1.0,1.8988098793598414
8,P7,P7 / M8,9,source_pretrained_mlp,sample,7333,222,4,7000,0.8515113709172679,294.2884691743704,119.85782516996066,1.0,1.5257136973340848
8,P7,P7 / M8,9,source_pretrained_mlp,sample,7411,224,5,8000,0.9058431101093914,205.2305597962392,104.87410594866826,0.0,0.30905922005636377
8,P7,P7 / M8,9,source_pretrained_mlp,sample,7422,224,6,8000,0.9453846260285774,187.4678012732616,93.99768587946892,1.0,0.2933801083907724
8,P7,P7 / M8,9,source_pretrained_mlp,sample,7439,225,5,3000,0.9864157351480636,84.83686591674503,60.25872681357644,1.0,0.7737004809383471
8,P7,P7 / M8,9,source_pretrained_mlp,sample,7451,225,6,4000,0.9864361978943971,90.28413417048898,55.13931588331858,1.0,0.7611200238983221
8,P7,P7 / M8,9,source_pretrained_mlp,sample,7578,229,5,10000,-1.6000981269813699,1064.5380964936776,458.1259941831231,11.0,7.575424379018243
8,P7,P7 / M8,9,source_pretrained_mlp,sample,7764,235,4,9000,0.9736700100947195,120.57510832934481,58.48901906838784,1.0,0.1094161943309017
8,P7,P7 / M8,9,source_pretrained_mlp,sample,7785,235,6,8000,0.9070627332838053,247.8116923153094,125.19452918711163,2.0,0.35832375076892714
8,P7,P7 / M8,9,source_pretrained_mlp,sample,7869,238,5,4000,0.977029643190313,114.0594665469841,55.187385766402535,1.0,0.7703934066013931
8,P7,P7 / M8,9,source_pretrained_mlp,sample,7884,238,6,8000,0.9808165151632944,112.90471301036334,80.0216763927823,1.0,0.798379899088274
8,P7,P7 / M8,9,source_pretrained_mlp,sample,7923,240,4,3000,-12.947382126965117,3037.391300887277,982.1068652808666,11.0,158.81254264880187
8,P7,P7 / M8,9,source_pretrained_mlp,sample,7931,240,5,0,0.9755285068942872,128.17299045243158,94.05689065796989,1.0,1.2020325180184308
8,P7,P7 / M8,9,source_pretrained_mlp,sample,7948,240,6,6000,0.7373159109483606,413.9754494144672,168.92927206130256,0.0,0.46379691049169613
8,P7,P7 / M8,9,source_pretrained_mlp,sample,7971,241,5,7000,0.8835173679184463,235.58838765755505,121.28745344410773,0.0,1.3942578700441022
8,P7,P7 / M8,9,source_pretrained_mlp,sample,8015,242,6,7000,0.8790493660312045,261.45962679148806,112.12922361622687,1.0,0.30399851698108665
8,P7,P7 / M8,9,source_pretrained_mlp,sample,8259,250,4,9000,-90.38325208700587,7293.01131446893,2222.069547597481,7.0,0.5961341223690809
8,P7,P7 / M8,9,source_pretrained_mlp,sample,8325,252,4,9000,-593.7094300151092,19328.723955450834,3907.3576839351654,10.0,0.7246281255855695
8,P7,P7 / M8,9,source_pretrained_mlp,sample,8330,252,5,3000,-1807.435721895361,34695.76643424924,7503.819725524296,12.0,0.1532338465623341
8,P7,P7 / M8,9,source_pretrained_mlp,sample,8407,254,6,3000,-3.067342487588813,1792.3777030830115,470.5099260078536,10.0,85.22031261011907
8,P7,P7 / M8,9,source_pretrained_mlp,sample,8441,255,6,4000,0.6304771434703291,514.0962316326039,252.04394366627648,2.0,1.0315971018901664
8,P7,P7 / M8,9,proposed_prior_regularized,sample,33,1,4,0,0.9894363257819644,77.93795029106495,39.07167507211367,1.0,0.19697544658221314
8,P7,P7 / M8,9,proposed_prior_regularized,sample,34,1,4,1000,0.9945265592657245,57.60220396863266,31.165661720129158,1.0,0.14763382152791812
8,P7,P7 / M8,9,proposed_prior_regularized,sample,107,3,4,8000,0.9985621392482331,27.720268302576446,16.703242072352655,1.0,0.16395210363567175
8,P7,P7 / M8,9,proposed_prior_regularized,sample,117,3,5,7000,0.985385907005539,80.09810807572913,46.08280010058962,0.0,0.3064011123354345
8,P7,P7 / M8,9,proposed_prior_regularized,sample,166,5,4,1000,0.9944663942868739,56.05480023614353,29.063387587114615,0.0,0.5340592052984902
8,P7,P7 / M8,9,proposed_prior_regularized,sample,279,8,5,4000,0.9945957495130081,51.952743829319594,29.036785664381803,0.0,0.23497768337770786
8,P7,P7 / M8,9,proposed_prior_regularized,sample,281,8,5,6000,0.9915078019764275,63.607526427295994,40.19667767561399,1.0,0.3485360935580905
8,P7,P7 / M8,9,proposed_prior_regularized,sample,363,11,4,0,0.9942554751082715,62.14961570459439,32.99243372136896,1.0,0.27199379212142266
8,P7,P7 / M8,9,proposed_prior_regularized,sample,389,11,6,4000,0.9904650401886226,76.70846560753324,46.70182276808697,0.0,0.43499863765189095
8,P7,P7 / M8,9,proposed_prior_regularized,sample,423,12,6,5000,0.9824721049468794,101.4143668074474,60.33898750595424,0.0,0.283785984811429
8,P7,P7 / M8,9,proposed_prior_regularized,sample,621,18,6,5000,0.9890757384144986,84.59978421615766,55.01147371530533,0.0,0.3629497316552288
8,P7,P7 / M8,9,proposed_prior_regularized,sample,642,19,5,4000,0.9849104955217602,89.78105814339277,55.76252919893999,1.0,0.07762779164590444
8,P7,P7 / M8,9,proposed_prior_regularized,sample,694,21,4,1000,0.867257859605015,300.0532376810612,164.38188398511787,1.0,0.7939266828641764
8,P7,P7 / M8,9,proposed_prior_regularized,sample,695,21,4,2000,0.9919598202617469,71.6119676762251,38.30051757891973,0.0,0.10025801561191038
8,P7,P7 / M8,9,proposed_prior_regularized,sample,782,23,6,1000,0.9960211419573969,53.16799562085731,35.13876948637121,1.0,0.4042681694566303
8,P7,P7 / M8,9,proposed_prior_regularized,sample,881,26,6,1000,0.9877768018927134,88.95350245858471,49.27033302897499,1.0,0.07149391041425684
8,P7,P7 / M8,9,proposed_prior_regularized,sample,990,30,4,0,0.9979696903499955,36.2635933649171,21.160194118817646,1.0,0.2909813428390823
8,P7,P7 / M8,9,proposed_prior_regularized,sample,997,30,4,7000,0.9947242838905215,56.23434202745214,34.65532540191304,0.0,0.5965870047650877
8,P7,P7 / M8,9,proposed_prior_regularized,sample,1035,31,5,1000,0.9778743570754858,114.11884463568249,74.60437408089638,1.0,0.175290178794501
8,P7,P7 / M8,9,proposed_prior_regularized,sample,1054,31,6,9000,0.9931779258905459,62.7202596864123,43.71772506713867,1.0,0.3753424070785996
8,P7,P7 / M8,9,proposed_prior_regularized,sample,1056,32,4,0,0.9977976229237914,39.647732335797954,26.339946806430817,1.0,0.14993320569220392
8,P7,P7 / M8,9,proposed_prior_regularized,sample,1070,32,5,3000,0.9837827576144075,94.17170879750107,52.5159538936615,0.0,0.35306484470777283
8,P7,P7 / M8,9,proposed_prior_regularized,sample,1107,33,5,7000,0.9846106277054328,86.6312316620479,57.82541935920715,1.0,0.3225431641439068
8,P7,P7 / M8,9,proposed_prior_regularized,sample,1168,35,5,2000,0.9956239057139603,49.74601169744426,34.04563534778097,0.0,0.7989987595649852
8,P7,P7 / M8,9,proposed_prior_regularized,sample,1224,37,4,3000,0.9936464151508891,60.975222105586,35.25189190109571,1.0,0.44312754214950273
8,P7,P7 / M8,9,proposed_prior_regularized,sample,1273,38,5,8000,0.9979878463366223,31.00080984210341,20.41803988703975,1.0,0.4235224956856187
8,P7,P7 / M8,9,proposed_prior_regularized,sample,1296,39,4,9000,0.9345146191923973,191.9333703228013,116.15445425987244,1.0,0.20402139096779304
8,P7,P7 / M8,9,proposed_prior_regularized,sample,1389,42,4,3000,0.997948833972938,34.29700633381479,18.219162481171743,1.0,0.12409882775268123
8,P7,P7 / M8,9,proposed_prior_regularized,sample,1442,43,6,1000,0.9884458420612084,89.76176888177866,55.5010412994184,0.0,0.3373400620647439
8,P7,P7 / M8,9,proposed_prior_regularized,sample,1467,44,5,4000,0.9913399264631558,65.74936509533119,38.58380501800113,0.0,0.7916859390142964
8,P7,P7 / M8,9,proposed_prior_regularized,sample,1576,47,6,3000,0.9870899680887534,90.43051704707425,37.36298029124737,0.0,0.08342151509451536
8,P7,P7 / M8,9,proposed_prior_regularized,sample,1632,49,5,4000,0.9985614539180407,26.98852512846852,17.417062827519008,0.0,0.4834119726292351
8,P7,P7 / M8,9,proposed_prior_regularized,sample,1736,52,5,9000,0.9803588223805659,92.08692184676046,59.23952330010278,0.0,0.572536200772359
8,P7,P7 / M8,9,proposed_prior_regularized,sample,1867,56,5,8000,0.9894036505561554,68.57615369932267,37.63778123105394,0.0,0.159110019324347
8,P7,P7 / M8,9,proposed_prior_regularized,sample,2061,62,5,4000,0.9910702911355695,68.8179937199997,42.42911338806152,1.0,0.6267928301286201
8,P7,P7 / M8,9,proposed_prior_regularized,sample,2192,66,5,3000,0.9833602945816984,96.51537975532844,54.39080292245616,1.0,0.10926215237855977
8,P7,P7 / M8,9,proposed_prior_regularized,sample,2237,67,6,4000,0.992738996245549,66.0584875352693,38.56431778907776,1.0,0.49389191038288943
8,P7,P7 / M8,9,proposed_prior_regularized,sample,2276,68,6,10000,0.9839995614724163,94.71624045596383,53.72497057914734,0.0,0.20339962032955808
8,P7,P7 / M8,9,proposed_prior_regularized,sample,2296,69,5,8000,0.9940348361010989,52.75489301571522,34.3109178176293,0.0,0.12171566773675473
8,P7,P7 / M8,9,proposed_prior_regularized,sample,2319,70,4,9000,0.9868888319329315,88.48741615893748,52.245526106461234,0.0,0.229049802207591
8,P7,P7 / M8,9,proposed_prior_regularized,sample,2345,71,4,2000,0.9968044297481854,42.65683339412217,23.69274353981018,1.0,0.2767296164864251
8,P7,P7 / M8,9,proposed_prior_regularized,sample,2388,72,5,1000,0.9914572939623134,73.17556681814315,44.15965123610063,0.0,0.29307974372033035
8,P7,P7 / M8,9,proposed_prior_regularized,sample,2424,73,5,4000,0.9970349395866492,41.31175248147886,27.999880337715148,0.0,0.1788357955823257
8,P7,P7 / M8,9,proposed_prior_regularized,sample,2508,76,4,0,0.9874021546833757,92.13733560772164,46.36219730831328,0.0,0.37549179285989126
8,P7,P7 / M8,9,proposed_prior_regularized,sample,2546,77,4,5000,0.9953710594560755,52.53921710344444,29.7973537899199,1.0,0.5134240840477413
8,P7,P7 / M8,9,proposed_prior_regularized,sample,2573,77,6,10000,0.9465926088238107,175.60975100730107,93.61830977882657,0.0,0.7499223480123746
8,P7,P7 / M8,9,proposed_prior_regularized,sample,2692,81,5,8000,0.9936718484310207,54.365381339844774,35.291160225868225,0.0,0.46515097628900376
8,P7,P7 / M8,9,proposed_prior_regularized,sample,2711,82,4,5000,0.9970020256951657,42.92959126976953,24.4356106411327,1.0,0.27388515047003936
8,P7,P7 / M8,9,proposed_prior_regularized,sample,2720,82,5,3000,0.9955144544752434,49.51045813028644,30.259418318669002,1.0,0.11983516758468525
8,P7,P7 / M8,9,proposed_prior_regularized,sample,2747,83,4,8000,0.991955713798934,68.93654781133516,45.026473357127266,0.0,0.3169846243483095
8,P7,P7 / M8,9,proposed_prior_regularized,sample,2857,86,5,8000,0.9910068359397514,64.84579102336365,40.1433948802948,0.0,0.40957680122088325
8,P7,P7 / M8,9,proposed_prior_regularized,sample,2858,86,5,9000,0.9805161335305672,93.09035700486046,56.65216805384709,1.0,0.16630752720257297
8,P7,P7 / M8,9,proposed_prior_regularized,sample,3158,95,6,1000,0.990960829883446,81.90439448167007,60.90036301051869,1.0,0.5582306987539044
8,P7,P7 / M8,9,proposed_prior_regularized,sample,3159,95,6,2000,0.9910529880108823,79.23802627373489,49.95767941682235,0.0,0.6353819438374597
8,P7,P7 / M8,9,proposed_prior_regularized,sample,3236,98,4,2000,0.9970966114952332,43.84594189580347,22.53010782741365,0.0,0.08773487157395803
8,P7,P7 / M8,9,proposed_prior_regularized,sample,3266,98,6,10000,0.9872975937981732,87.17213136118023,50.03272054096063,0.0,0.10207869093111625
8,P7,P7 / M8,9,proposed_prior_regularized,sample,3331,100,6,9000,0.9833561616983357,101.01136188643756,51.90406660806565,1.0,0.24121714544722944
8,P7,P7 / M8,9,proposed_prior_regularized,sample,3332,100,6,10000,0.9837788496625999,98.53343073651308,51.417401204506554,0.0,0.2599417250637328
8,P7,P7 / M8,9,proposed_prior_regularized,sample,3337,101,4,4000,0.9983565643182096,30.928336590929987,18.15641419376646,0.0,0.10325615354668032
8,P7,P7 / M8,9,proposed_prior_regularized,sample,3474,105,4,9000,0.9845653159460414,93.39964700846055,56.87335206453617,0.0,0.07804662993861501
8,P7,P7 / M8,9,proposed_prior_regularized,sample,3485,105,5,9000,0.9883850333834217,71.27807863744755,44.73010275099013,1.0,0.3517528106202288
8,P7,P7 / M8,9,proposed_prior_regularized,sample,3492,105,6,5000,0.964775894641913,157.61358285646656,84.73778746128082,0.0,0.14607273924013736
8,P7,P7 / M8,9,proposed_prior_regularized,sample,3500,106,4,2000,0.9954118873162212,54.11060217555064,29.753614985025845,0.0,0.17196780492419536
8,P7,P7 / M8,9,proposed_prior_regularized,sample,3514,106,5,5000,0.9947003743257171,52.083868923813085,30.21890317875406,1.0,0.8401924946256315
8,P7,P7 / M8,9,proposed_prior_regularized,sample,3519,106,5,10000,0.9897683526913114,66.63817290126232,36.52214271288652,1.0,0.24854953845788022
8,P7,P7 / M8,9,proposed_prior_regularized,sample,3566,108,4,2000,0.9963377667732514,47.49766139815604,32.161889119581744,0.0,0.21504680759199085
8,P7,P7 / M8,9,proposed_prior_regularized,sample,3751,113,6,0,0.984605270186782,107.26288271807834,69.54336982614853,0.0,0.561136506554657
8,P7,P7 / M8,9,proposed_prior_regularized,sample,3772,114,4,10000,0.9956711914434146,49.8751287712934,31.932126274475685,0.0,0.5662195461795523
8,P7,P7 / M8,9,proposed_prior_regularized,sample,3805,115,4,10000,0.997232741505061,40.16239028813477,28.60948391755422,1.0,0.29830174166930046
8,P7,P7 / M8,9,proposed_prior_regularized,sample,3828,116,4,0,0.9936475676697112,68.8149009485806,38.19299525963633,0.0,0.22757225812722773
8,P7,P7 / M8,9,proposed_prior_regularized,sample,3858,116,6,8000,0.99435932376465,58.895928584653156,34.3781232436498,1.0,0.07655698049938921
8,P7,P7 / M8,9,proposed_prior_regularized,sample,3919,118,6,3000,0.9782540924974639,123.71262390142691,67.84770128601475,1.0,0.15290846824716012
8,P7,P7 / M8,9,proposed_prior_regularized,sample,4048,122,6,0,0.9943010160752523,67.05663211140424,40.98110951317681,0.0,0.20246327618493912
8,P7,P7 / M8,9,proposed_prior_regularized,sample,4188,126,6,8000,0.9855887216223715,93.36728172816944,41.10549217224121,0.0,0.8439273698968045
8,P7,P7 / M8,9,proposed_prior_regularized,sample,4189,126,6,9000,0.9821490059830935,107.8952832038475,62.667921555669686,1.0,0.40044519679197477
8,P7,P7 / M8,9,proposed_prior_regularized,sample,4193,127,4,2000,0.997341073077493,40.29564039960513,24.347495897956517,1.0,0.2592199663367541
8,P7,P7 / M8,9,proposed_prior_regularized,sample,4225,128,4,1000,0.9941660869871727,62.598646284527796,35.76252385548183,0.0,0.1252376515687125
8,P7,P7 / M8,9,proposed_prior_regularized,sample,4448,134,6,4000,0.9967947773359207,47.61463001660611,32.5154091835022,1.0,0.8779400374601549
8,P7,P7 / M8,9,proposed_prior_regularized,sample,4461,135,4,6000,0.9950807238697863,52.12775944243345,28.26660618075618,1.0,0.23150251969245353
8,P7,P7 / M8,9,proposed_prior_regularized,sample,4524,137,4,3000,0.9979392002008807,36.45927920169063,25.39218418164687,0.0,0.2551867404024249
8,P7,P7 / M8,9,proposed_prior_regularized,sample,4565,138,5,0,0.9907713556121345,77.62434104794676,45.27551685273647,0.0,0.07598655286543356
8,P7,P7 / M8,9,proposed_prior_regularized,sample,4607,139,5,9000,0.9898572563484948,68.5193836170076,37.87529231762064,1.0,0.4425115469605728
8,P7,P7 / M8,9,proposed_prior_regularized,sample,4647,140,6,5000,0.9941377726628018,62.10190020088558,34.80026795647361,1.0,0.32128287183631105
8,P7,P7 / M8,9,proposed_prior_regularized,sample,4717,142,6,9000,0.9928043109444361,67.87457408107313,42.724703366106205,1.0,0.1563998972704592
8,P7,P7 / M8,9,proposed_prior_regularized,sample,4776,144,6,2000,0.9915102665215951,74.18401442293205,36.24974611531133,1.0,0.13513945238946404
8,P7,P7 / M8,9,proposed_prior_regularized,sample,4792,145,4,7000,0.9977219527237199,36.066488618564236,21.833608848708018,1.0,0.16255164906358585
8,P7,P7 / M8,9,proposed_prior_regularized,sample,4826,146,4,8000,0.9859936381104364,91.86983716045349,53.653478486197336,1.0,0.28591476730188375
8,P7,P7 / M8,9,proposed_prior_regularized,sample,4849,146,6,9000,0.9906733521973153,71.65568357394527,35.61015789906184,0.0,0.41085832659974775
8,P7,P7 / M8,9,proposed_prior_regularized,sample,4869,147,5,7000,0.9926570772389532,55.23356430020762,29.815951838637844,1.0,0.3905433019787036
8,P7,P7 / M8,9,proposed_prior_regularized,sample,4877,147,6,4000,0.9942790742500343,61.59643278465,30.25764927864075,0.0,0.09290898431441486
8,P7,P7 / M8,9,proposed_prior_regularized,sample,4929,149,5,1000,0.9940067598708259,60.693006411808646,36.432777444521584,1.0,0.1301368815691414
8,P7,P7 / M8,9,proposed_prior_regularized,sample,4949,149,6,10000,0.9900162963805403,77.69152422610662,44.48993951540727,0.0,0.3678824610300716
8,P7,P7 / M8,9,proposed_prior_regularized,sample,5043,152,6,5000,0.9938586238591668,64.30981863694294,35.685144195954,1.0,0.24611201381050019
8,P7,P7 / M8,9,proposed_prior_regularized,sample,5101,154,5,8000,0.9946359564871576,50.888314537105465,24.259453935282572,0.0,0.40902150031080275
8,P7,P7 / M8,9,proposed_prior_regularized,sample,5112,154,6,8000,0.9975920576805838,39.88540131660171,25.53908830597287,0.0,0.23560269021329547
8,P7,P7 / M8,9,proposed_prior_regularized,sample,5144,155,6,7000,0.9937575728883203,62.979232206988094,38.85547363190424,1.0,0.15474769243562303
8,P7,P7 / M8,9,proposed_prior_regularized,sample,5316,161,4,3000,0.9919694347300811,70.30400431959266,42.74014297810694,1.0,0.3941595343747417
8,P7,P7 / M8,9,proposed_prior_regularized,sample,5381,163,4,2000,0.9940263787171303,62.840017661661435,42.689809105613016,0.0,0.1574330583323273
8,P7,P7 / M8,9,proposed_prior_regularized,sample,5384,163,4,5000,0.9985089030442821,31.357758061356854,21.4583030750877,0.0,0.1918158318054601
8,P7,P7 / M8,9,proposed_prior_regularized,sample,5414,164,4,2000,0.9969713435818072,45.15306609055252,24.738616909299576,0.0,0.09048676762074069
8,P7,P7 / M8,9,proposed_prior_regularized,sample,5534,167,6,1000,0.9816851101735884,113.88859948417746,63.18307018280029,0.0,0.18202377952614193
8,P7,P7 / M8,9,proposed_prior_regularized,sample,5617,170,4,7000,0.9939427259052842,58.969735018971456,30.232950474534714,0.0,0.37364310966006237
8,P7,P7 / M8,9,proposed_prior_regularized,sample,5658,171,5,4000,0.9929905651626433,62.34572495702812,41.83252993496981,0.0,0.31419741437470566
8,P7,P7 / M8,9,proposed_prior_regularized,sample,5694,172,5,7000,0.9952094855477043,49.98277110141725,30.33007111756698,1.0,0.33807020014456635
8,P7,P7 / M8,9,proposed_prior_regularized,sample,5816,176,4,8000,0.9832253854036969,100.30425700020128,51.74569677222859,1.0,0.2355601769727282
8,P7,P7 / M8,9,proposed_prior_regularized,sample,5841,177,4,0,0.9956314988725621,53.002565927670865,29.31155065695445,1.0,0.3636649708647773
8,P7,P7 / M8,9,proposed_prior_regularized,sample,5843,177,4,2000,0.9867802932477756,93.78777713148703,58.95088774817331,1.0,0.27512688192351764
8,P7,P7 / M8,9,proposed_prior_regularized,sample,5858,177,5,6000,0.9803175568669467,99.35054835291275,57.48864635825157,0.0,0.33423449823151347
8,P7,P7 / M8,9,proposed_prior_regularized,sample,5887,178,5,2000,0.9925592228741698,65.50293210816277,42.11210494949704,0.0,0.33505065781033
8,P7,P7 / M8,9,proposed_prior_regularized,sample,6248,189,5,0,0.9959150595851979,51.34122008235468,33.26349910100301,0.0,0.1021627684657504
8,P7,P7 / M8,9,proposed_prior_regularized,sample,6299,190,6,7000,0.9730881541927061,133.5313441171129,82.36818427509732,1.0,0.33750260929903025
8,P7,P7 / M8,9,proposed_prior_regularized,sample,6359,192,6,1000,0.995473248103794,57.84888946160578,36.78491348690457,1.0,0.7916643218452335
8,P7,P7 / M8,9,proposed_prior_regularized,sample,6407,194,4,5000,0.986121570903659,93.93271754551178,49.93453584909439,0.0,0.10455107202590662
8,P7,P7 / M8,9,proposed_prior_regularized,sample,6425,194,6,1000,0.9882954895400352,88.53237188697364,54.459670531122306,0.0,0.4673794136704609
8,P7,P7 / M8,9,proposed_prior_regularized,sample,6466,195,6,9000,0.9928743080862148,66.79892984486557,42.42047463763844,1.0,0.326737025452847
8,P7,P7 / M8,9,proposed_prior_regularized,sample,6743,204,5,0,0.9805160616256581,111.69667791605386,66.99268632186086,1.0,0.3422025783479575
8,P7,P7 / M8,9,proposed_prior_regularized,sample,6752,204,5,9000,0.9958076433262191,43.056263710445734,26.95725648219769,0.0,0.42505547454862325
8,P7,P7 / M8,9,proposed_prior_regularized,sample,6762,204,6,8000,0.9745450543444696,120.61449124084912,79.30398935621434,1.0,0.347715330581914
8,P7,P7 / M8,9,proposed_prior_regularized,sample,6839,207,4,8000,0.9982764987652587,32.60370066652071,22.65392174720764,0.0,0.3686509192029651
8,P7,P7 / M8,9,proposed_prior_regularized,sample,6878,208,5,3000,0.9946559985484907,53.736808635176985,31.602210597558454,0.0,0.13425720283117937
8,P7,P7 / M8,9,proposed_prior_regularized,sample,6970,211,4,7000,0.9956987640339049,50.7907631836851,31.79556188800118,0.0,0.47475686213919926
8,P7,P7 / M8,9,proposed_prior_regularized,sample,6983,211,5,9000,0.9703571060763795,117.43068828232558,77.11840711940418,0.0,0.5205781835558263
8,P7,P7 / M8,9,proposed_prior_regularized,sample,6987,211,6,2000,0.9933868280683836,65.13277342421235,42.90515383084615,1.0,0.3951433553659816
8,P7,P7 / M8,9,proposed_prior_regularized,sample,7035,213,4,6000,0.9888095732441969,79.89844628300781,43.41112918578661,0.0,0.13611588482068138
8,P7,P7 / M8,9,proposed_prior_regularized,sample,7063,214,4,1000,0.9925847912857367,73.79656417006083,47.45807597372267,0.0,0.2550357563116818
8,P7,P7 / M8,9,proposed_prior_regularized,sample,7090,214,6,6000,0.9935519670971018,66.61800533327026,38.20079950282448,1.0,0.3333391736005633
8,P7,P7 / M8,9,proposed_prior_regularized,sample,7141,216,5,2000,0.991450101249494,71.02875536515367,48.45192099701274,1.0,0.3669259396353642
8,P7,P7 / M8,9,proposed_prior_regularized,sample,7214,218,5,9000,0.9945844044888692,50.60890985865974,32.19882023334503,0.0,0.29427186076798306
8,P7,P7 / M8,9,proposed_prior_regularized,sample,7257,219,6,8000,0.9937995068119547,62.544396549251175,39.68841938972473,0.0,0.30880302719926667
8,P7,P7 / M8,9,proposed_prior_regularized,sample,7309,221,5,5000,0.9854587733664473,85.16050058128083,48.85263653154726,1.0,0.5401289422659183
8,P7,P7 / M8,9,proposed_prior_regularized,sample,7333,222,4,7000,0.9901183956608632,75.91723416760978,44.879812290271126,1.0,0.2321055146549872
8,P7,P7 / M8,9,proposed_prior_regularized,sample,7411,224,5,8000,0.9848843745677319,82.2297629100369,50.64835672195141,1.0,0.24363122920081295
8,P7,P7 / M8,9,proposed_prior_regularized,sample,7422,224,6,8000,0.9646871468944629,150.7424723094891,81.91899223327637,0.0,0.39475276911094676
8,P7,P7 / M8,9,proposed_prior_regularized,sample,7439,225,5,3000,0.9869063656338396,83.29072658603761,50.69763075221669,0.0,0.25911164675795134
8,P7,P7 / M8,9,proposed_prior_regularized,sample,7451,225,6,4000,0.990940657680883,73.78516456751487,46.59391958372934,1.0,0.5844768480771187
8,P7,P7 / M8,9,proposed_prior_regularized,sample,7578,229,5,10000,0.9973889567929753,33.734429356282824,21.711774940843934,1.0,0.36031340346380863
8,P7,P7 / M8,9,proposed_prior_regularized,sample,7764,235,4,9000,0.992536181546634,64.19672131145643,39.74945726761451,0.0,0.16788235493983028
8,P7,P7 / M8,9,proposed_prior_regularized,sample,7785,235,6,8000,0.9819282777953197,109.27645975943966,64.98974553743999,1.0,0.3482324326029749
8,P7,P7 / M8,9,proposed_prior_regularized,sample,7869,238,5,4000,0.9936907856584418,59.77713637530498,36.574876194414884,2.0,0.13503923276598395
8,P7,P7 / M8,9,proposed_prior_regularized,sample,7884,238,6,8000,0.9938327715690354,64.01670796940235,40.367323228291106,0.0,0.6513862430312799
8,P7,P7 / M8,9,proposed_prior_regularized,sample,7923,240,4,3000,0.9937067063306182,64.51985667142783,40.36716052293777,0.0,0.1559087736462381
8,P7,P7 / M8,9,proposed_prior_regularized,sample,7931,240,5,0,0.9903071748332108,80.66617656554916,55.37492658978417,0.0,0.36319622260755746
8,P7,P7 / M8,9,proposed_prior_regularized,sample,7948,240,6,6000,0.9900157013026019,80.70798132768878,54.00056750433786,1.0,0.4469142319781125
8,P7,P7 / M8,9,proposed_prior_regularized,sample,7971,241,5,7000,0.9946130567743884,50.66341861833965,28.99749895800715,0.0,0.3377485920125485
8,P7,P7 / M8,9,proposed_prior_regularized,sample,8015,242,6,7000,0.9823847541454618,99.78032562180205,56.42057647912399,1.0,0.3748640317427184
8,P7,P7 / M8,9,proposed_prior_regularized,sample,8259,250,4,9000,0.9981600286404684,32.72495922696096,22.82881404005963,0.0,0.7621661666179207
8,P7,P7 / M8,9,proposed_prior_regularized,sample,8325,252,4,9000,0.9972518534242935,41.54997028614493,26.791670045852662,0.0,0.4086304488108179
8,P7,P7 / M8,9,proposed_prior_regularized,sample,8330,252,5,3000,0.9883423401759235,88.09081665309871,53.75532537156885,0.0,0.15981129977696507
8,P7,P7 / M8,9,proposed_prior_regularized,sample,8407,254,6,3000,0.9838422037301509,112.97054527520432,65.71914491388533,1.0,0.38822406966861467
8,P7,P7 / M8,9,proposed_prior_regularized,sample,8441,255,6,4000,0.9702394636242321,145.89625506249345,83.94255718730744,0.0,0.9796369698802537
