{
  "task_count": 150,
  "train": {
    "point_level": {
      "mse": 29000.9453125,
      "rmse": 170.29664611816406,
      "mae": 63.002620697021484,
      "r2": 0.976744843356082,
      "num_points": 1901
    },
    "task_level": {
      "mean_mse": 28656.676126861574,
      "mean_rmse": 104.8638893286387,
      "mean_mae": 62.714907817840576,
      "mean_r2": 0.9771244555268197,
      "median_r2": 0.9949730956492242
    }
  },
  "val": {
    "point_level": {
      "mse": 18609.142578125,
      "rmse": 136.4153289794922,
      "mae": 69.17424011230469,
      "r2": 0.9825379065531015,
      "num_points": 618
    },
    "task_level": {
      "mean_mse": 18781.59023707072,
      "mean_rmse": 107.79273721377055,
      "mean_mae": 69.20276502609254,
      "mean_r2": 0.9774278877036924,
      "median_r2": 0.9906357002378482
    }
  },
  "test": {
    "point_level": {
      "mse": 22658.3125,
      "rmse": 150.5267791748047,
      "mae": 76.28791046142578,
      "r2": 0.9733710645187343,
      "num_points": 618
    },
    "task_level": {
      "mean_mse": 22838.246893107098,
      "mean_rmse": 116.39424269358317,
      "mean_mae": 76.3329407564799,
      "mean_r2": 0.9726641259598333,
      "median_r2": 0.9890500989440145
    }
  },
  "target_task_count": 150,
  "parameter_dim": 609
}