{
  "task_count": 150,
  "train": {
    "point_level": {
      "mse": 24456.3046875,
      "rmse": 156.38511657714844,
      "mae": 58.81830978393555,
      "r2": 0.9785455119433837,
      "num_points": 2202
    },
    "task_level": {
      "mean_mse": 23942.317979065516,
      "mean_rmse": 106.24323934435844,
      "mean_mae": 58.411225192546844,
      "mean_r2": 0.9780440765161008,
      "median_r2": 0.9953164029330567
    }
  },
  "val": {
    "point_level": {
      "mse": 29565.611328125,
      "rmse": 171.946533203125,
      "mae": 76.34850311279297,
      "r2": 0.9739692620613392,
      "num_points": 730
    },
    "task_level": {
      "mean_mse": 30643.44278421402,
      "mean_rmse": 131.53256172815958,
      "mean_mae": 78.3120521291097,
      "mean_r2": 0.9716675129080299,
      "median_r2": 0.9894739043535359
    }
  },
  "test": {
    "point_level": {
      "mse": 39111.0859375,
      "rmse": 197.76522827148438,
      "mae": 82.83343505859375,
      "r2": 0.9643150437624236,
      "num_points": 730
    },
    "task_level": {
      "mean_mse": 39266.01205525716,
      "mean_rmse": 145.80974223454794,
      "mean_mae": 83.76970302581788,
      "mean_r2": 0.9590037055894634,
      "median_r2": 0.986900366001792
    }
  },
  "target_task_count": 150,
  "parameter_dim": 609
}