{
  "task_count": 20,
  "train": {
    "point_level": {
      "mse": 48209.41796875,
      "rmse": 219.56643676757812,
      "mae": 83.85140228271484,
      "r2": 0.9625959340663153,
      "num_points": 246
    },
    "task_level": {
      "mean_mse": 49103.478286743164,
      "mean_rmse": 137.6151319503784,
      "mean_mae": 84.44504661560059,
      "mean_r2": 0.9625044789774002,
      "median_r2": 0.994013095321205
    }
  },
  "val": {
    "point_level": {
      "mse": 20598.68359375,
      "rmse": 143.5224151611328,
      "mae": 77.17349243164062,
      "r2": 0.9791543846992609,
      "num_points": 82
    },
    "task_level": {
      "mean_mse": 20944.682145690917,
      "mean_rmse": 116.51687450408936,
      "mean_mae": 77.65622053146362,
      "mean_r2": 0.9635435327118236,
      "median_r2": 0.9944078433078584
    }
  },
  "test": {
    "point_level": {
      "mse": 24603.96875,
      "rmse": 156.8565216064453,
      "mae": 74.81495666503906,
      "r2": 0.9691803762837731,
      "num_points": 82
    },
    "task_level": {
      "mean_mse": 25088.074862480164,
      "mean_rmse": 119.607248711586,
      "mean_mae": 75.62837057113647,
      "mean_r2": 0.9713016181861389,
      "median_r2": 0.9918416912084579
    }
  },
  "target_task_count": 20,
  "parameter_dim": 609
}