{
  "task_count": 8448,
  "train": {
    "point_level": {
      "mse": 13987.8740234375,
      "rmse": 118.27033996582031,
      "mae": 50.272037506103516,
      "r2": 0.9860457537449009,
      "num_points": 127042
    },
    "task_level": {
      "mean_mse": 14543.768002322427,
      "mean_rmse": 91.4327136666047,
      "mean_mae": 51.079510032620114,
      "mean_r2": 0.9863826138334206,
      "median_r2": 0.9946578075901781
    }
  },
  "val": {
    "point_level": {
      "mse": 20086.875,
      "rmse": 141.72817993164062,
      "mae": 68.28983306884766,
      "r2": 0.9797901788317926,
      "num_points": 42640
    },
    "task_level": {
      "mean_mse": 20799.592237056768,
      "mean_rmse": 114.87776260123108,
      "mean_mae": 69.45639460093595,
      "mean_r2": 0.9780966137452106,
      "median_r2": 0.990529862521923
    }
  },
  "test": {
    "point_level": {
      "mse": 21710.60546875,
      "rmse": 147.34518432617188,
      "mae": 69.35636901855469,
      "r2": 0.9767116907622068,
      "num_points": 42640
    },
    "task_level": {
      "mean_mse": 21995.84323050601,
      "mean_rmse": 118.71783919796121,
      "mean_mae": 70.05791503425236,
      "mean_r2": 0.9738800350186779,
      "median_r2": 0.989294801464697
    }
  },
  "target_task_count": 8448,
  "parameter_dim": 609
}