{
  "csv_path": "C:\\Users\\lzz\\Desktop\\GPD-master\\GPD-master\\Data\\split_by_model\\model_6.csv",
  "domain_summary": {
    "csv_path": "C:\\Users\\lzz\\Desktop\\GPD-master\\GPD-master\\Data\\split_by_model\\model_6.csv",
    "source_retentions": [
      1,
      2,
      3
    ],
    "target_retentions": [
      4,
      5,
      6
    ],
    "min_task_points": 12,
    "source_task_count": 8448,
    "target_task_count": 8448,
    "duplicate_condition_step_rows_averaged": 298607,
    "source_num_points_mean": 23.201349431818183,
    "target_num_points_mean": 24.279711174242426,
    "step_scaler_scope": "source_only",
    "condition_scaler_scope": "all_tasks"
  },
  "source_pretrain_summary": {
    "source_task_count": 150,
    "parameter_dim": 609,
    "mean_train_mse": 1576.6571000552178,
    "mean_train_rmse": 34.13963672320048,
    "mean_train_mae": 16.68643904129664,
    "mean_train_r2": 0.9986338560846413
  },
  "target_transfer_report": {
    "task_count": 150,
    "train": {
      "point_level": {
        "mse": 25488.5625,
        "rmse": 159.65138244628906,
        "mae": 62.89476013183594,
        "r2": 0.9764292215735196,
        "num_points": 2173
      },
      "task_level": {
        "mean_mse": 25965.985952809653,
        "mean_rmse": 111.85755851427714,
        "mean_mae": 63.29406787872315,
        "mean_r2": 0.9769854578652558,
        "median_r2": 0.9953540819844267
      }
    },
    "val": {
      "point_level": {
        "mse": 34780.265625,
        "rmse": 186.4946746826172,
        "mae": 78.1474380493164,
        "r2": 0.9662885142538498,
        "num_points": 726
      },
      "task_level": {
        "mean_mse": 36547.08516245524,
        "mean_rmse": 129.83560428619384,
        "mean_mae": 79.35690081596374,
        "mean_r2": 0.9659685057821829,
        "median_r2": 0.9909350856966395
      }
    },
    "test": {
      "point_level": {
        "mse": 39952.45703125,
        "rmse": 199.881103515625,
        "mae": 79.21729278564453,
        "r2": 0.9569721493030848,
        "num_points": 726
      },
      "task_level": {
        "mean_mse": 42004.52183573405,
        "mean_rmse": 134.46367870330812,
        "mean_mae": 79.84099664052327,
        "mean_r2": 0.9434378331105885,
        "median_r2": 0.9899383293577038
      }
    },
    "target_task_count": 150,
    "parameter_dim": 609
  },
  "one_group_one_network_check": {
    "group_key": [
      "WL",
      "Retention",
      "PEC"
    ],
    "source_task_count": 150,
    "target_task_count": 150,
    "source_parameter_rows": 150,
    "generated_parameter_rows": 150,
    "target_finetuned_parameter_rows": 150,
    "parameter_dim": {
      "source": 609,
      "generated": 609,
      "target_finetuned": 609
    },
    "verified": true
  },
  "artifacts": {
    "source_params": "C:\\Users\\lzz\\Desktop\\GPD-master\\GPD-master\\Pretrain\\artifacts\\curve_transfer_batch\\model_6\\sample\\tanh_32x16_e140_g100_r1\\source_params.npy",
    "diffusion_samples": "C:\\Users\\lzz\\Desktop\\GPD-master\\GPD-master\\GPD\\Output\\sampleSeq_RealParams_52601.npy",
    "target_finetuned_params": "C:\\Users\\lzz\\Desktop\\GPD-master\\GPD-master\\Pretrain\\artifacts\\curve_transfer_batch\\model_6\\sample\\tanh_32x16_e140_g100_r1\\target_finetuned_params.npy",
    "target_metrics_csv": "C:\\Users\\lzz\\Desktop\\GPD-master\\GPD-master\\Pretrain\\artifacts\\curve_transfer_batch\\model_6\\sample\\tanh_32x16_e140_g100_r1\\target_task_metrics.csv",
    "target_report_json": "C:\\Users\\lzz\\Desktop\\GPD-master\\GPD-master\\Pretrain\\artifacts\\curve_transfer_batch\\model_6\\sample\\tanh_32x16_e140_g100_r1\\target_transfer_report.json",
    "diffusion_samples_snapshot": "C:\\Users\\lzz\\Desktop\\GPD-master\\GPD-master\\Pretrain\\artifacts\\curve_transfer_batch\\model_6\\sample\\tanh_32x16_e140_g100_r1\\sampleSeq_RealParams_52601.npy"
  },
  "meta": {
    "model_index": 6,
    "run_kind": "sample",
    "stage_name": "sample",
    "candidate_name": "tanh_32x16_e140_g100_r1",
    "artifacts_dir": "C:\\Users\\lzz\\Desktop\\GPD-master\\GPD-master\\Pretrain\\artifacts\\curve_transfer_batch\\model_6\\sample\\tanh_32x16_e140_g100_r1",
    "effective_source_task_count": 150,
    "effective_target_task_count": 150,
    "frac_test_r2_gt_0_9": 0.9266666666666666,
    "frac_test_r2_lt_0": 0.006666666666666667,
    "min_test_r2": -2.988655473979044,
    "p05_test_r2": 0.8559342459983496,
    "point_test_r2": 0.9569721493030848,
    "task_mean_test_r2": 0.9434378331105885
  }
}