{
  "task_count": 150,
  "train": {
    "point_level": {
      "mse": 25488.5625,
      "rmse": 159.65138244628906,
      "mae": 62.89476013183594,
      "r2": 0.9764292215735196,
      "num_points": 2173
    },
    "task_level": {
      "mean_mse": 25965.985952809653,
      "mean_rmse": 111.85755851427714,
      "mean_mae": 63.29406787872315,
      "mean_r2": 0.9769854578652558,
      "median_r2": 0.9953540819844267
    }
  },
  "val": {
    "point_level": {
      "mse": 34780.265625,
      "rmse": 186.4946746826172,
      "mae": 78.1474380493164,
      "r2": 0.9662885142538498,
      "num_points": 726
    },
    "task_level": {
      "mean_mse": 36547.08516245524,
      "mean_rmse": 129.83560428619384,
      "mean_mae": 79.35690081596374,
      "mean_r2": 0.9659685057821829,
      "median_r2": 0.9909350856966395
    }
  },
  "test": {
    "point_level": {
      "mse": 39952.45703125,
      "rmse": 199.881103515625,
      "mae": 79.21729278564453,
      "r2": 0.9569721493030848,
      "num_points": 726
    },
    "task_level": {
      "mean_mse": 42004.52183573405,
      "mean_rmse": 134.46367870330812,
      "mean_mae": 79.84099664052327,
      "mean_r2": 0.9434378331105885,
      "median_r2": 0.9899383293577038
    }
  },
  "target_task_count": 150,
  "parameter_dim": 609
}