{
  "csv_path": "C:\\Users\\lzz\\Desktop\\GPD-master\\GPD-master\\Data\\split_by_model\\model_8.csv",
  "domain_summary": {
    "csv_path": "C:\\Users\\lzz\\Desktop\\GPD-master\\GPD-master\\Data\\split_by_model\\model_8.csv",
    "source_retentions": [
      1,
      2,
      3
    ],
    "target_retentions": [
      4,
      5,
      6
    ],
    "min_task_points": 12,
    "source_task_count": 8448,
    "target_task_count": 8448,
    "duplicate_condition_step_rows_averaged": 399537,
    "source_num_points_mean": 31.36434659090909,
    "target_num_points_mean": 32.203243371212125,
    "step_scaler_scope": "source_only",
    "condition_scaler_scope": "all_tasks"
  },
  "source_pretrain_summary": {
    "source_task_count": 150,
    "parameter_dim": 609,
    "mean_train_mse": 1694.400949605306,
    "mean_train_rmse": 38.06039711634318,
    "mean_train_mae": 18.989610293706257,
    "mean_train_r2": 0.9974005953366191
  },
  "target_transfer_report": {
    "task_count": 150,
    "train": {
      "point_level": {
        "mse": 4125.49609375,
        "rmse": 64.23002624511719,
        "mae": 30.928499221801758,
        "r2": 0.9931464526489778,
        "num_points": 2899
      },
      "task_level": {
        "mean_mse": 4232.921421000163,
        "mean_rmse": 56.26733497619629,
        "mean_mae": 31.331101503372192,
        "mean_r2": 0.9930760219954986,
        "median_r2": 0.9957902109103838
      }
    },
    "val": {
      "point_level": {
        "mse": 5883.75537109375,
        "rmse": 76.70564270019531,
        "mae": 37.795387268066406,
        "r2": 0.9904857688804131,
        "num_points": 964
      },
      "task_level": {
        "mean_mse": 6052.497289937337,
        "mean_rmse": 66.13237836201985,
        "mean_mae": 38.299359248479206,
        "mean_r2": 0.9898823272437384,
        "median_r2": 0.9944482229997049
      }
    },
    "test": {
      "point_level": {
        "mse": 6798.18359375,
        "rmse": 82.45109558105469,
        "mae": 40.43137741088867,
        "r2": 0.9881915985604692,
        "num_points": 964
      },
      "task_level": {
        "mean_mse": 7091.899149119059,
        "mean_rmse": 69.82792925198873,
        "mean_mae": 41.171969153086344,
        "mean_r2": 0.9879455983163321,
        "median_r2": 0.9947928822945076
      }
    },
    "target_task_count": 150,
    "parameter_dim": 609
  },
  "one_group_one_network_check": {
    "group_key": [
      "WL",
      "Retention",
      "PEC"
    ],
    "source_task_count": 150,
    "target_task_count": 150,
    "source_parameter_rows": 150,
    "generated_parameter_rows": 150,
    "target_finetuned_parameter_rows": 150,
    "parameter_dim": {
      "source": 609,
      "generated": 609,
      "target_finetuned": 609
    },
    "verified": true
  },
  "artifacts": {
    "source_params": "C:\\Users\\lzz\\Desktop\\GPD-master\\GPD-master\\Pretrain\\artifacts\\curve_transfer_batch\\model_8\\sample\\tanh_32x16_e140_g100_r1\\source_params.npy",
    "diffusion_samples": "C:\\Users\\lzz\\Desktop\\GPD-master\\GPD-master\\GPD\\Output\\sampleSeq_RealParams_52801.npy",
    "target_finetuned_params": "C:\\Users\\lzz\\Desktop\\GPD-master\\GPD-master\\Pretrain\\artifacts\\curve_transfer_batch\\model_8\\sample\\tanh_32x16_e140_g100_r1\\target_finetuned_params.npy",
    "target_metrics_csv": "C:\\Users\\lzz\\Desktop\\GPD-master\\GPD-master\\Pretrain\\artifacts\\curve_transfer_batch\\model_8\\sample\\tanh_32x16_e140_g100_r1\\target_task_metrics.csv",
    "target_report_json": "C:\\Users\\lzz\\Desktop\\GPD-master\\GPD-master\\Pretrain\\artifacts\\curve_transfer_batch\\model_8\\sample\\tanh_32x16_e140_g100_r1\\target_transfer_report.json",
    "diffusion_samples_snapshot": "C:\\Users\\lzz\\Desktop\\GPD-master\\GPD-master\\Pretrain\\artifacts\\curve_transfer_batch\\model_8\\sample\\tanh_32x16_e140_g100_r1\\sampleSeq_RealParams_52801.npy"
  },
  "meta": {
    "model_index": 8,
    "run_kind": "sample",
    "stage_name": "sample",
    "candidate_name": "tanh_32x16_e140_g100_r1",
    "artifacts_dir": "C:\\Users\\lzz\\Desktop\\GPD-master\\GPD-master\\Pretrain\\artifacts\\curve_transfer_batch\\model_8\\sample\\tanh_32x16_e140_g100_r1",
    "effective_source_task_count": 150,
    "effective_target_task_count": 150,
    "frac_test_r2_gt_0_9": 0.9866666666666667,
    "frac_test_r2_lt_0": 0.0,
    "min_test_r2": 0.8771171830961385,
    "p05_test_r2": 0.9587824608199694,
    "point_test_r2": 0.9881915985604692,
    "task_mean_test_r2": 0.9879455983163321
  }
}