{
  "task_count": 150,
  "train": {
    "point_level": {
      "mse": 4125.49609375,
      "rmse": 64.23002624511719,
      "mae": 30.928499221801758,
      "r2": 0.9931464526489778,
      "num_points": 2899
    },
    "task_level": {
      "mean_mse": 4232.921421000163,
      "mean_rmse": 56.26733497619629,
      "mean_mae": 31.331101503372192,
      "mean_r2": 0.9930760219954986,
      "median_r2": 0.9957902109103838
    }
  },
  "val": {
    "point_level": {
      "mse": 5883.75537109375,
      "rmse": 76.70564270019531,
      "mae": 37.795387268066406,
      "r2": 0.9904857688804131,
      "num_points": 964
    },
    "task_level": {
      "mean_mse": 6052.497289937337,
      "mean_rmse": 66.13237836201985,
      "mean_mae": 38.299359248479206,
      "mean_r2": 0.9898823272437384,
      "median_r2": 0.9944482229997049
    }
  },
  "test": {
    "point_level": {
      "mse": 6798.18359375,
      "rmse": 82.45109558105469,
      "mae": 40.43137741088867,
      "r2": 0.9881915985604692,
      "num_points": 964
    },
    "task_level": {
      "mean_mse": 7091.899149119059,
      "mean_rmse": 69.82792925198873,
      "mean_mae": 41.171969153086344,
      "mean_r2": 0.9879455983163321,
      "median_r2": 0.9947928822945076
    }
  },
  "target_task_count": 150,
  "parameter_dim": 609
}