{
  "csv_path": "C:\\Users\\lzz\\Desktop\\GPD-master\\GPD-master\\Data\\split_by_model\\model_4.csv",
  "domain_summary": {
    "csv_path": "C:\\Users\\lzz\\Desktop\\GPD-master\\GPD-master\\Data\\split_by_model\\model_4.csv",
    "source_retentions": [
      1,
      2,
      3
    ],
    "target_retentions": [
      4,
      5,
      6
    ],
    "min_task_points": 12,
    "source_task_count": 8448,
    "target_task_count": 8448,
    "duplicate_condition_step_rows_averaged": 303852,
    "source_num_points_mean": 23.739583333333332,
    "target_num_points_mean": 24.529474431818183,
    "step_scaler_scope": "source_only",
    "condition_scaler_scope": "all_tasks"
  },
  "source_pretrain_summary": {
    "source_task_count": 8448,
    "parameter_dim": 609,
    "mean_train_mse": 5401.2213875930665,
    "mean_train_rmse": 51.06443914858921,
    "mean_train_mae": 26.33605565221726,
    "mean_train_r2": 0.9956321306591267
  },
  "target_transfer_report": {
    "task_count": 8448,
    "train": {
      "point_level": {
        "mse": 19505.87890625,
        "rmse": 139.6634521484375,
        "mae": 57.554725646972656,
        "r2": 0.982178747076496,
        "num_points": 124331
      },
      "task_level": {
        "mean_mse": 19959.07125986828,
        "mean_rmse": 103.3558813201627,
        "mean_mae": 58.18734408403345,
        "mean_r2": 0.9822169130338454,
        "median_r2": 0.9947608367986576
      }
    },
    "val": {
      "point_level": {
        "mse": 24774.984375,
        "rmse": 157.4007110595703,
        "mae": 72.23639678955078,
        "r2": 0.9780664015882778,
        "num_points": 41447
      },
      "task_level": {
        "mean_mse": 25463.52367905674,
        "mean_rmse": 122.18606311181617,
        "mean_mae": 73.42697851924987,
        "mean_r2": 0.9756554952677998,
        "median_r2": 0.9915273949307768
      }
    },
    "test": {
      "point_level": {
        "mse": 28834.48046875,
        "rmse": 169.80718994140625,
        "mae": 72.59545135498047,
        "r2": 0.9737427721848402,
        "num_points": 41447
      },
      "task_level": {
        "mean_mse": 29031.752943340885,
        "mean_rmse": 125.3272174311322,
        "mean_mae": 73.31625218110892,
        "mean_r2": 0.9687631636634394,
        "median_r2": 0.990913194300946
      }
    },
    "target_task_count": 8448,
    "parameter_dim": 609
  },
  "one_group_one_network_check": {
    "group_key": [
      "WL",
      "Retention",
      "PEC"
    ],
    "source_task_count": 8448,
    "target_task_count": 8448,
    "source_parameter_rows": 8448,
    "generated_parameter_rows": 8448,
    "target_finetuned_parameter_rows": 8448,
    "parameter_dim": {
      "source": 609,
      "generated": 609,
      "target_finetuned": 609
    },
    "verified": true
  },
  "artifacts": {
    "source_params": "C:\\Users\\lzz\\Desktop\\GPD-master\\GPD-master\\Pretrain\\artifacts\\curve_transfer_batch\\model_4\\full\\tanh_32x16_e140_g100_r1\\source_params.npy",
    "diffusion_samples": "C:\\Users\\lzz\\Desktop\\GPD-master\\GPD-master\\GPD\\Output\\sampleSeq_RealParams_62401.npy",
    "target_finetuned_params": "C:\\Users\\lzz\\Desktop\\GPD-master\\GPD-master\\Pretrain\\artifacts\\curve_transfer_batch\\model_4\\full\\tanh_32x16_e140_g100_r1\\target_finetuned_params.npy",
    "target_metrics_csv": "C:\\Users\\lzz\\Desktop\\GPD-master\\GPD-master\\Pretrain\\artifacts\\curve_transfer_batch\\model_4\\full\\tanh_32x16_e140_g100_r1\\target_task_metrics.csv",
    "target_report_json": "C:\\Users\\lzz\\Desktop\\GPD-master\\GPD-master\\Pretrain\\artifacts\\curve_transfer_batch\\model_4\\full\\tanh_32x16_e140_g100_r1\\target_transfer_report.json",
    "diffusion_samples_snapshot": "C:\\Users\\lzz\\Desktop\\GPD-master\\GPD-master\\Pretrain\\artifacts\\curve_transfer_batch\\model_4\\full\\tanh_32x16_e140_g100_r1\\sampleSeq_RealParams_62401.npy"
  },
  "meta": {
    "model_index": 4,
    "run_kind": "full",
    "stage_name": "full",
    "candidate_name": "tanh_32x16_e140_g100_r1",
    "artifacts_dir": "C:\\Users\\lzz\\Desktop\\GPD-master\\GPD-master\\Pretrain\\artifacts\\curve_transfer_batch\\model_4\\full\\tanh_32x16_e140_g100_r1",
    "effective_source_task_count": 8448,
    "effective_target_task_count": 8448,
    "frac_test_r2_gt_0_9": 0.9451941287878788,
    "frac_test_r2_lt_0": 0.001065340909090909,
    "min_test_r2": -20.479290626180703,
    "p05_test_r2": 0.8920355349345189,
    "point_test_r2": 0.9737427721848402,
    "task_mean_test_r2": 0.9687631636634394
  }
}