{
  "task_count": 8448,
  "train": {
    "point_level": {
      "mse": 19505.87890625,
      "rmse": 139.6634521484375,
      "mae": 57.554725646972656,
      "r2": 0.982178747076496,
      "num_points": 124331
    },
    "task_level": {
      "mean_mse": 19959.07125986828,
      "mean_rmse": 103.3558813201627,
      "mean_mae": 58.18734408403345,
      "mean_r2": 0.9822169130338454,
      "median_r2": 0.9947608367986576
    }
  },
  "val": {
    "point_level": {
      "mse": 24774.984375,
      "rmse": 157.4007110595703,
      "mae": 72.23639678955078,
      "r2": 0.9780664015882778,
      "num_points": 41447
    },
    "task_level": {
      "mean_mse": 25463.52367905674,
      "mean_rmse": 122.18606311181617,
      "mean_mae": 73.42697851924987,
      "mean_r2": 0.9756554952677998,
      "median_r2": 0.9915273949307768
    }
  },
  "test": {
    "point_level": {
      "mse": 28834.48046875,
      "rmse": 169.80718994140625,
      "mae": 72.59545135498047,
      "r2": 0.9737427721848402,
      "num_points": 41447
    },
    "task_level": {
      "mean_mse": 29031.752943340885,
      "mean_rmse": 125.3272174311322,
      "mean_mae": 73.31625218110892,
      "mean_r2": 0.9687631636634394,
      "median_r2": 0.990913194300946
    }
  },
  "target_task_count": 8448,
  "parameter_dim": 609
}