{
  "csv_path": "C:\\Users\\lzz\\Desktop\\GPD-master\\GPD-master\\Data\\split_by_model\\model_5.csv",
  "domain_summary": {
    "csv_path": "C:\\Users\\lzz\\Desktop\\GPD-master\\GPD-master\\Data\\split_by_model\\model_5.csv",
    "source_retentions": [
      1,
      2,
      3
    ],
    "target_retentions": [
      4,
      5,
      6
    ],
    "min_task_points": 12,
    "source_task_count": 8448,
    "target_task_count": 8448,
    "duplicate_condition_step_rows_averaged": 299799,
    "source_num_points_mean": 23.380326704545453,
    "target_num_points_mean": 24.310132575757574,
    "step_scaler_scope": "source_only",
    "condition_scaler_scope": "all_tasks"
  },
  "source_pretrain_summary": {
    "source_task_count": 8448,
    "parameter_dim": 609,
    "mean_train_mse": 5034.829429962357,
    "mean_train_rmse": 45.41270209549464,
    "mean_train_mae": 22.48558209737089,
    "mean_train_r2": 0.9961439291764306
  },
  "target_transfer_report": {
    "task_count": 8448,
    "train": {
      "point_level": {
        "mse": 20862.56640625,
        "rmse": 144.4387969970703,
        "mae": 59.01994705200195,
        "r2": 0.9818171578235485,
        "num_points": 123312
      },
      "task_level": {
        "mean_mse": 21224.47365505836,
        "mean_rmse": 108.37702251063853,
        "mean_mae": 59.545214564579624,
        "mean_r2": 0.9816185184697975,
        "median_r2": 0.9943289847002063
      }
    },
    "val": {
      "point_level": {
        "mse": 28764.30078125,
        "rmse": 169.6004180908203,
        "mae": 77.2569808959961,
        "r2": 0.97474263939672,
        "num_points": 41030
      },
      "task_level": {
        "mean_mse": 29088.953563627027,
        "mean_rmse": 130.30584645197925,
        "mean_mae": 77.99370402425076,
        "mean_r2": 0.9727392951010877,
        "median_r2": 0.9901406716333792
      }
    },
    "test": {
      "point_level": {
        "mse": 31576.05859375,
        "rmse": 177.696533203125,
        "mae": 77.49824523925781,
        "r2": 0.9708072206688118,
        "num_points": 41030
      },
      "task_level": {
        "mean_mse": 31320.832584461325,
        "mean_rmse": 135.17025220821697,
        "mean_mae": 77.5973134812278,
        "mean_r2": 0.9673519379077653,
        "median_r2": 0.9889364033845364
      }
    },
    "target_task_count": 8448,
    "parameter_dim": 609
  },
  "one_group_one_network_check": {
    "group_key": [
      "WL",
      "Retention",
      "PEC"
    ],
    "source_task_count": 8448,
    "target_task_count": 8448,
    "source_parameter_rows": 8448,
    "generated_parameter_rows": 8448,
    "target_finetuned_parameter_rows": 8448,
    "parameter_dim": {
      "source": 609,
      "generated": 609,
      "target_finetuned": 609
    },
    "verified": true
  },
  "artifacts": {
    "source_params": "C:\\Users\\lzz\\Desktop\\GPD-master\\GPD-master\\Pretrain\\artifacts\\curve_transfer_batch\\model_5\\full\\tanh_32x16_e140_g100_r1\\source_params.npy",
    "diffusion_samples": "C:\\Users\\lzz\\Desktop\\GPD-master\\GPD-master\\GPD\\Output\\sampleSeq_RealParams_62501.npy",
    "target_finetuned_params": "C:\\Users\\lzz\\Desktop\\GPD-master\\GPD-master\\Pretrain\\artifacts\\curve_transfer_batch\\model_5\\full\\tanh_32x16_e140_g100_r1\\target_finetuned_params.npy",
    "target_metrics_csv": "C:\\Users\\lzz\\Desktop\\GPD-master\\GPD-master\\Pretrain\\artifacts\\curve_transfer_batch\\model_5\\full\\tanh_32x16_e140_g100_r1\\target_task_metrics.csv",
    "target_report_json": "C:\\Users\\lzz\\Desktop\\GPD-master\\GPD-master\\Pretrain\\artifacts\\curve_transfer_batch\\model_5\\full\\tanh_32x16_e140_g100_r1\\target_transfer_report.json",
    "diffusion_samples_snapshot": "C:\\Users\\lzz\\Desktop\\GPD-master\\GPD-master\\Pretrain\\artifacts\\curve_transfer_batch\\model_5\\full\\tanh_32x16_e140_g100_r1\\sampleSeq_RealParams_62501.npy"
  },
  "meta": {
    "model_index": 5,
    "run_kind": "full",
    "stage_name": "full",
    "candidate_name": "tanh_32x16_e140_g100_r1",
    "artifacts_dir": "C:\\Users\\lzz\\Desktop\\GPD-master\\GPD-master\\Pretrain\\artifacts\\curve_transfer_batch\\model_5\\full\\tanh_32x16_e140_g100_r1",
    "effective_source_task_count": 8448,
    "effective_target_task_count": 8448,
    "frac_test_r2_gt_0_9": 0.9283854166666666,
    "frac_test_r2_lt_0": 0.0008285984848484849,
    "min_test_r2": -0.8932853568112553,
    "p05_test_r2": 0.8730352560038098,
    "point_test_r2": 0.9708072206688118,
    "task_mean_test_r2": 0.9673519379077653
  }
}