{
  "task_count": 8448,
  "train": {
    "point_level": {
      "mse": 20862.56640625,
      "rmse": 144.4387969970703,
      "mae": 59.01994705200195,
      "r2": 0.9818171578235485,
      "num_points": 123312
    },
    "task_level": {
      "mean_mse": 21224.47365505836,
      "mean_rmse": 108.37702251063853,
      "mean_mae": 59.545214564579624,
      "mean_r2": 0.9816185184697975,
      "median_r2": 0.9943289847002063
    }
  },
  "val": {
    "point_level": {
      "mse": 28764.30078125,
      "rmse": 169.6004180908203,
      "mae": 77.2569808959961,
      "r2": 0.97474263939672,
      "num_points": 41030
    },
    "task_level": {
      "mean_mse": 29088.953563627027,
      "mean_rmse": 130.30584645197925,
      "mean_mae": 77.99370402425076,
      "mean_r2": 0.9727392951010877,
      "median_r2": 0.9901406716333792
    }
  },
  "test": {
    "point_level": {
      "mse": 31576.05859375,
      "rmse": 177.696533203125,
      "mae": 77.49824523925781,
      "r2": 0.9708072206688118,
      "num_points": 41030
    },
    "task_level": {
      "mean_mse": 31320.832584461325,
      "mean_rmse": 135.17025220821697,
      "mean_mae": 77.5973134812278,
      "mean_r2": 0.9673519379077653,
      "median_r2": 0.9889364033845364
    }
  },
  "target_task_count": 8448,
  "parameter_dim": 609
}