{
  "task_count": 8448,
  "train": {
    "point_level": {
      "mse": 16432.83984375,
      "rmse": 128.19064331054688,
      "mae": 51.541587829589844,
      "r2": 0.9847127732784584,
      "num_points": 123085
    },
    "task_level": {
      "mean_mse": 16738.072106472842,
      "mean_rmse": 92.32108264503415,
      "mean_mae": 51.88262884508731,
      "mean_r2": 0.9847021687105126,
      "median_r2": 0.9959368229942327
    }
  },
  "val": {
    "point_level": {
      "mse": 20263.015625,
      "rmse": 142.3482208251953,
      "mae": 67.11019134521484,
      "r2": 0.9803982614379616,
      "num_points": 41015
    },
    "task_level": {
      "mean_mse": 20594.480923043408,
      "mean_rmse": 110.76852381403671,
      "mean_mae": 67.88547972475432,
      "mean_r2": 0.9789803052403244,
      "median_r2": 0.9923273802440531
    }
  },
  "test": {
    "point_level": {
      "mse": 21484.65234375,
      "rmse": 146.57643127441406,
      "mae": 67.04287719726562,
      "r2": 0.977158945049664,
      "num_points": 41015
    },
    "task_level": {
      "mean_mse": 21389.61803692647,
      "mean_rmse": 112.28381444886327,
      "mean_mae": 67.29124222599873,
      "mean_r2": 0.9746187667302229,
      "median_r2": 0.9910762442983787
    }
  },
  "target_task_count": 8448,
  "parameter_dim": 609
}