{
  "task_count": 150,
  "train": {
    "point_level": {
      "mse": 13371.783203125,
      "rmse": 115.63642883300781,
      "mae": 52.812931060791016,
      "r2": 0.9880645698078193,
      "num_points": 2125
    },
    "task_level": {
      "mean_mse": 13676.938688354492,
      "mean_rmse": 92.13693798700969,
      "mean_mae": 53.423122857411705,
      "mean_r2": 0.9877535614938955,
      "median_r2": 0.9954505062057892
    }
  },
  "val": {
    "point_level": {
      "mse": 21350.369140625,
      "rmse": 146.11766052246094,
      "mae": 66.32258605957031,
      "r2": 0.9810890374197654,
      "num_points": 702
    },
    "task_level": {
      "mean_mse": 21084.663974202474,
      "mean_rmse": 109.97954562187195,
      "mean_mae": 66.68286355177561,
      "mean_r2": 0.9794234525950164,
      "median_r2": 0.992544662260366
    }
  },
  "test": {
    "point_level": {
      "mse": 21096.029296875,
      "rmse": 145.24472045898438,
      "mae": 65.86112976074219,
      "r2": 0.9805254465125524,
      "num_points": 702
    },
    "task_level": {
      "mean_mse": 20634.760362701418,
      "mean_rmse": 110.25148192723591,
      "mean_mae": 66.05665241559346,
      "mean_r2": 0.9801821292846006,
      "median_r2": 0.9931507936588989
    }
  },
  "target_task_count": 150,
  "parameter_dim": 609
}