{
  "task_count": 150,
  "train": {
    "point_level": {
      "mse": 25154.61328125,
      "rmse": 158.60206604003906,
      "mae": 61.07887268066406,
      "r2": 0.9767380462762739,
      "num_points": 2173
    },
    "task_level": {
      "mean_mse": 25401.377009449006,
      "mean_rmse": 108.35921003659566,
      "mean_mae": 60.95426592906316,
      "mean_r2": 0.9768955785474744,
      "median_r2": 0.9952740053191904
    }
  },
  "val": {
    "point_level": {
      "mse": 27889.8671875,
      "rmse": 167.00259399414062,
      "mae": 74.669921875,
      "r2": 0.9729671721883724,
      "num_points": 726
    },
    "task_level": {
      "mean_mse": 28397.420346323648,
      "mean_rmse": 121.5515578397115,
      "mean_mae": 75.09004210789999,
      "mean_r2": 0.9714261468553942,
      "median_r2": 0.9913405645823935
    }
  },
  "test": {
    "point_level": {
      "mse": 30197.234375,
      "rmse": 173.7735137939453,
      "mae": 76.90699005126953,
      "r2": 0.9674782945227651,
      "num_points": 726
    },
    "task_level": {
      "mean_mse": 29311.455337677,
      "mean_rmse": 127.72877128601074,
      "mean_mae": 76.36819400469462,
      "mean_r2": 0.9671588797312813,
      "median_r2": 0.9886764829848228
    }
  },
  "target_task_count": 150,
  "parameter_dim": 609
}