{
  "csv_path": "C:\\Users\\lzz\\Desktop\\GPD-master\\GPD-master\\Data\\split_by_model\\model_4.csv",
  "domain_summary": {
    "csv_path": "C:\\Users\\lzz\\Desktop\\GPD-master\\GPD-master\\Data\\split_by_model\\model_4.csv",
    "source_retentions": [
      1,
      2,
      3
    ],
    "target_retentions": [
      4,
      5,
      6
    ],
    "min_task_points": 12,
    "source_task_count": 8448,
    "target_task_count": 8448,
    "duplicate_condition_step_rows_averaged": 303852,
    "source_num_points_mean": 23.739583333333332,
    "target_num_points_mean": 24.529474431818183,
    "step_scaler_scope": "source_only",
    "condition_scaler_scope": "all_tasks"
  },
  "source_pretrain_summary": {
    "source_task_count": 150,
    "parameter_dim": 609,
    "mean_train_mse": 3050.951545543671,
    "mean_train_rmse": 48.93251166502635,
    "mean_train_mae": 25.178941729068757,
    "mean_train_r2": 0.9974748293524306
  },
  "target_transfer_report": {
    "task_count": 150,
    "train": {
      "point_level": {
        "mse": 25965.216796875,
        "rmse": 161.13726806640625,
        "mae": 62.04719161987305,
        "r2": 0.976410893737716,
        "num_points": 2213
      },
      "task_level": {
        "mean_mse": 25887.853401082357,
        "mean_rmse": 111.05466427167256,
        "mean_mae": 62.28880808830261,
        "mean_r2": 0.9782293540849448,
        "median_r2": 0.9944131458084216
      }
    },
    "val": {
      "point_level": {
        "mse": 28702.12109375,
        "rmse": 169.41700744628906,
        "mae": 75.10228729248047,
        "r2": 0.9744912976310859,
        "num_points": 724
      },
      "task_level": {
        "mean_mse": 29780.665531692506,
        "mean_rmse": 126.8010843817393,
        "mean_mae": 76.41100419362387,
        "mean_r2": 0.9700564444819302,
        "median_r2": 0.992306855586315
      }
    },
    "test": {
      "point_level": {
        "mse": 28907.408203125,
        "rmse": 170.02178955078125,
        "mae": 74.0248031616211,
        "r2": 0.973457663886337,
        "num_points": 724
      },
      "task_level": {
        "mean_mse": 28943.662639567057,
        "mean_rmse": 125.75169520060221,
        "mean_mae": 74.42238578796386,
        "mean_r2": 0.9673664470823848,
        "median_r2": 0.990894931851958
      }
    },
    "target_task_count": 150,
    "parameter_dim": 609
  },
  "one_group_one_network_check": {
    "group_key": [
      "WL",
      "Retention",
      "PEC"
    ],
    "source_task_count": 150,
    "target_task_count": 150,
    "source_parameter_rows": 150,
    "generated_parameter_rows": 150,
    "target_finetuned_parameter_rows": 150,
    "parameter_dim": {
      "source": 609,
      "generated": 609,
      "target_finetuned": 609
    },
    "verified": true
  },
  "artifacts": {
    "source_params": "C:\\Users\\lzz\\Desktop\\GPD-master\\GPD-master\\Pretrain\\artifacts\\curve_transfer_batch\\model_4\\sample\\tanh_32x16_e140_g100_r1\\source_params.npy",
    "diffusion_samples": "C:\\Users\\lzz\\Desktop\\GPD-master\\GPD-master\\GPD\\Output\\sampleSeq_RealParams_52401.npy",
    "target_finetuned_params": "C:\\Users\\lzz\\Desktop\\GPD-master\\GPD-master\\Pretrain\\artifacts\\curve_transfer_batch\\model_4\\sample\\tanh_32x16_e140_g100_r1\\target_finetuned_params.npy",
    "target_metrics_csv": "C:\\Users\\lzz\\Desktop\\GPD-master\\GPD-master\\Pretrain\\artifacts\\curve_transfer_batch\\model_4\\sample\\tanh_32x16_e140_g100_r1\\target_task_metrics.csv",
    "target_report_json": "C:\\Users\\lzz\\Desktop\\GPD-master\\GPD-master\\Pretrain\\artifacts\\curve_transfer_batch\\model_4\\sample\\tanh_32x16_e140_g100_r1\\target_transfer_report.json",
    "diffusion_samples_snapshot": "C:\\Users\\lzz\\Desktop\\GPD-master\\GPD-master\\Pretrain\\artifacts\\curve_transfer_batch\\model_4\\sample\\tanh_32x16_e140_g100_r1\\sampleSeq_RealParams_52401.npy"
  },
  "meta": {
    "model_index": 4,
    "run_kind": "sample",
    "stage_name": "sample",
    "candidate_name": "tanh_32x16_e140_g100_r1",
    "artifacts_dir": "C:\\Users\\lzz\\Desktop\\GPD-master\\GPD-master\\Pretrain\\artifacts\\curve_transfer_batch\\model_4\\sample\\tanh_32x16_e140_g100_r1",
    "effective_source_task_count": 150,
    "effective_target_task_count": 150,
    "frac_test_r2_gt_0_9": 0.92,
    "frac_test_r2_lt_0": 0.0,
    "min_test_r2": 0.5431842152688133,
    "p05_test_r2": 0.8354594950499377,
    "point_test_r2": 0.973457663886337,
    "task_mean_test_r2": 0.9673664470823848
  }
}