{
  "task_count": 150,
  "train": {
    "point_level": {
      "mse": 25965.216796875,
      "rmse": 161.13726806640625,
      "mae": 62.04719161987305,
      "r2": 0.976410893737716,
      "num_points": 2213
    },
    "task_level": {
      "mean_mse": 25887.853401082357,
      "mean_rmse": 111.05466427167256,
      "mean_mae": 62.28880808830261,
      "mean_r2": 0.9782293540849448,
      "median_r2": 0.9944131458084216
    }
  },
  "val": {
    "point_level": {
      "mse": 28702.12109375,
      "rmse": 169.41700744628906,
      "mae": 75.10228729248047,
      "r2": 0.9744912976310859,
      "num_points": 724
    },
    "task_level": {
      "mean_mse": 29780.665531692506,
      "mean_rmse": 126.8010843817393,
      "mean_mae": 76.41100419362387,
      "mean_r2": 0.9700564444819302,
      "median_r2": 0.992306855586315
    }
  },
  "test": {
    "point_level": {
      "mse": 28907.408203125,
      "rmse": 170.02178955078125,
      "mae": 74.0248031616211,
      "r2": 0.973457663886337,
      "num_points": 724
    },
    "task_level": {
      "mean_mse": 28943.662639567057,
      "mean_rmse": 125.75169520060221,
      "mean_mae": 74.42238578796386,
      "mean_r2": 0.9673664470823848,
      "median_r2": 0.990894931851958
    }
  },
  "target_task_count": 150,
  "parameter_dim": 609
}