{
  "csv_path": "C:\\Users\\lzz\\Desktop\\GPD-master\\GPD-master\\Data\\split_by_model\\model_7.csv",
  "domain_summary": {
    "csv_path": "C:\\Users\\lzz\\Desktop\\GPD-master\\GPD-master\\Data\\split_by_model\\model_7.csv",
    "source_retentions": [
      1,
      2,
      3
    ],
    "target_retentions": [
      4,
      5,
      6
    ],
    "min_task_points": 12,
    "source_task_count": 8448,
    "target_task_count": 8448,
    "duplicate_condition_step_rows_averaged": 309236,
    "source_num_points_mean": 23.919625946969695,
    "target_num_points_mean": 25.1328125,
    "step_scaler_scope": "source_only",
    "condition_scaler_scope": "all_tasks"
  },
  "source_pretrain_summary": {
    "source_task_count": 150,
    "parameter_dim": 609,
    "mean_train_mse": 1590.7575465770067,
    "mean_train_rmse": 32.626476051211355,
    "mean_train_mae": 15.872690834303697,
    "mean_train_r2": 0.9985702775547748
  },
  "target_transfer_report": {
    "task_count": 150,
    "train": {
      "point_level": {
        "mse": 14069.6552734375,
        "rmse": 118.6155776977539,
        "mae": 51.7808952331543,
        "r2": 0.9860323080618052,
        "num_points": 2250
      },
      "task_level": {
        "mean_mse": 14635.452091812565,
        "mean_rmse": 93.85610341628393,
        "mean_mae": 52.970797149787344,
        "mean_r2": 0.9861303342903883,
        "median_r2": 0.994661813304174
      }
    },
    "val": {
      "point_level": {
        "mse": 20976.814453125,
        "rmse": 144.833740234375,
        "mae": 69.3156967163086,
        "r2": 0.9786645095741788,
        "num_points": 756
      },
      "task_level": {
        "mean_mse": 21690.445386962892,
        "mean_rmse": 116.08382040659586,
        "mean_mae": 70.64110142389933,
        "mean_r2": 0.9779105565980285,
        "median_r2": 0.9905706940749317
      }
    },
    "test": {
      "point_level": {
        "mse": 23929.021484375,
        "rmse": 154.69007873535156,
        "mae": 72.83131408691406,
        "r2": 0.9743326936918921,
        "num_points": 756
      },
      "task_level": {
        "mean_mse": 23970.80073261261,
        "mean_rmse": 122.40150312741598,
        "mean_mae": 73.74665870030721,
        "mean_r2": 0.9703113169739851,
        "median_r2": 0.9882869905459113
      }
    },
    "target_task_count": 150,
    "parameter_dim": 609
  },
  "one_group_one_network_check": {
    "group_key": [
      "WL",
      "Retention",
      "PEC"
    ],
    "source_task_count": 150,
    "target_task_count": 150,
    "source_parameter_rows": 150,
    "generated_parameter_rows": 150,
    "target_finetuned_parameter_rows": 150,
    "parameter_dim": {
      "source": 609,
      "generated": 609,
      "target_finetuned": 609
    },
    "verified": true
  },
  "artifacts": {
    "source_params": "C:\\Users\\lzz\\Desktop\\GPD-master\\GPD-master\\Pretrain\\artifacts\\curve_transfer_batch\\model_7\\sample\\tanh_32x16_e140_g100_r1\\source_params.npy",
    "diffusion_samples": "C:\\Users\\lzz\\Desktop\\GPD-master\\GPD-master\\GPD\\Output\\sampleSeq_RealParams_52701.npy",
    "target_finetuned_params": "C:\\Users\\lzz\\Desktop\\GPD-master\\GPD-master\\Pretrain\\artifacts\\curve_transfer_batch\\model_7\\sample\\tanh_32x16_e140_g100_r1\\target_finetuned_params.npy",
    "target_metrics_csv": "C:\\Users\\lzz\\Desktop\\GPD-master\\GPD-master\\Pretrain\\artifacts\\curve_transfer_batch\\model_7\\sample\\tanh_32x16_e140_g100_r1\\target_task_metrics.csv",
    "target_report_json": "C:\\Users\\lzz\\Desktop\\GPD-master\\GPD-master\\Pretrain\\artifacts\\curve_transfer_batch\\model_7\\sample\\tanh_32x16_e140_g100_r1\\target_transfer_report.json",
    "diffusion_samples_snapshot": "C:\\Users\\lzz\\Desktop\\GPD-master\\GPD-master\\Pretrain\\artifacts\\curve_transfer_batch\\model_7\\sample\\tanh_32x16_e140_g100_r1\\sampleSeq_RealParams_52701.npy"
  },
  "meta": {
    "model_index": 7,
    "run_kind": "sample",
    "stage_name": "sample",
    "candidate_name": "tanh_32x16_e140_g100_r1",
    "artifacts_dir": "C:\\Users\\lzz\\Desktop\\GPD-master\\GPD-master\\Pretrain\\artifacts\\curve_transfer_batch\\model_7\\sample\\tanh_32x16_e140_g100_r1",
    "effective_source_task_count": 150,
    "effective_target_task_count": 150,
    "frac_test_r2_gt_0_9": 0.9333333333333333,
    "frac_test_r2_lt_0": 0.0,
    "min_test_r2": 0.6609515437656929,
    "p05_test_r2": 0.8881213326441781,
    "point_test_r2": 0.9743326936918921,
    "task_mean_test_r2": 0.9703113169739851
  }
}