{
  "task_count": 150,
  "train": {
    "point_level": {
      "mse": 14069.6552734375,
      "rmse": 118.6155776977539,
      "mae": 51.7808952331543,
      "r2": 0.9860323080618052,
      "num_points": 2250
    },
    "task_level": {
      "mean_mse": 14635.452091812565,
      "mean_rmse": 93.85610341628393,
      "mean_mae": 52.970797149787344,
      "mean_r2": 0.9861303342903883,
      "median_r2": 0.994661813304174
    }
  },
  "val": {
    "point_level": {
      "mse": 20976.814453125,
      "rmse": 144.833740234375,
      "mae": 69.3156967163086,
      "r2": 0.9786645095741788,
      "num_points": 756
    },
    "task_level": {
      "mean_mse": 21690.445386962892,
      "mean_rmse": 116.08382040659586,
      "mean_mae": 70.64110142389933,
      "mean_r2": 0.9779105565980285,
      "median_r2": 0.9905706940749317
    }
  },
  "test": {
    "point_level": {
      "mse": 23929.021484375,
      "rmse": 154.69007873535156,
      "mae": 72.83131408691406,
      "r2": 0.9743326936918921,
      "num_points": 756
    },
    "task_level": {
      "mean_mse": 23970.80073261261,
      "mean_rmse": 122.40150312741598,
      "mean_mae": 73.74665870030721,
      "mean_r2": 0.9703113169739851,
      "median_r2": 0.9882869905459113
    }
  },
  "target_task_count": 150,
  "parameter_dim": 609
}