{
  "csv_path": "C:\\Users\\lzz\\Desktop\\GPD-master\\GPD-master\\Data\\split_by_model\\model_2.csv",
  "domain_summary": {
    "csv_path": "C:\\Users\\lzz\\Desktop\\GPD-master\\GPD-master\\Data\\split_by_model\\model_2.csv",
    "source_retentions": [
      1,
      2,
      3
    ],
    "target_retentions": [
      4,
      5,
      6
    ],
    "min_task_points": 12,
    "source_task_count": 8448,
    "target_task_count": 8448,
    "duplicate_condition_step_rows_averaged": 270434,
    "source_num_points_mean": 20.144176136363637,
    "target_num_points_mean": 20.889322916666668,
    "step_scaler_scope": "source_only",
    "condition_scaler_scope": "all_tasks"
  },
  "source_pretrain_summary": {
    "source_task_count": 8448,
    "parameter_dim": 609,
    "mean_train_mse": 4946.25727403322,
    "mean_train_rmse": 53.175239899753116,
    "mean_train_mae": 29.891329307380754,
    "mean_train_r2": 0.9959903354410289
  },
  "target_transfer_report": {
    "task_count": 8448,
    "train": {
      "point_level": {
        "mse": 16459.970703125,
        "rmse": 128.29641723632812,
        "mae": 57.461360931396484,
        "r2": 0.9866514893584363,
        "num_points": 106809
      },
      "task_level": {
        "mean_mse": 16508.806789613387,
        "mean_rmse": 95.94497466923768,
        "mean_mae": 57.58385587414853,
        "mean_r2": 0.9867323429882583,
        "median_r2": 0.9959015368410067
      }
    },
    "val": {
      "point_level": {
        "mse": 19049.72265625,
        "rmse": 138.02073669433594,
        "mae": 72.06153869628906,
        "r2": 0.9826118007408966,
        "num_points": 34832
      },
      "task_level": {
        "mean_mse": 19233.39577355401,
        "mean_rmse": 109.76549572092622,
        "mean_mae": 72.37464696085645,
        "mean_r2": 0.9770869837904701,
        "median_r2": 0.992308123767917
      }
    },
    "test": {
      "point_level": {
        "mse": 21963.2734375,
        "rmse": 148.2001190185547,
        "mae": 73.7151870727539,
        "r2": 0.9747341313721908,
        "num_points": 34832
      },
      "task_level": {
        "mean_mse": 22153.067202237264,
        "mean_rmse": 113.14077727293426,
        "mean_mae": 74.00325089158264,
        "mean_r2": 0.9752509173264761,
        "median_r2": 0.9907587055684552
      }
    },
    "target_task_count": 8448,
    "parameter_dim": 609
  },
  "one_group_one_network_check": {
    "group_key": [
      "WL",
      "Retention",
      "PEC"
    ],
    "source_task_count": 8448,
    "target_task_count": 8448,
    "source_parameter_rows": 8448,
    "generated_parameter_rows": 8448,
    "target_finetuned_parameter_rows": 8448,
    "parameter_dim": {
      "source": 609,
      "generated": 609,
      "target_finetuned": 609
    },
    "verified": true
  },
  "artifacts": {
    "source_params": "C:\\Users\\lzz\\Desktop\\GPD-master\\GPD-master\\Pretrain\\artifacts\\curve_transfer_batch\\model_2\\full\\tanh_32x16_e140_g100_r1\\source_params.npy",
    "diffusion_samples": "C:\\Users\\lzz\\Desktop\\GPD-master\\GPD-master\\GPD\\Output\\sampleSeq_RealParams_62201.npy",
    "target_finetuned_params": "C:\\Users\\lzz\\Desktop\\GPD-master\\GPD-master\\Pretrain\\artifacts\\curve_transfer_batch\\model_2\\full\\tanh_32x16_e140_g100_r1\\target_finetuned_params.npy",
    "target_metrics_csv": "C:\\Users\\lzz\\Desktop\\GPD-master\\GPD-master\\Pretrain\\artifacts\\curve_transfer_batch\\model_2\\full\\tanh_32x16_e140_g100_r1\\target_task_metrics.csv",
    "target_report_json": "C:\\Users\\lzz\\Desktop\\GPD-master\\GPD-master\\Pretrain\\artifacts\\curve_transfer_batch\\model_2\\full\\tanh_32x16_e140_g100_r1\\target_transfer_report.json",
    "diffusion_samples_snapshot": "C:\\Users\\lzz\\Desktop\\GPD-master\\GPD-master\\Pretrain\\artifacts\\curve_transfer_batch\\model_2\\full\\tanh_32x16_e140_g100_r1\\sampleSeq_RealParams_62201.npy"
  },
  "meta": {
    "model_index": 2,
    "run_kind": "full",
    "stage_name": "full",
    "candidate_name": "tanh_32x16_e140_g100_r1",
    "artifacts_dir": "C:\\Users\\lzz\\Desktop\\GPD-master\\GPD-master\\Pretrain\\artifacts\\curve_transfer_batch\\model_2\\full\\tanh_32x16_e140_g100_r1",
    "effective_source_task_count": 8448,
    "effective_target_task_count": 8448,
    "frac_test_r2_gt_0_9": 0.9481534090909091,
    "frac_test_r2_lt_0": 0.00011837121212121212,
    "min_test_r2": -0.088198613739455,
    "p05_test_r2": 0.8980042735238639,
    "point_test_r2": 0.9747341313721908,
    "task_mean_test_r2": 0.9752509173264761
  }
}