{
  "task_count": 8448,
  "train": {
    "point_level": {
      "mse": 16459.970703125,
      "rmse": 128.29641723632812,
      "mae": 57.461360931396484,
      "r2": 0.9866514893584363,
      "num_points": 106809
    },
    "task_level": {
      "mean_mse": 16508.806789613387,
      "mean_rmse": 95.94497466923768,
      "mean_mae": 57.58385587414853,
      "mean_r2": 0.9867323429882583,
      "median_r2": 0.9959015368410067
    }
  },
  "val": {
    "point_level": {
      "mse": 19049.72265625,
      "rmse": 138.02073669433594,
      "mae": 72.06153869628906,
      "r2": 0.9826118007408966,
      "num_points": 34832
    },
    "task_level": {
      "mean_mse": 19233.39577355401,
      "mean_rmse": 109.76549572092622,
      "mean_mae": 72.37464696085645,
      "mean_r2": 0.9770869837904701,
      "median_r2": 0.992308123767917
    }
  },
  "test": {
    "point_level": {
      "mse": 21963.2734375,
      "rmse": 148.2001190185547,
      "mae": 73.7151870727539,
      "r2": 0.9747341313721908,
      "num_points": 34832
    },
    "task_level": {
      "mean_mse": 22153.067202237264,
      "mean_rmse": 113.14077727293426,
      "mean_mae": 74.00325089158264,
      "mean_r2": 0.9752509173264761,
      "median_r2": 0.9907587055684552
    }
  },
  "target_task_count": 8448,
  "parameter_dim": 609
}